{
	"credit": "Made with Blockbench",
	"textures": {
		"0": "block/barrel_bottom",
		"1": "block/barrel_side",
		"2": "block/barrel_top_open",
		"particle": "block/barrel_bottom"
	},
	"elements": [
		{
			"from": [-1, 3, -1],
			"to": [17, 5, 0],
			"rotation": {"angle": 0, "axis": "y", "origin": [0, 3, -2]},
			"faces": {
				"north": {"uv": [0, 11, 16, 13], "texture": "#1"},
				"east": {"uv": [0, 11, 1, 13], "texture": "#1"},
				"south": {"uv": [0, 11, 16, 13], "texture": "#1"},
				"west": {"uv": [15, 11, 16, 13], "texture": "#1"},
				"up": {"uv": [0, 11, 16, 12], "texture": "#1"},
				"down": {"uv": [0, 12, 16, 13], "texture": "#1"}
			}
		},
		{
			"from": [-1, 3, -1],
			"to": [0, 5, 17],
			"rotation": {"angle": 0, "axis": "y", "origin": [1, 3, 0]},
			"faces": {
				"north": {"uv": [15, 11, 16, 13], "texture": "#1"},
				"east": {"uv": [0, 11, 16, 13], "texture": "#1"},
				"south": {"uv": [0, 11, 1, 13], "texture": "#1"},
				"west": {"uv": [0, 11, 16, 13], "texture": "#1"},
				"up": {"uv": [0, 11, 16, 12], "rotation": 90, "texture": "#1"},
				"down": {"uv": [0, 12, 16, 13], "rotation": 270, "texture": "#1"}
			}
		},
		{
			"from": [16, 3, -1],
			"to": [17, 5, 17],
			"rotation": {"angle": 0, "axis": "y", "origin": [18, 3, 0]},
			"faces": {
				"north": {"uv": [15, 11, 16, 13], "texture": "#1"},
				"east": {"uv": [0, 11, 16, 13], "texture": "#1"},
				"south": {"uv": [0, 11, 1, 13], "texture": "#1"},
				"west": {"uv": [0, 11, 16, 13], "texture": "#1"},
				"up": {"uv": [0, 11, 16, 12], "rotation": 90, "texture": "#1"},
				"down": {"uv": [0, 12, 16, 13], "rotation": 270, "texture": "#1"}
			}
		},
		{
			"from": [-1, 3, 16],
			"to": [17, 5, 17],
			"rotation": {"angle": 0, "axis": "y", "origin": [0, 3, 15]},
			"faces": {
				"north": {"uv": [0, 11, 16, 13], "texture": "#1"},
				"east": {"uv": [0, 11, 1, 13], "texture": "#1"},
				"south": {"uv": [0, 11, 16, 13], "texture": "#1"},
				"west": {"uv": [15, 11, 16, 13], "texture": "#1"},
				"up": {"uv": [0, 11, 16, 12], "texture": "#1"},
				"down": {"uv": [0, 12, 16, 13], "texture": "#1"}
			}
		},
		{
			"from": [-1, 11, -1],
			"to": [17, 13, 0],
			"rotation": {"angle": 0, "axis": "y", "origin": [0, 11, -2]},
			"faces": {
				"north": {"uv": [0, 11, 16, 13], "texture": "#1"},
				"east": {"uv": [0, 11, 1, 13], "texture": "#1"},
				"south": {"uv": [0, 11, 16, 13], "texture": "#1"},
				"west": {"uv": [15, 11, 16, 13], "texture": "#1"},
				"up": {"uv": [0, 11, 16, 12], "texture": "#1"},
				"down": {"uv": [0, 12, 16, 13], "texture": "#1"}
			}
		},
		{
			"from": [-1, 11, -1],
			"to": [0, 13, 17],
			"rotation": {"angle": 0, "axis": "y", "origin": [1, 11, 0]},
			"faces": {
				"north": {"uv": [15, 11, 16, 13], "texture": "#1"},
				"east": {"uv": [0, 11, 16, 13], "texture": "#1"},
				"south": {"uv": [0, 11, 1, 13], "texture": "#1"},
				"west": {"uv": [0, 11, 16, 13], "texture": "#1"},
				"up": {"uv": [0, 11, 16, 12], "rotation": 90, "texture": "#1"},
				"down": {"uv": [0, 12, 16, 13], "rotation": 270, "texture": "#1"}
			}
		},
		{
			"from": [16, 11, -1],
			"to": [17, 13, 17],
			"rotation": {"angle": 0, "axis": "y", "origin": [18, 11, 0]},
			"faces": {
				"north": {"uv": [15, 11, 16, 13], "texture": "#1"},
				"east": {"uv": [0, 11, 16, 13], "texture": "#1"},
				"south": {"uv": [0, 11, 1, 13], "texture": "#1"},
				"west": {"uv": [0, 11, 16, 13], "texture": "#1"},
				"up": {"uv": [0, 11, 16, 12], "rotation": 90, "texture": "#1"},
				"down": {"uv": [0, 12, 16, 13], "rotation": 270, "texture": "#1"}
			}
		},
		{
			"from": [-1, 11, 16],
			"to": [17, 13, 17],
			"rotation": {"angle": 0, "axis": "y", "origin": [0, 11, 15]},
			"faces": {
				"north": {"uv": [0, 11, 16, 13], "texture": "#1"},
				"east": {"uv": [0, 11, 1, 13], "texture": "#1"},
				"south": {"uv": [0, 11, 16, 13], "texture": "#1"},
				"west": {"uv": [15, 11, 16, 13], "texture": "#1"},
				"up": {"uv": [0, 11, 16, 12], "texture": "#1"},
				"down": {"uv": [0, 12, 16, 13], "texture": "#1"}
			}
		},
		{
			"from": [0, 0, 0],
			"to": [16, 16, 1],
			"faces": {
				"north": {"uv": [0, 0, 16, 16], "texture": "#1"},
				"east": {"uv": [15, 0, 16, 16], "texture": "#1"},
				"south": {"uv": [0, 0, 16, 16], "texture": "#1"},
				"west": {"uv": [0, 0, 1, 16], "texture": "#1"},
				"up": {"uv": [0, 15, 16, 16], "texture": "#2"},
				"down": {"uv": [0, 0, 16, 1], "rotation": 180, "texture": "#0"}
			}
		},
		{
			"from": [0, 0, 0],
			"to": [1, 16, 16],
			"rotation": {"angle": 0, "axis": "y", "origin": [1, 0, 0]},
			"faces": {
				"north": {"uv": [15, 0, 16, 16], "texture": "#1"},
				"east": {"uv": [0, 0, 16, 16], "texture": "#1"},
				"south": {"uv": [0, 0, 1, 16], "texture": "#1"},
				"west": {"uv": [0, 0, 16, 16], "texture": "#1"},
				"up": {"uv": [0, 0, 1, 16], "texture": "#2"},
				"down": {"uv": [15, 0, 16, 16], "rotation": 180, "texture": "#0"}
			}
		},
		{
			"from": [15, 0, 0],
			"to": [16, 16, 16],
			"rotation": {"angle": 0, "axis": "y", "origin": [16, 0, 0]},
			"faces": {
				"north": {"uv": [0, 0, 1, 16], "texture": "#1"},
				"east": {"uv": [0, 0, 16, 16], "texture": "#1"},
				"south": {"uv": [15, 0, 16, 16], "texture": "#1"},
				"west": {"uv": [0, 0, 16, 16], "texture": "#1"},
				"up": {"uv": [15, 0, 16, 16], "texture": "#2"},
				"down": {"uv": [0, 0, 1, 16], "rotation": 180, "texture": "#0"}
			}
		},
		{
			"from": [0, 0, 15],
			"to": [16, 16, 16],
			"rotation": {"angle": 0, "axis": "y", "origin": [0, 0, 15]},
			"faces": {
				"north": {"uv": [0, 0, 16, 16], "texture": "#1"},
				"east": {"uv": [0, 0, 1, 16], "texture": "#1"},
				"south": {"uv": [0, 0, 16, 16], "texture": "#1"},
				"west": {"uv": [15, 0, 16, 16], "texture": "#1"},
				"up": {"uv": [0, 0, 16, 1], "texture": "#2"},
				"down": {"uv": [0, 15, 16, 16], "rotation": 180, "texture": "#0"}
			}
		},
		{
			"from": [0, 0, 0],
			"to": [16, 1, 16],
			"rotation": {"angle": 0, "axis": "x", "origin": [0, 0, 16]},
			"faces": {
				"north": {"uv": [0, 15, 16, 16], "texture": "#1"},
				"east": {"uv": [0, 15, 16, 16], "texture": "#1"},
				"south": {"uv": [0, 15, 16, 16], "texture": "#1"},
				"west": {"uv": [0, 15, 16, 16], "texture": "#1"},
				"up": {"uv": [0, 0, 16, 16], "texture": "#0"},
				"down": {"uv": [0, 0, 16, 16], "rotation": 180, "texture": "#0"}
			}
		},
		{
			"from": [0, 14, 0],
			"to": [16, 15, 16],
			"rotation": {"angle": 0, "axis": "x", "origin": [0, 14, 16]},
			"faces": {
				"north": {"uv": [0, 15, 16, 16], "texture": "#1"},
				"east": {"uv": [0, 15, 16, 16], "texture": "#1"},
				"south": {"uv": [0, 15, 16, 16], "texture": "#1"},
				"west": {"uv": [0, 15, 16, 16], "texture": "#1"},
				"up": {"uv": [0, 0, 16, 16], "texture": "#2"},
				"down": {"uv": [0, 0, 16, 16], "rotation": 180, "texture": "#2"}
			}
		},
		{
			"from": [0, 15, 14],
			"to": [16, 15.5, 15],
			"rotation": {"angle": 0, "axis": "x", "origin": [0, 15, 16]},
			"faces": {
				"north": {"uv": [0, 14, 16, 15], "texture": "#2"},
				"up": {"uv": [0, 14, 16, 15], "texture": "#2"}
			}
		},
		{
			"from": [0, 15, 1],
			"to": [16, 15.5, 2],
			"rotation": {"angle": 0, "axis": "x", "origin": [0, 15, 3]},
			"faces": {
				"south": {"uv": [0, 1, 16, 2], "texture": "#2"},
				"up": {"uv": [0, 1, 16, 2], "texture": "#2"}
			}
		},
		{
			"from": [2, 15, 2],
			"to": [4, 15.5, 3],
			"rotation": {"angle": 0, "axis": "x", "origin": [0, 15, 4]},
			"faces": {
				"east": {"uv": [3, 2, 4, 3], "texture": "#2"},
				"south": {"uv": [2, 2, 4, 3], "texture": "#2"},
				"up": {"uv": [2, 2, 4, 3], "texture": "#2"}
			}
		},
		{
			"from": [2, 15, 3],
			"to": [3, 15.5, 4],
			"rotation": {"angle": 0, "axis": "x", "origin": [0, 15, 5]},
			"faces": {
				"east": {"uv": [2, 3, 3, 4], "texture": "#2"},
				"south": {"uv": [2, 3, 3, 4], "texture": "#2"},
				"up": {"uv": [2, 3, 3, 4], "texture": "#2"}
			}
		},
		{
			"from": [2, 15, 13],
			"to": [4, 15.5, 14],
			"rotation": {"angle": 0, "axis": "x", "origin": [0, 15, 15]},
			"faces": {
				"east": {"uv": [3, 2, 4, 3], "texture": "#2"},
				"south": {"uv": [2, 2, 4, 3], "texture": "#2"},
				"up": {"uv": [2, 2, 4, 3], "texture": "#2"}
			}
		},
		{
			"from": [2, 15, 12],
			"to": [3, 15.5, 13],
			"rotation": {"angle": 0, "axis": "x", "origin": [0, 15, 14]},
			"faces": {
				"east": {"uv": [2, 3, 3, 4], "texture": "#2"},
				"south": {"uv": [2, 3, 3, 4], "texture": "#2"},
				"up": {"uv": [2, 3, 3, 4], "texture": "#2"}
			}
		},
		{
			"from": [13, 15, 3],
			"to": [14, 15.5, 4],
			"rotation": {"angle": 0, "axis": "x", "origin": [11, 15, 5]},
			"faces": {
				"south": {"uv": [13, 3, 14, 4], "texture": "#2"},
				"west": {"uv": [13, 3, 14, 4], "texture": "#2"},
				"up": {"uv": [13, 3, 14, 4], "texture": "#2"}
			}
		},
		{
			"from": [12, 15, 2],
			"to": [14, 15.5, 3],
			"rotation": {"angle": 0, "axis": "x", "origin": [10, 15, 4]},
			"faces": {
				"south": {"uv": [12, 2, 14, 3], "texture": "#2"},
				"west": {"uv": [12, 2, 13, 3], "texture": "#2"},
				"up": {"uv": [12, 2, 14, 3], "texture": "#2"}
			}
		},
		{
			"from": [12, 15, 13],
			"to": [14, 15.5, 14],
			"rotation": {"angle": 0, "axis": "y", "origin": [10, 15, 15]},
			"faces": {
				"south": {"uv": [12, 2, 14, 3], "texture": "#2"},
				"west": {"uv": [12, 2, 13, 3], "texture": "#2"},
				"up": {"uv": [12, 2, 14, 3], "texture": "#2"}
			}
		},
		{
			"from": [13, 15, 12],
			"to": [14, 15.5, 13],
			"rotation": {"angle": 0, "axis": "y", "origin": [11, 15, 14]},
			"faces": {
				"south": {"uv": [13, 3, 14, 4], "texture": "#2"},
				"west": {"uv": [13, 3, 14, 4], "texture": "#2"},
				"up": {"uv": [13, 3, 14, 4], "texture": "#2"}
			}
		},
		{
			"from": [14, 15, 0],
			"to": [15, 15.5, 16],
			"rotation": {"angle": 0, "axis": "y", "origin": [13, 15, 0]},
			"faces": {
				"west": {"uv": [14, 0, 15, 16], "rotation": 270, "texture": "#2"},
				"up": {"uv": [14, 0, 15, 16], "texture": "#2"}
			}
		},
		{
			"from": [1, 15, 0],
			"to": [2, 15.5, 16],
			"rotation": {"angle": 0, "axis": "y", "origin": [0, 15, 0]},
			"faces": {
				"east": {"uv": [1, 0, 2, 16], "rotation": 90, "texture": "#2"},
				"up": {"uv": [1, 0, 2, 16], "texture": "#2"}
			}
		}
	],
	"groups": [
		{
			"name": "Down",
			"origin": [0, 3, 15],
			"color": 0,
			"children": [0, 1, 2, 3]
		},
		{
			"name": "Up",
			"origin": [0, 3, 15],
			"color": 0,
			"children": [4, 5, 6, 7]
		},
		8,
		9,
		10,
		11,
		12,
		13,
		14,
		15,
		16,
		17,
		18,
		19,
		20,
		21,
		22,
		23,
		24,
		25
	]
}