{
	"credit": "Made with Blockbench",
	"textures": {
		"0": "minecraft:block/bookshelf",
		"1": "minecraft:block/oak_planks",
		"particle": "minecraft:block/bookshelf"
	},
	"elements": [
		{
			"from": [0, 15, 0],
			"to": [16, 16, 16],
			"faces": {
				"north": {"uv": [0, 15, 16, 16], "texture": "#0"},
				"east": {"uv": [0, 15, 16, 16], "texture": "#0"},
				"south": {"uv": [0, 15, 16, 16], "texture": "#0"},
				"west": {"uv": [0, 15, 16, 16], "texture": "#0"},
				"up": {"uv": [0, 0, 16, 16], "texture": "#1"},
				"down": {"uv": [0, 0, 16, 16], "texture": "#1"}
			}
		},
		{
			"from": [15, 1, 15],
			"to": [16, 15, 16],
			"faces": {
				"north": {"uv": [0, 1, 1, 15], "texture": "#0"},
				"east": {"uv": [0, 1, 1, 15], "texture": "#0"},
				"south": {"uv": [15, 1, 16, 15], "texture": "#0"},
				"west": {"uv": [0, 1, 1, 15], "texture": "#0"},
				"up": {"uv": [0, 1, 1, 2], "texture": "#0"},
				"down": {"uv": [0, 14, 1, 15], "texture": "#0"}
			}
		},
		{
			"from": [15, 1, 0],
			"to": [16, 15, 1],
			"faces": {
				"north": {"uv": [0, 1, 1, 15], "texture": "#0"},
				"east": {"uv": [15, 1, 16, 15], "texture": "#0"},
				"south": {"uv": [0, 1, 1, 15], "texture": "#0"},
				"west": {"uv": [0, 1, 1, 15], "texture": "#0"},
				"up": {"uv": [0, 1, 1, 2], "texture": "#0"},
				"down": {"uv": [0, 14, 1, 15], "texture": "#0"}
			}
		},
		{
			"from": [0, 1, 15],
			"to": [1, 15, 16],
			"faces": {
				"north": {"uv": [0, 1, 1, 15], "texture": "#0"},
				"east": {"uv": [0, 1, 1, 15], "texture": "#0"},
				"south": {"uv": [0, 1, 1, 15], "texture": "#0"},
				"west": {"uv": [15, 1, 16, 15], "texture": "#0"},
				"up": {"uv": [0, 1, 1, 2], "texture": "#0"},
				"down": {"uv": [0, 14, 1, 15], "texture": "#0"}
			}
		},
		{
			"from": [0, 0, 0],
			"to": [16, 1, 16],
			"faces": {
				"north": {"uv": [0, 15, 16, 16], "texture": "#0"},
				"east": {"uv": [0, 15, 16, 16], "texture": "#0"},
				"south": {"uv": [0, 15, 16, 16], "texture": "#0"},
				"west": {"uv": [0, 15, 16, 16], "texture": "#0"},
				"up": {"uv": [0, 0, 16, 16], "texture": "#1"},
				"down": {"uv": [0, 0, 16, 16], "texture": "#1"}
			}
		},
		{
			"from": [0, 1, 0],
			"to": [1, 15, 1],
			"faces": {
				"north": {"uv": [15, 1, 16, 15], "texture": "#0"},
				"east": {"uv": [0, 1, 1, 15], "texture": "#0"},
				"south": {"uv": [0, 1, 1, 15], "texture": "#0"},
				"west": {"uv": [0, 1, 1, 15], "texture": "#0"},
				"up": {"uv": [0, 1, 1, 2], "texture": "#0"},
				"down": {"uv": [0, 14, 1, 15], "texture": "#0"}
			}
		},
		{
			"from": [0, 7, 0],
			"to": [16, 9, 16],
			"faces": {
				"north": {"uv": [0, 7, 16, 9], "texture": "#0"},
				"east": {"uv": [0, 7, 16, 9], "texture": "#0"},
				"south": {"uv": [0, 7, 16, 9], "texture": "#0"},
				"west": {"uv": [0, 7, 16, 9], "texture": "#0"},
				"up": {"uv": [0, 0, 16, 16], "texture": "#1"},
				"down": {"uv": [0, 0, 16, 16], "texture": "#1"}
			}
		},
		{
			"from": [3, 1, 3],
			"to": [13, 7, 13],
			"faces": {
				"north": {"uv": [3, 9, 13, 15], "texture": "#0"},
				"east": {"uv": [3, 9, 13, 15], "texture": "#0"},
				"south": {"uv": [3, 9, 13, 15], "texture": "#0"},
				"west": {"uv": [3, 9, 13, 15], "texture": "#0"},
				"up": {"uv": [0, 0, 10, 10], "texture": "#0"},
				"down": {"uv": [0, 0, 10, 10], "texture": "#0"}
			}
		},
		{
			"from": [3, 9, 3],
			"to": [13, 15, 13],
			"faces": {
				"north": {"uv": [3, 1, 13, 7], "texture": "#0"},
				"east": {"uv": [3, 1, 13, 7], "texture": "#0"},
				"south": {"uv": [3, 1, 13, 7], "texture": "#0"},
				"west": {"uv": [3, 1, 13, 7], "texture": "#0"},
				"up": {"uv": [0, 0, 10, 10], "texture": "#0"},
				"down": {"uv": [0, 0, 10, 10], "texture": "#0"}
			}
		},
		{
			"from": [13, 1, 12],
			"to": [16, 5, 13],
			"faces": {
				"north": {"uv": [3, 11, 6, 15], "texture": "#0"},
				"east": {"uv": [3, 11, 4, 15], "texture": "#0"},
				"south": {"uv": [3, 11, 6, 15], "texture": "#0"},
				"west": {"uv": [3, 11, 4, 15], "texture": "#0"},
				"up": {"uv": [3, 11, 4, 14], "rotation": 90, "texture": "#0"},
				"down": {"uv": [3, 11, 6, 12], "texture": "#0"}
			}
		},
		{
			"from": [13, 1, 13],
			"to": [16, 6, 15],
			"faces": {
				"north": {"uv": [1, 10, 3, 15], "texture": "#0"},
				"east": {"uv": [1, 10, 3, 15], "texture": "#0"},
				"south": {"uv": [1, 10, 3, 15], "texture": "#0"},
				"west": {"uv": [1, 10, 3, 15], "texture": "#0"},
				"up": {"uv": [1, 10, 3, 13], "rotation": 90, "texture": "#0"},
				"down": {"uv": [1, 13, 4, 15], "texture": "#0"}
			}
		},
		{
			"from": [13, 1, 10],
			"to": [16, 6, 12],
			"faces": {
				"north": {"uv": [4, 10, 6, 15], "texture": "#0"},
				"east": {"uv": [4, 10, 6, 15], "texture": "#0"},
				"south": {"uv": [4, 10, 6, 15], "texture": "#0"},
				"west": {"uv": [4, 10, 6, 15], "texture": "#0"},
				"up": {"uv": [4, 10, 6, 13], "rotation": 90, "texture": "#0"},
				"down": {"uv": [4, 13, 7, 15], "texture": "#0"}
			}
		},
		{
			"from": [13, 1, 8],
			"to": [16, 7, 10],
			"faces": {
				"north": {"uv": [6, 9, 8, 15], "texture": "#0"},
				"east": {"uv": [6, 9, 8, 15], "texture": "#0"},
				"south": {"uv": [6, 9, 8, 15], "texture": "#0"},
				"west": {"uv": [6, 9, 8, 15], "texture": "#0"},
				"up": {"uv": [8, 9, 6, 12], "rotation": 90, "texture": "#0"},
				"down": {"uv": [6, 9, 8, 12], "rotation": 90, "texture": "#0"}
			}
		},
		{
			"from": [13, 1, 5],
			"to": [16, 5, 7],
			"faces": {
				"north": {"uv": [8, 11, 11, 15], "texture": "#0"},
				"east": {"uv": [9, 11, 11, 15], "texture": "#0"},
				"south": {"uv": [8, 11, 11, 15], "texture": "#0"},
				"west": {"uv": [9, 11, 11, 15], "texture": "#0"},
				"up": {"uv": [11, 11, 9, 14], "rotation": 90, "texture": "#0"},
				"down": {"uv": [9, 11, 11, 14], "rotation": 270, "texture": "#0"}
			}
		},
		{
			"from": [13, 1, 7],
			"to": [16, 6, 8],
			"faces": {
				"north": {"uv": [8, 10, 9, 15], "texture": "#0"},
				"east": {"uv": [8, 10, 9, 15], "texture": "#0"},
				"south": {"uv": [8, 10, 9, 15], "texture": "#0"},
				"west": {"uv": [8, 10, 9, 15], "texture": "#0"},
				"up": {"uv": [8, 10, 9, 13], "rotation": 90, "texture": "#0"},
				"down": {"uv": [0, 0, 1, 3], "rotation": 90, "texture": "#0"}
			}
		},
		{
			"from": [13, 1, 3],
			"to": [16, 6, 5],
			"faces": {
				"north": {"uv": [11, 10, 13, 15], "texture": "#0"},
				"east": {"uv": [11, 10, 13, 15], "texture": "#0"},
				"south": {"uv": [11, 10, 13, 15], "texture": "#0"},
				"west": {"uv": [11, 10, 13, 15], "texture": "#0"},
				"up": {"uv": [11, 10, 13, 13], "rotation": 90, "texture": "#0"},
				"down": {"uv": [11, 13, 14, 15], "texture": "#0"}
			}
		},
		{
			"from": [13, 1, 1],
			"to": [16, 5, 3],
			"faces": {
				"north": {"uv": [12, 11, 15, 15], "texture": "#0"},
				"east": {"uv": [13, 11, 15, 15], "texture": "#0"},
				"south": {"uv": [12, 11, 15, 15], "texture": "#0"},
				"west": {"uv": [13, 11, 15, 15], "texture": "#0"},
				"up": {"uv": [13, 11, 15, 14], "rotation": 90, "texture": "#0"},
				"down": {"uv": [13, 11, 15, 14], "rotation": 270, "texture": "#0"}
			}
		},
		{
			"from": [3, 1, 13],
			"to": [4, 5, 16],
			"faces": {
				"north": {"uv": [3, 11, 4, 15], "texture": "#0"},
				"east": {"uv": [3, 11, 6, 15], "texture": "#0"},
				"south": {"uv": [3, 11, 4, 15], "texture": "#0"},
				"west": {"uv": [3, 11, 6, 15], "texture": "#0"},
				"up": {"uv": [3, 11, 4, 14], "rotation": 180, "texture": "#0"},
				"down": {"uv": [3, 11, 6, 12], "rotation": 270, "texture": "#0"}
			}
		},
		{
			"from": [1, 1, 13],
			"to": [3, 6, 16],
			"faces": {
				"north": {"uv": [1, 10, 3, 15], "texture": "#0"},
				"east": {"uv": [1, 10, 3, 15], "texture": "#0"},
				"south": {"uv": [1, 10, 3, 15], "texture": "#0"},
				"west": {"uv": [1, 10, 3, 15], "texture": "#0"},
				"up": {"uv": [1, 10, 3, 13], "rotation": 180, "texture": "#0"},
				"down": {"uv": [1, 13, 4, 15], "rotation": 270, "texture": "#0"}
			}
		},
		{
			"from": [4, 1, 13],
			"to": [6, 6, 16],
			"faces": {
				"north": {"uv": [4, 10, 6, 15], "texture": "#0"},
				"east": {"uv": [4, 10, 6, 15], "texture": "#0"},
				"south": {"uv": [4, 10, 6, 15], "texture": "#0"},
				"west": {"uv": [4, 10, 6, 15], "texture": "#0"},
				"up": {"uv": [4, 10, 6, 13], "rotation": 180, "texture": "#0"},
				"down": {"uv": [4, 13, 7, 15], "rotation": 270, "texture": "#0"}
			}
		},
		{
			"from": [6, 1, 13],
			"to": [8, 7, 16],
			"faces": {
				"north": {"uv": [6, 9, 8, 15], "texture": "#0"},
				"east": {"uv": [6, 9, 8, 15], "texture": "#0"},
				"south": {"uv": [6, 9, 8, 15], "texture": "#0"},
				"west": {"uv": [6, 9, 8, 15], "texture": "#0"},
				"up": {"uv": [8, 9, 6, 12], "rotation": 180, "texture": "#0"},
				"down": {"uv": [6, 9, 8, 12], "texture": "#0"}
			}
		},
		{
			"from": [9, 1, 13],
			"to": [11, 5, 16],
			"faces": {
				"north": {"uv": [9, 11, 11, 15], "texture": "#0"},
				"east": {"uv": [8, 11, 11, 15], "texture": "#0"},
				"south": {"uv": [9, 11, 11, 15], "texture": "#0"},
				"west": {"uv": [8, 11, 11, 15], "texture": "#0"},
				"up": {"uv": [11, 11, 9, 14], "rotation": 180, "texture": "#0"},
				"down": {"uv": [9, 11, 11, 14], "rotation": 180, "texture": "#0"}
			}
		},
		{
			"from": [8, 1, 13],
			"to": [9, 6, 16],
			"faces": {
				"north": {"uv": [8, 10, 9, 15], "texture": "#0"},
				"east": {"uv": [8, 10, 9, 15], "texture": "#0"},
				"south": {"uv": [8, 10, 9, 15], "texture": "#0"},
				"west": {"uv": [8, 10, 9, 15], "texture": "#0"},
				"up": {"uv": [8, 10, 9, 13], "rotation": 180, "texture": "#0"},
				"down": {"uv": [0, 0, 1, 3], "texture": "#0"}
			}
		},
		{
			"from": [11, 1, 13],
			"to": [13, 6, 16],
			"faces": {
				"north": {"uv": [11, 10, 13, 15], "texture": "#0"},
				"east": {"uv": [11, 10, 13, 15], "texture": "#0"},
				"south": {"uv": [11, 10, 13, 15], "texture": "#0"},
				"west": {"uv": [11, 10, 13, 15], "texture": "#0"},
				"up": {"uv": [11, 10, 13, 13], "rotation": 180, "texture": "#0"},
				"down": {"uv": [11, 13, 14, 15], "rotation": 270, "texture": "#0"}
			}
		},
		{
			"from": [13, 1, 13],
			"to": [15, 5, 16],
			"faces": {
				"north": {"uv": [13, 11, 15, 15], "texture": "#0"},
				"east": {"uv": [12, 11, 15, 15], "texture": "#0"},
				"south": {"uv": [13, 11, 15, 15], "texture": "#0"},
				"west": {"uv": [12, 11, 15, 15], "texture": "#0"},
				"up": {"uv": [13, 11, 15, 14], "rotation": 180, "texture": "#0"},
				"down": {"uv": [13, 11, 15, 14], "rotation": 180, "texture": "#0"}
			}
		},
		{
			"from": [0, 1, 3],
			"to": [3, 5, 4],
			"faces": {
				"north": {"uv": [3, 11, 6, 15], "texture": "#0"},
				"east": {"uv": [3, 11, 4, 15], "texture": "#0"},
				"south": {"uv": [3, 11, 6, 15], "texture": "#0"},
				"west": {"uv": [3, 11, 4, 15], "texture": "#0"},
				"up": {"uv": [3, 11, 4, 14], "rotation": 270, "texture": "#0"},
				"down": {"uv": [3, 11, 6, 12], "rotation": 180, "texture": "#0"}
			}
		},
		{
			"from": [0, 1, 1],
			"to": [3, 6, 3],
			"faces": {
				"north": {"uv": [1, 10, 3, 15], "texture": "#0"},
				"east": {"uv": [1, 10, 3, 15], "texture": "#0"},
				"south": {"uv": [1, 10, 3, 15], "texture": "#0"},
				"west": {"uv": [1, 10, 3, 15], "texture": "#0"},
				"up": {"uv": [1, 10, 3, 13], "rotation": 270, "texture": "#0"},
				"down": {"uv": [1, 13, 4, 15], "rotation": 180, "texture": "#0"}
			}
		},
		{
			"from": [0, 1, 4],
			"to": [3, 6, 6],
			"faces": {
				"north": {"uv": [4, 10, 6, 15], "texture": "#0"},
				"east": {"uv": [4, 10, 6, 15], "texture": "#0"},
				"south": {"uv": [4, 10, 6, 15], "texture": "#0"},
				"west": {"uv": [4, 10, 6, 15], "texture": "#0"},
				"up": {"uv": [4, 10, 6, 13], "rotation": 270, "texture": "#0"},
				"down": {"uv": [4, 13, 7, 15], "rotation": 180, "texture": "#0"}
			}
		},
		{
			"from": [0, 1, 6],
			"to": [3, 7, 8],
			"faces": {
				"north": {"uv": [6, 9, 8, 15], "texture": "#0"},
				"east": {"uv": [6, 9, 8, 15], "texture": "#0"},
				"south": {"uv": [6, 9, 8, 15], "texture": "#0"},
				"west": {"uv": [6, 9, 8, 15], "texture": "#0"},
				"up": {"uv": [8, 9, 6, 12], "rotation": 270, "texture": "#0"},
				"down": {"uv": [6, 9, 8, 12], "rotation": 270, "texture": "#0"}
			}
		},
		{
			"from": [0, 1, 9],
			"to": [3, 5, 11],
			"faces": {
				"north": {"uv": [8, 11, 11, 15], "texture": "#0"},
				"east": {"uv": [9, 11, 11, 15], "texture": "#0"},
				"south": {"uv": [8, 11, 11, 15], "texture": "#0"},
				"west": {"uv": [9, 11, 11, 15], "texture": "#0"},
				"up": {"uv": [11, 11, 9, 14], "rotation": 270, "texture": "#0"},
				"down": {"uv": [9, 11, 11, 14], "rotation": 90, "texture": "#0"}
			}
		},
		{
			"from": [0, 1, 8],
			"to": [3, 6, 9],
			"faces": {
				"north": {"uv": [8, 10, 9, 15], "texture": "#0"},
				"east": {"uv": [8, 10, 9, 15], "texture": "#0"},
				"south": {"uv": [8, 10, 9, 15], "texture": "#0"},
				"west": {"uv": [8, 10, 9, 15], "texture": "#0"},
				"up": {"uv": [8, 10, 9, 13], "rotation": 270, "texture": "#0"},
				"down": {"uv": [0, 0, 1, 3], "rotation": 270, "texture": "#0"}
			}
		},
		{
			"from": [0, 1, 11],
			"to": [3, 6, 13],
			"faces": {
				"north": {"uv": [11, 10, 13, 15], "texture": "#0"},
				"east": {"uv": [11, 10, 13, 15], "texture": "#0"},
				"south": {"uv": [11, 10, 13, 15], "texture": "#0"},
				"west": {"uv": [11, 10, 13, 15], "texture": "#0"},
				"up": {"uv": [11, 10, 13, 13], "rotation": 270, "texture": "#0"},
				"down": {"uv": [11, 13, 14, 15], "rotation": 180, "texture": "#0"}
			}
		},
		{
			"from": [0, 1, 13],
			"to": [3, 5, 15],
			"faces": {
				"north": {"uv": [12, 11, 15, 15], "texture": "#0"},
				"east": {"uv": [13, 11, 15, 15], "texture": "#0"},
				"south": {"uv": [12, 11, 15, 15], "texture": "#0"},
				"west": {"uv": [13, 11, 15, 15], "texture": "#0"},
				"up": {"uv": [13, 11, 15, 14], "rotation": 270, "texture": "#0"},
				"down": {"uv": [13, 11, 15, 14], "rotation": 90, "texture": "#0"}
			}
		},
		{
			"from": [12, 1, 0],
			"to": [13, 5, 3],
			"faces": {
				"north": {"uv": [3, 11, 4, 15], "texture": "#0"},
				"east": {"uv": [3, 11, 6, 15], "texture": "#0"},
				"south": {"uv": [3, 11, 4, 15], "texture": "#0"},
				"west": {"uv": [3, 11, 6, 15], "texture": "#0"},
				"up": {"uv": [3, 11, 4, 14], "texture": "#0"},
				"down": {"uv": [3, 11, 6, 12], "rotation": 90, "texture": "#0"}
			}
		},
		{
			"from": [13, 1, 0],
			"to": [15, 6, 3],
			"faces": {
				"north": {"uv": [1, 10, 3, 15], "texture": "#0"},
				"east": {"uv": [1, 10, 3, 15], "texture": "#0"},
				"south": {"uv": [1, 10, 3, 15], "texture": "#0"},
				"west": {"uv": [1, 10, 3, 15], "texture": "#0"},
				"up": {"uv": [1, 10, 3, 13], "texture": "#0"},
				"down": {"uv": [1, 13, 4, 15], "rotation": 90, "texture": "#0"}
			}
		},
		{
			"from": [10, 1, 0],
			"to": [12, 6, 3],
			"faces": {
				"north": {"uv": [4, 10, 6, 15], "texture": "#0"},
				"east": {"uv": [4, 10, 6, 15], "texture": "#0"},
				"south": {"uv": [4, 10, 6, 15], "texture": "#0"},
				"west": {"uv": [4, 10, 6, 15], "texture": "#0"},
				"up": {"uv": [4, 10, 6, 13], "texture": "#0"},
				"down": {"uv": [4, 13, 7, 15], "rotation": 90, "texture": "#0"}
			}
		},
		{
			"from": [8, 1, 0],
			"to": [10, 7, 3],
			"faces": {
				"north": {"uv": [6, 9, 8, 15], "texture": "#0"},
				"east": {"uv": [6, 9, 8, 15], "texture": "#0"},
				"south": {"uv": [6, 9, 8, 15], "texture": "#0"},
				"west": {"uv": [6, 9, 8, 15], "texture": "#0"},
				"up": {"uv": [8, 9, 6, 12], "texture": "#0"},
				"down": {"uv": [6, 9, 8, 12], "rotation": 180, "texture": "#0"}
			}
		},
		{
			"from": [5, 1, 0],
			"to": [7, 5, 3],
			"faces": {
				"north": {"uv": [9, 11, 11, 15], "texture": "#0"},
				"east": {"uv": [8, 11, 11, 15], "texture": "#0"},
				"south": {"uv": [9, 11, 11, 15], "texture": "#0"},
				"west": {"uv": [8, 11, 11, 15], "texture": "#0"},
				"up": {"uv": [11, 11, 9, 14], "texture": "#0"},
				"down": {"uv": [9, 11, 11, 14], "texture": "#0"}
			}
		},
		{
			"from": [7, 1, 0],
			"to": [8, 6, 3],
			"faces": {
				"north": {"uv": [8, 10, 9, 15], "texture": "#0"},
				"east": {"uv": [8, 10, 9, 15], "texture": "#0"},
				"south": {"uv": [8, 10, 9, 15], "texture": "#0"},
				"west": {"uv": [8, 10, 9, 15], "texture": "#0"},
				"up": {"uv": [8, 10, 9, 13], "texture": "#0"},
				"down": {"uv": [0, 0, 1, 3], "rotation": 180, "texture": "#0"}
			}
		},
		{
			"from": [3, 1, 0],
			"to": [5, 6, 3],
			"faces": {
				"north": {"uv": [11, 10, 13, 15], "texture": "#0"},
				"east": {"uv": [11, 10, 13, 15], "texture": "#0"},
				"south": {"uv": [11, 10, 13, 15], "texture": "#0"},
				"west": {"uv": [11, 10, 13, 15], "texture": "#0"},
				"up": {"uv": [11, 10, 13, 13], "texture": "#0"},
				"down": {"uv": [11, 13, 14, 15], "rotation": 90, "texture": "#0"}
			}
		},
		{
			"from": [1, 1, 0],
			"to": [3, 5, 3],
			"faces": {
				"north": {"uv": [13, 11, 15, 15], "texture": "#0"},
				"east": {"uv": [12, 11, 15, 15], "texture": "#0"},
				"south": {"uv": [13, 11, 15, 15], "texture": "#0"},
				"west": {"uv": [12, 11, 15, 15], "texture": "#0"},
				"up": {"uv": [13, 11, 15, 14], "texture": "#0"},
				"down": {"uv": [13, 11, 15, 14], "texture": "#0"}
			}
		},
		{
			"from": [0, 9, 1],
			"to": [3, 13, 2],
			"faces": {
				"north": {"uv": [1, 3, 2, 7], "texture": "#0"},
				"east": {"uv": [0, 0, 1, 4], "texture": "#0"},
				"south": {"uv": [0, 0, 3, 4], "texture": "#0"},
				"west": {"uv": [1, 3, 2, 7], "texture": "#0"},
				"up": {"uv": [1, 3, 2, 6], "rotation": 90, "texture": "#0"},
				"down": {"uv": [0, 0, 3, 1], "texture": "#0"}
			}
		},
		{
			"from": [0, 9, 9],
			"to": [3, 14, 11],
			"faces": {
				"north": {"uv": [9, 2, 11, 7], "texture": "#0"},
				"east": {"uv": [9, 2, 11, 7], "texture": "#0"},
				"south": {"uv": [9, 2, 11, 7], "texture": "#0"},
				"west": {"uv": [9, 2, 11, 7], "texture": "#0"},
				"up": {"uv": [9, 2, 11, 5], "rotation": 270, "texture": "#0"},
				"down": {"uv": [9, 5, 12, 7], "rotation": 180, "texture": "#0"}
			}
		},
		{
			"from": [0, 9, 11],
			"to": [3, 13, 12],
			"faces": {
				"north": {"uv": [0, 0, 3, 4], "texture": "#0"},
				"east": {"uv": [0, 0, 1, 4], "texture": "#0"},
				"south": {"uv": [0, 0, 3, 4], "texture": "#0"},
				"west": {"uv": [11, 3, 12, 7], "texture": "#0"},
				"up": {"uv": [11, 3, 12, 6], "rotation": 90, "texture": "#0"},
				"down": {"uv": [0, 0, 3, 1], "texture": "#0"}
			}
		},
		{
			"from": [0, 9, 14],
			"to": [3, 13, 15],
			"faces": {
				"north": {"uv": [0, 0, 3, 4], "texture": "#0"},
				"east": {"uv": [0, 0, 1, 4], "texture": "#0"},
				"south": {"uv": [0, 0, 3, 4], "texture": "#0"},
				"west": {"uv": [14, 3, 15, 7], "texture": "#0"},
				"up": {"uv": [14, 3, 15, 6], "rotation": 90, "texture": "#0"},
				"down": {"uv": [0, 0, 3, 1], "texture": "#0"}
			}
		},
		{
			"from": [0, 9, 12],
			"to": [3, 15, 14],
			"faces": {
				"north": {"uv": [12, 1, 14, 7], "texture": "#0"},
				"east": {"uv": [12, 1, 14, 7], "texture": "#0"},
				"south": {"uv": [12, 1, 14, 7], "texture": "#0"},
				"west": {"uv": [12, 1, 14, 7], "texture": "#0"},
				"up": {"uv": [14, 1, 12, 4], "rotation": 270, "texture": "#0"},
				"down": {"uv": [12, 1, 14, 4], "rotation": 270, "texture": "#0"}
			}
		},
		{
			"from": [0, 9, 8],
			"to": [3, 13, 9],
			"faces": {
				"north": {"uv": [8, 3, 9, 7], "texture": "#0"},
				"east": {"uv": [0, 0, 1, 4], "texture": "#0"},
				"south": {"uv": [0, 0, 3, 4], "texture": "#0"},
				"west": {"uv": [8, 3, 9, 7], "texture": "#0"},
				"up": {"uv": [8, 3, 9, 6], "rotation": 90, "texture": "#0"},
				"down": {"uv": [0, 0, 3, 1], "texture": "#0"}
			}
		},
		{
			"from": [0, 9, 7],
			"to": [3, 11, 8],
			"faces": {
				"north": {"uv": [0, 0, 3, 2], "texture": "#0"},
				"east": {"uv": [0, 0, 1, 2], "texture": "#0"},
				"south": {"uv": [0, 0, 3, 2], "texture": "#0"},
				"west": {"uv": [7, 5, 8, 7], "texture": "#0"},
				"up": {"uv": [7, 4, 8, 7], "rotation": 90, "texture": "#0"},
				"down": {"uv": [0, 0, 3, 1], "texture": "#0"}
			}
		},
		{
			"from": [0, 9, 6],
			"to": [3, 12, 7],
			"faces": {
				"north": {"uv": [0, 0, 3, 3], "texture": "#0"},
				"east": {"uv": [0, 0, 1, 3], "texture": "#0"},
				"south": {"uv": [6, 4, 7, 7], "texture": "#0"},
				"west": {"uv": [6, 4, 7, 7], "texture": "#0"},
				"up": {"uv": [6, 4, 7, 7], "rotation": 90, "texture": "#0"},
				"down": {"uv": [0, 0, 3, 1], "texture": "#0"}
			}
		},
		{
			"from": [0, 9, 4],
			"to": [3, 14, 6],
			"faces": {
				"north": {"uv": [4, 2, 6, 7], "texture": "#0"},
				"east": {"uv": [4, 2, 6, 7], "texture": "#0"},
				"south": {"uv": [4, 2, 6, 7], "texture": "#0"},
				"west": {"uv": [4, 2, 6, 7], "texture": "#0"},
				"up": {"uv": [4, 2, 6, 5], "rotation": 270, "texture": "#0"},
				"down": {"uv": [4, 5, 7, 7], "rotation": 180, "texture": "#0"}
			}
		},
		{
			"from": [0, 9, 2],
			"to": [3, 13, 4],
			"faces": {
				"north": {"uv": [1, 3, 4, 7], "texture": "#0"},
				"east": {"uv": [2, 3, 4, 7], "texture": "#0"},
				"south": {"uv": [1, 3, 4, 7], "texture": "#0"},
				"west": {"uv": [2, 3, 4, 7], "texture": "#0"},
				"up": {"uv": [4, 3, 2, 6], "rotation": 270, "texture": "#0"},
				"down": {"uv": [2, 3, 4, 6], "rotation": 90, "texture": "#0"}
			}
		},
		{
			"from": [14, 9, 0],
			"to": [15, 13, 3],
			"faces": {
				"north": {"uv": [1, 3, 2, 7], "texture": "#0"},
				"east": {"uv": [1, 3, 2, 7], "texture": "#0"},
				"south": {"uv": [0, 0, 1, 4], "texture": "#0"},
				"west": {"uv": [0, 0, 3, 4], "texture": "#0"},
				"up": {"uv": [1, 3, 2, 6], "rotation": 180, "texture": "#0"},
				"down": {"uv": [0, 0, 3, 1], "rotation": 270, "texture": "#0"}
			}
		},
		{
			"from": [5, 9, 0],
			"to": [7, 14, 3],
			"faces": {
				"north": {"uv": [9, 2, 11, 7], "texture": "#0"},
				"east": {"uv": [9, 2, 11, 7], "texture": "#0"},
				"south": {"uv": [9, 2, 11, 7], "texture": "#0"},
				"west": {"uv": [9, 2, 11, 7], "texture": "#0"},
				"up": {"uv": [9, 2, 11, 5], "texture": "#0"},
				"down": {"uv": [9, 5, 12, 7], "rotation": 90, "texture": "#0"}
			}
		},
		{
			"from": [4, 9, 0],
			"to": [5, 13, 3],
			"faces": {
				"north": {"uv": [11, 3, 12, 7], "texture": "#0"},
				"east": {"uv": [0, 0, 3, 4], "texture": "#0"},
				"south": {"uv": [0, 0, 1, 4], "texture": "#0"},
				"west": {"uv": [0, 0, 3, 4], "texture": "#0"},
				"up": {"uv": [11, 3, 12, 6], "rotation": 180, "texture": "#0"},
				"down": {"uv": [0, 0, 3, 1], "rotation": 270, "texture": "#0"}
			}
		},
		{
			"from": [1, 9, 0],
			"to": [2, 13, 3],
			"faces": {
				"north": {"uv": [14, 3, 15, 7], "texture": "#0"},
				"east": {"uv": [0, 0, 3, 4], "texture": "#0"},
				"south": {"uv": [0, 0, 1, 4], "texture": "#0"},
				"west": {"uv": [0, 0, 3, 4], "texture": "#0"},
				"up": {"uv": [14, 3, 15, 6], "rotation": 180, "texture": "#0"},
				"down": {"uv": [0, 0, 3, 1], "rotation": 270, "texture": "#0"}
			}
		},
		{
			"from": [2, 9, 0],
			"to": [4, 15, 3],
			"faces": {
				"north": {"uv": [12, 1, 14, 7], "texture": "#0"},
				"east": {"uv": [12, 1, 14, 7], "texture": "#0"},
				"south": {"uv": [12, 1, 14, 7], "texture": "#0"},
				"west": {"uv": [12, 1, 14, 7], "texture": "#0"},
				"up": {"uv": [14, 1, 12, 4], "texture": "#0"},
				"down": {"uv": [12, 1, 14, 4], "rotation": 180, "texture": "#0"}
			}
		},
		{
			"from": [7, 9, 0],
			"to": [8, 13, 3],
			"faces": {
				"north": {"uv": [8, 3, 9, 7], "texture": "#0"},
				"east": {"uv": [8, 3, 9, 7], "texture": "#0"},
				"south": {"uv": [0, 0, 1, 4], "texture": "#0"},
				"west": {"uv": [0, 0, 3, 4], "texture": "#0"},
				"up": {"uv": [8, 3, 9, 6], "rotation": 180, "texture": "#0"},
				"down": {"uv": [0, 0, 3, 1], "rotation": 270, "texture": "#0"}
			}
		},
		{
			"from": [8, 9, 0],
			"to": [9, 11, 3],
			"faces": {
				"north": {"uv": [7, 5, 8, 7], "texture": "#0"},
				"east": {"uv": [0, 0, 3, 2], "texture": "#0"},
				"south": {"uv": [0, 0, 1, 2], "texture": "#0"},
				"west": {"uv": [0, 0, 3, 2], "texture": "#0"},
				"up": {"uv": [7, 4, 8, 7], "rotation": 180, "texture": "#0"},
				"down": {"uv": [0, 0, 3, 1], "rotation": 270, "texture": "#0"}
			}
		},
		{
			"from": [9, 9, 0],
			"to": [10, 12, 3],
			"faces": {
				"north": {"uv": [6, 4, 7, 7], "texture": "#0"},
				"east": {"uv": [0, 0, 3, 3], "texture": "#0"},
				"south": {"uv": [0, 0, 1, 3], "texture": "#0"},
				"west": {"uv": [6, 4, 7, 7], "texture": "#0"},
				"up": {"uv": [6, 4, 7, 7], "rotation": 180, "texture": "#0"},
				"down": {"uv": [0, 0, 3, 1], "rotation": 270, "texture": "#0"}
			}
		},
		{
			"from": [10, 9, 0],
			"to": [12, 14, 3],
			"faces": {
				"north": {"uv": [4, 2, 6, 7], "texture": "#0"},
				"east": {"uv": [4, 2, 6, 7], "texture": "#0"},
				"south": {"uv": [4, 2, 6, 7], "texture": "#0"},
				"west": {"uv": [4, 2, 6, 7], "texture": "#0"},
				"up": {"uv": [4, 2, 6, 5], "texture": "#0"},
				"down": {"uv": [4, 5, 7, 7], "rotation": 90, "texture": "#0"}
			}
		},
		{
			"from": [12, 9, 0],
			"to": [14, 13, 3],
			"faces": {
				"north": {"uv": [2, 3, 4, 7], "texture": "#0"},
				"east": {"uv": [1, 3, 4, 7], "texture": "#0"},
				"south": {"uv": [2, 3, 4, 7], "texture": "#0"},
				"west": {"uv": [1, 3, 4, 7], "texture": "#0"},
				"up": {"uv": [4, 3, 2, 6], "texture": "#0"},
				"down": {"uv": [2, 3, 4, 6], "texture": "#0"}
			}
		},
		{
			"from": [13, 9, 14],
			"to": [16, 13, 15],
			"faces": {
				"north": {"uv": [0, 0, 3, 4], "texture": "#0"},
				"east": {"uv": [1, 3, 2, 7], "texture": "#0"},
				"south": {"uv": [1, 3, 2, 7], "texture": "#0"},
				"west": {"uv": [0, 0, 1, 4], "texture": "#0"},
				"up": {"uv": [1, 3, 2, 6], "rotation": 270, "texture": "#0"},
				"down": {"uv": [0, 0, 3, 1], "rotation": 180, "texture": "#0"}
			}
		},
		{
			"from": [13, 9, 5],
			"to": [16, 14, 7],
			"faces": {
				"north": {"uv": [9, 2, 11, 7], "texture": "#0"},
				"east": {"uv": [9, 2, 11, 7], "texture": "#0"},
				"south": {"uv": [9, 2, 11, 7], "texture": "#0"},
				"west": {"uv": [9, 2, 11, 7], "texture": "#0"},
				"up": {"uv": [9, 2, 11, 5], "rotation": 90, "texture": "#0"},
				"down": {"uv": [9, 5, 12, 7], "texture": "#0"}
			}
		},
		{
			"from": [13, 9, 4],
			"to": [16, 13, 5],
			"faces": {
				"north": {"uv": [0, 0, 3, 4], "texture": "#0"},
				"east": {"uv": [11, 3, 12, 7], "texture": "#0"},
				"south": {"uv": [0, 0, 3, 4], "texture": "#0"},
				"west": {"uv": [0, 0, 1, 4], "texture": "#0"},
				"up": {"uv": [11, 3, 12, 6], "rotation": 270, "texture": "#0"},
				"down": {"uv": [0, 0, 3, 1], "rotation": 180, "texture": "#0"}
			}
		},
		{
			"from": [13, 9, 1],
			"to": [16, 13, 2],
			"faces": {
				"north": {"uv": [0, 0, 3, 4], "texture": "#0"},
				"east": {"uv": [14, 3, 15, 7], "texture": "#0"},
				"south": {"uv": [0, 0, 3, 4], "texture": "#0"},
				"west": {"uv": [0, 0, 1, 4], "texture": "#0"},
				"up": {"uv": [14, 3, 15, 6], "rotation": 270, "texture": "#0"},
				"down": {"uv": [0, 0, 3, 1], "rotation": 180, "texture": "#0"}
			}
		},
		{
			"from": [13, 9, 2],
			"to": [16, 15, 4],
			"faces": {
				"north": {"uv": [12, 1, 14, 7], "texture": "#0"},
				"east": {"uv": [12, 1, 14, 7], "texture": "#0"},
				"south": {"uv": [12, 1, 14, 7], "texture": "#0"},
				"west": {"uv": [12, 1, 14, 7], "texture": "#0"},
				"up": {"uv": [14, 1, 12, 4], "rotation": 90, "texture": "#0"},
				"down": {"uv": [12, 1, 14, 4], "rotation": 90, "texture": "#0"}
			}
		},
		{
			"from": [13, 9, 7],
			"to": [16, 13, 8],
			"faces": {
				"north": {"uv": [0, 0, 3, 4], "texture": "#0"},
				"east": {"uv": [8, 3, 9, 7], "texture": "#0"},
				"south": {"uv": [8, 3, 9, 7], "texture": "#0"},
				"west": {"uv": [0, 0, 1, 4], "texture": "#0"},
				"up": {"uv": [8, 3, 9, 6], "rotation": 270, "texture": "#0"},
				"down": {"uv": [0, 0, 3, 1], "rotation": 180, "texture": "#0"}
			}
		},
		{
			"from": [13, 9, 8],
			"to": [16, 11, 9],
			"faces": {
				"north": {"uv": [0, 0, 3, 2], "texture": "#0"},
				"east": {"uv": [7, 5, 8, 7], "texture": "#0"},
				"south": {"uv": [0, 0, 3, 2], "texture": "#0"},
				"west": {"uv": [0, 0, 1, 2], "texture": "#0"},
				"up": {"uv": [7, 4, 8, 7], "rotation": 270, "texture": "#0"},
				"down": {"uv": [0, 0, 3, 1], "rotation": 180, "texture": "#0"}
			}
		},
		{
			"from": [13, 9, 9],
			"to": [16, 12, 10],
			"faces": {
				"north": {"uv": [6, 4, 7, 7], "texture": "#0"},
				"east": {"uv": [6, 4, 7, 7], "texture": "#0"},
				"south": {"uv": [0, 0, 3, 3], "texture": "#0"},
				"west": {"uv": [0, 0, 1, 3], "texture": "#0"},
				"up": {"uv": [6, 4, 7, 7], "rotation": 270, "texture": "#0"},
				"down": {"uv": [0, 0, 3, 1], "rotation": 180, "texture": "#0"}
			}
		},
		{
			"from": [13, 9, 10],
			"to": [16, 14, 12],
			"faces": {
				"north": {"uv": [4, 2, 6, 7], "texture": "#0"},
				"east": {"uv": [4, 2, 6, 7], "texture": "#0"},
				"south": {"uv": [4, 2, 6, 7], "texture": "#0"},
				"west": {"uv": [4, 2, 6, 7], "texture": "#0"},
				"up": {"uv": [4, 2, 6, 5], "rotation": 90, "texture": "#0"},
				"down": {"uv": [4, 5, 7, 7], "texture": "#0"}
			}
		},
		{
			"from": [13, 9, 12],
			"to": [16, 13, 14],
			"faces": {
				"north": {"uv": [1, 3, 4, 7], "texture": "#0"},
				"east": {"uv": [2, 3, 4, 7], "texture": "#0"},
				"south": {"uv": [1, 3, 4, 7], "texture": "#0"},
				"west": {"uv": [2, 3, 4, 7], "texture": "#0"},
				"up": {"uv": [4, 3, 2, 6], "rotation": 90, "texture": "#0"},
				"down": {"uv": [2, 3, 4, 6], "rotation": 270, "texture": "#0"}
			}
		},
		{
			"from": [1, 9, 13],
			"to": [2, 13, 16],
			"faces": {
				"north": {"uv": [0, 0, 1, 4], "texture": "#0"},
				"east": {"uv": [0, 0, 3, 4], "texture": "#0"},
				"south": {"uv": [1, 3, 2, 7], "texture": "#0"},
				"west": {"uv": [1, 3, 2, 7], "texture": "#0"},
				"up": {"uv": [1, 3, 2, 6], "texture": "#0"},
				"down": {"uv": [0, 0, 3, 1], "rotation": 90, "texture": "#0"}
			}
		},
		{
			"from": [9, 9, 13],
			"to": [11, 14, 16],
			"faces": {
				"north": {"uv": [9, 2, 11, 7], "texture": "#0"},
				"east": {"uv": [9, 2, 11, 7], "texture": "#0"},
				"south": {"uv": [9, 2, 11, 7], "texture": "#0"},
				"west": {"uv": [9, 2, 11, 7], "texture": "#0"},
				"up": {"uv": [9, 2, 11, 5], "rotation": 180, "texture": "#0"},
				"down": {"uv": [9, 5, 12, 7], "rotation": 270, "texture": "#0"}
			}
		},
		{
			"from": [11, 9, 13],
			"to": [12, 13, 16],
			"faces": {
				"north": {"uv": [0, 0, 1, 4], "texture": "#0"},
				"east": {"uv": [0, 0, 3, 4], "texture": "#0"},
				"south": {"uv": [11, 3, 12, 7], "texture": "#0"},
				"west": {"uv": [0, 0, 3, 4], "texture": "#0"},
				"up": {"uv": [11, 3, 12, 6], "texture": "#0"},
				"down": {"uv": [0, 0, 3, 1], "rotation": 90, "texture": "#0"}
			}
		},
		{
			"from": [14, 9, 13],
			"to": [15, 13, 16],
			"faces": {
				"north": {"uv": [0, 0, 1, 4], "texture": "#0"},
				"east": {"uv": [0, 0, 3, 4], "texture": "#0"},
				"south": {"uv": [14, 3, 15, 7], "texture": "#0"},
				"west": {"uv": [0, 0, 3, 4], "texture": "#0"},
				"up": {"uv": [14, 3, 15, 6], "texture": "#0"},
				"down": {"uv": [0, 0, 3, 1], "rotation": 90, "texture": "#0"}
			}
		},
		{
			"from": [12, 9, 13],
			"to": [14, 15, 16],
			"faces": {
				"north": {"uv": [12, 1, 14, 7], "texture": "#0"},
				"east": {"uv": [12, 1, 14, 7], "texture": "#0"},
				"south": {"uv": [12, 1, 14, 7], "texture": "#0"},
				"west": {"uv": [12, 1, 14, 7], "texture": "#0"},
				"up": {"uv": [14, 1, 12, 4], "rotation": 180, "texture": "#0"},
				"down": {"uv": [12, 1, 14, 4], "texture": "#0"}
			}
		},
		{
			"from": [8, 9, 13],
			"to": [9, 13, 16],
			"faces": {
				"north": {"uv": [0, 0, 1, 4], "texture": "#0"},
				"east": {"uv": [0, 0, 3, 4], "texture": "#0"},
				"south": {"uv": [8, 3, 9, 7], "texture": "#0"},
				"west": {"uv": [8, 3, 9, 7], "texture": "#0"},
				"up": {"uv": [8, 3, 9, 6], "texture": "#0"},
				"down": {"uv": [0, 0, 3, 1], "rotation": 90, "texture": "#0"}
			}
		},
		{
			"from": [7, 9, 13],
			"to": [8, 11, 16],
			"faces": {
				"north": {"uv": [0, 0, 1, 2], "texture": "#0"},
				"east": {"uv": [0, 0, 3, 2], "texture": "#0"},
				"south": {"uv": [7, 5, 8, 7], "texture": "#0"},
				"west": {"uv": [0, 0, 3, 2], "texture": "#0"},
				"up": {"uv": [7, 4, 8, 7], "texture": "#0"},
				"down": {"uv": [0, 0, 3, 1], "rotation": 90, "texture": "#0"}
			}
		},
		{
			"from": [6, 9, 13],
			"to": [7, 12, 16],
			"faces": {
				"north": {"uv": [0, 0, 1, 3], "texture": "#0"},
				"east": {"uv": [6, 4, 7, 7], "texture": "#0"},
				"south": {"uv": [6, 4, 7, 7], "texture": "#0"},
				"west": {"uv": [0, 0, 3, 3], "texture": "#0"},
				"up": {"uv": [6, 4, 7, 7], "texture": "#0"},
				"down": {"uv": [0, 0, 3, 1], "rotation": 90, "texture": "#0"}
			}
		},
		{
			"from": [4, 9, 13],
			"to": [6, 14, 16],
			"faces": {
				"north": {"uv": [4, 2, 6, 7], "texture": "#0"},
				"east": {"uv": [4, 2, 6, 7], "texture": "#0"},
				"south": {"uv": [4, 2, 6, 7], "texture": "#0"},
				"west": {"uv": [4, 2, 6, 7], "texture": "#0"},
				"up": {"uv": [4, 2, 6, 5], "rotation": 180, "texture": "#0"},
				"down": {"uv": [4, 5, 7, 7], "rotation": 270, "texture": "#0"}
			}
		},
		{
			"from": [2, 9, 13],
			"to": [4, 13, 16],
			"faces": {
				"north": {"uv": [2, 3, 4, 7], "texture": "#0"},
				"east": {"uv": [1, 3, 4, 7], "texture": "#0"},
				"south": {"uv": [2, 3, 4, 7], "texture": "#0"},
				"west": {"uv": [1, 3, 4, 7], "texture": "#0"},
				"up": {"uv": [4, 3, 2, 6], "rotation": 180, "texture": "#0"},
				"down": {"uv": [2, 3, 4, 6], "rotation": 180, "texture": "#0"}
			}
		}
	],
	"display": {
		"thirdperson_righthand": {
			"rotation": [99, 38, 0],
			"translation": [0, 4.25, 0],
			"scale": [0.5, 0.5, 0.5]
		},
		"thirdperson_lefthand": {
			"rotation": [99, 38, 0],
			"translation": [0, 4.25, 0],
			"scale": [0.5, 0.5, 0.5]
		},
		"firstperson_righthand": {
			"rotation": [19.5, 33.25, 0],
			"scale": [0.5, 0.5, 0.5]
		},
		"firstperson_lefthand": {
			"rotation": [19.5, 33.25, 0],
			"scale": [0.5, 0.5, 0.5]
		},
		"ground": {
			"scale": [0.5, 0.5, 0.5]
		},
		"gui": {
			"rotation": [16.75, -26.25, 0],
			"scale": [0.6, 0.6, 0.6]
		},
		"head": {
			"scale": [4, 4, 4]
		},
		"fixed": {
			"scale": [0.7, 0.7, 0.7]
		}
	},
	"groups": [
		{
			"name": "Mainblock",
			"origin": [0, 0, 0],
			"color": 0,
			"children": [0, 1, 2, 3, 4, 5, 6, 7, 8]
		},
		{
			"name": "Books",
			"origin": [0, 0, 0],
			"color": 0,
			"children": [9, 10, 11, 12, 13, 14, 15, 16]
		},
		{
			"name": "Books",
			"origin": [0, 0, 0],
			"color": 0,
			"children": [17, 18, 19, 20, 21, 22, 23, 24]
		},
		{
			"name": "Books",
			"origin": [0, 0, 0],
			"color": 0,
			"children": [25, 26, 27, 28, 29, 30, 31, 32]
		},
		{
			"name": "Books",
			"origin": [0, 0, 0],
			"color": 0,
			"children": [33, 34, 35, 36, 37, 38, 39, 40]
		},
		{
			"name": "Books2",
			"origin": [0, 0, 0],
			"color": 0,
			"children": [41, 42, 43, 44, 45, 46, 47, 48, 49, 50]
		},
		{
			"name": "Books2",
			"origin": [0, 0, 0],
			"color": 0,
			"children": [51, 52, 53, 54, 55, 56, 57, 58, 59, 60]
		},
		{
			"name": "Books2",
			"origin": [0, 0, 0],
			"color": 0,
			"children": [61, 62, 63, 64, 65, 66, 67, 68, 69, 70]
		},
		{
			"name": "Books2",
			"origin": [0, 0, 0],
			"color": 0,
			"children": [71, 72, 73, 74, 75, 76, 77, 78, 79, 80]
		}
	]
}