{
	"credit": "Made with Blockbench",
	"textures": {
		"0": "block/bricks",
		"particle": "block/bricks"
	},
	"elements": [
		{
			"name": "Mainblock",
			"from": [0, 0, 0],
			"to": [16, 16, 16],
			"faces": {
				"north": {"uv": [0, 0, 16, 16], "texture": "#0"},
				"east": {"uv": [0, 0, 16, 16], "texture": "#0"},
				"south": {"uv": [0, 0, 16, 16], "texture": "#0"},
				"west": {"uv": [0, 0, 16, 16], "texture": "#0"},
				"up": {"uv": [0, 0, 16, 16], "rotation": 270, "texture": "#0"},
				"down": {"uv": [0, 0, 16, 16], "rotation": 90, "texture": "#0"}
			}
		},
		{
			"from": [1, 1, -1],
			"to": [8, 4, 0],
			"faces": {
				"north": {"uv": [8, 12, 15, 15], "texture": "#0"},
				"east": {"uv": [8, 12, 9, 15], "texture": "#0"},
				"south": {"uv": [0, 0, 7, 3], "texture": "#missing"},
				"west": {"uv": [14, 12, 15, 15], "texture": "#0"},
				"up": {"uv": [8, 12, 15, 13], "texture": "#0"},
				"down": {"uv": [8, 14, 15, 15], "texture": "#0"}
			}
		},
		{
			"from": [9, 1, -1],
			"to": [16, 4, 0],
			"faces": {
				"north": {"uv": [0, 12, 7, 15], "texture": "#0"},
				"east": {"uv": [0, 12, 1, 15], "texture": "#0"},
				"south": {"uv": [0, 0, 7, 3], "texture": "#missing"},
				"west": {"uv": [6, 12, 7, 15], "texture": "#0"},
				"up": {"uv": [0, 12, 7, 13], "texture": "#0"},
				"down": {"uv": [0, 14, 7, 15], "texture": "#0"}
			}
		},
		{
			"from": [5, 5, -1],
			"to": [12, 8, 0],
			"faces": {
				"north": {"uv": [4, 8, 11, 11], "texture": "#0"},
				"east": {"uv": [4, 8, 5, 11], "texture": "#0"},
				"south": {"uv": [0, 0, 7, 3], "texture": "#missing"},
				"west": {"uv": [10, 8, 11, 11], "texture": "#0"},
				"up": {"uv": [4, 8, 11, 9], "texture": "#0"},
				"down": {"uv": [4, 10, 11, 11], "texture": "#0"}
			}
		},
		{
			"from": [1, 9, -1],
			"to": [8, 12, 0],
			"faces": {
				"north": {"uv": [8, 4, 15, 7], "texture": "#0"},
				"east": {"uv": [8, 4, 9, 7], "texture": "#0"},
				"south": {"uv": [0, 0, 7, 3], "texture": "#missing"},
				"west": {"uv": [14, 4, 15, 7], "texture": "#0"},
				"up": {"uv": [8, 4, 15, 5], "texture": "#0"},
				"down": {"uv": [8, 6, 15, 7], "texture": "#0"}
			}
		},
		{
			"from": [9, 9, -1],
			"to": [16, 12, 0],
			"faces": {
				"north": {"uv": [0, 4, 7, 7], "texture": "#0"},
				"east": {"uv": [0, 4, 1, 7], "texture": "#0"},
				"south": {"uv": [0, 0, 7, 3], "texture": "#missing"},
				"west": {"uv": [6, 4, 7, 7], "texture": "#0"},
				"up": {"uv": [0, 4, 7, 5], "texture": "#0"},
				"down": {"uv": [0, 6, 7, 7], "texture": "#0"}
			}
		},
		{
			"from": [5, 13, -1],
			"to": [12, 16, 0],
			"faces": {
				"north": {"uv": [4, 0, 11, 3], "texture": "#0"},
				"east": {"uv": [4, 0, 5, 3], "texture": "#0"},
				"south": {"uv": [0, 0, 7, 3], "texture": "#missing"},
				"west": {"uv": [10, 0, 11, 3], "texture": "#0"},
				"up": {"uv": [4, 0, 11, 1], "texture": "#0"},
				"down": {"uv": [4, 2, 11, 3], "texture": "#0"}
			}
		},
		{
			"from": [0, 5, -1],
			"to": [4, 8, 0],
			"faces": {
				"north": {"uv": [12, 8, 16, 11], "texture": "#0"},
				"east": {"uv": [12, 8, 13, 11], "texture": "#0"},
				"south": {"uv": [0, 0, 4, 3], "texture": "#missing"},
				"west": {"uv": [15, 8, 16, 11], "texture": "#0"},
				"up": {"uv": [12, 8, 16, 9], "texture": "#0"},
				"down": {"uv": [12, 10, 16, 11], "texture": "#0"}
			}
		},
		{
			"from": [0, 13, -1],
			"to": [4, 16, 0],
			"faces": {
				"north": {"uv": [12, 0, 16, 3], "texture": "#0"},
				"east": {"uv": [12, 0, 13, 3], "texture": "#0"},
				"south": {"uv": [0, 0, 4, 3], "texture": "#missing"},
				"west": {"uv": [15, 0, 16, 3], "texture": "#0"},
				"up": {"uv": [12, 0, 16, 1], "texture": "#0"},
				"down": {"uv": [12, 2, 16, 3], "texture": "#0"}
			}
		},
		{
			"from": [13, 13, -1],
			"to": [16, 16, 0],
			"faces": {
				"north": {"uv": [0, 0, 3, 3], "texture": "#0"},
				"east": {"uv": [0, 0, 1, 3], "texture": "#0"},
				"south": {"uv": [0, 0, 3, 3], "texture": "#missing"},
				"west": {"uv": [2, 0, 3, 3], "texture": "#0"},
				"up": {"uv": [0, 0, 3, 1], "texture": "#0"},
				"down": {"uv": [0, 2, 3, 3], "texture": "#0"}
			}
		},
		{
			"from": [13, 5, -1],
			"to": [16, 8, 0],
			"faces": {
				"north": {"uv": [0, 8, 3, 11], "texture": "#0"},
				"east": {"uv": [0, 8, 1, 11], "texture": "#0"},
				"south": {"uv": [0, 8, 3, 11], "texture": "#missing"},
				"west": {"uv": [2, 8, 3, 11], "texture": "#0"},
				"up": {"uv": [0, 8, 3, 9], "texture": "#0"},
				"down": {"uv": [0, 10, 3, 11], "texture": "#0"}
			}
		},
		{
			"from": [16, 13, 0],
			"to": [17, 16, 4],
			"faces": {
				"north": {"uv": [15, 0, 16, 3], "texture": "#0"},
				"east": {"uv": [12, 0, 16, 3], "texture": "#0"},
				"south": {"uv": [12, 0, 13, 3], "texture": "#0"},
				"west": {"uv": [0, 0, 4, 3], "texture": "#missing"},
				"up": {"uv": [12, 0, 16, 1], "rotation": 90, "texture": "#0"},
				"down": {"uv": [12, 2, 16, 3], "rotation": 270, "texture": "#0"}
			}
		},
		{
			"from": [16, 13, 5],
			"to": [17, 16, 12],
			"faces": {
				"north": {"uv": [10, 0, 11, 3], "texture": "#0"},
				"east": {"uv": [4, 0, 11, 3], "texture": "#0"},
				"south": {"uv": [4, 0, 5, 3], "texture": "#0"},
				"west": {"uv": [0, 0, 7, 3], "texture": "#missing"},
				"up": {"uv": [4, 0, 11, 1], "rotation": 90, "texture": "#0"},
				"down": {"uv": [4, 2, 11, 3], "rotation": 270, "texture": "#0"}
			}
		},
		{
			"from": [16, 13, 13],
			"to": [17, 16, 16],
			"faces": {
				"north": {"uv": [2, 0, 3, 3], "texture": "#0"},
				"east": {"uv": [0, 0, 3, 3], "texture": "#0"},
				"south": {"uv": [0, 0, 1, 3], "texture": "#0"},
				"west": {"uv": [0, 0, 3, 3], "texture": "#missing"},
				"up": {"uv": [0, 0, 3, 1], "rotation": 90, "texture": "#0"},
				"down": {"uv": [0, 2, 3, 3], "rotation": 270, "texture": "#0"}
			}
		},
		{
			"from": [16, 9, 9],
			"to": [17, 12, 16],
			"faces": {
				"north": {"uv": [6, 4, 7, 7], "texture": "#0"},
				"east": {"uv": [0, 4, 7, 7], "texture": "#0"},
				"south": {"uv": [0, 4, 1, 7], "texture": "#0"},
				"west": {"uv": [0, 0, 7, 3], "texture": "#missing"},
				"up": {"uv": [0, 4, 7, 5], "rotation": 90, "texture": "#0"},
				"down": {"uv": [0, 6, 7, 7], "rotation": 270, "texture": "#0"}
			}
		},
		{
			"from": [16, 9, 1],
			"to": [17, 12, 8],
			"faces": {
				"north": {"uv": [14, 4, 15, 7], "texture": "#0"},
				"east": {"uv": [8, 4, 15, 7], "texture": "#0"},
				"south": {"uv": [8, 4, 9, 7], "texture": "#0"},
				"west": {"uv": [0, 0, 7, 3], "texture": "#missing"},
				"up": {"uv": [8, 4, 15, 5], "rotation": 90, "texture": "#0"},
				"down": {"uv": [8, 6, 15, 7], "rotation": 270, "texture": "#0"}
			}
		},
		{
			"from": [16, 5, 0],
			"to": [17, 8, 4],
			"faces": {
				"north": {"uv": [15, 8, 16, 11], "texture": "#0"},
				"east": {"uv": [12, 8, 16, 11], "texture": "#0"},
				"south": {"uv": [12, 8, 13, 11], "texture": "#0"},
				"west": {"uv": [0, 0, 4, 3], "texture": "#missing"},
				"up": {"uv": [12, 8, 16, 9], "rotation": 90, "texture": "#0"},
				"down": {"uv": [12, 10, 16, 11], "rotation": 270, "texture": "#0"}
			}
		},
		{
			"from": [16, 5, 5],
			"to": [17, 8, 12],
			"faces": {
				"north": {"uv": [10, 8, 11, 11], "texture": "#0"},
				"east": {"uv": [4, 8, 11, 11], "texture": "#0"},
				"south": {"uv": [4, 8, 5, 11], "texture": "#0"},
				"west": {"uv": [0, 0, 7, 3], "texture": "#missing"},
				"up": {"uv": [4, 8, 11, 9], "rotation": 90, "texture": "#0"},
				"down": {"uv": [4, 10, 11, 11], "rotation": 270, "texture": "#0"}
			}
		},
		{
			"from": [16, 5, 13],
			"to": [17, 8, 16],
			"faces": {
				"north": {"uv": [2, 8, 3, 11], "texture": "#0"},
				"east": {"uv": [0, 8, 3, 11], "texture": "#0"},
				"south": {"uv": [0, 8, 1, 11], "texture": "#0"},
				"west": {"uv": [0, 8, 3, 11], "texture": "#missing"},
				"up": {"uv": [0, 8, 3, 9], "rotation": 90, "texture": "#0"},
				"down": {"uv": [0, 10, 3, 11], "rotation": 270, "texture": "#0"}
			}
		},
		{
			"from": [16, 1, 9],
			"to": [17, 4, 16],
			"faces": {
				"north": {"uv": [6, 12, 7, 15], "texture": "#0"},
				"east": {"uv": [0, 12, 7, 15], "texture": "#0"},
				"south": {"uv": [0, 12, 1, 15], "texture": "#0"},
				"west": {"uv": [0, 0, 7, 3], "texture": "#missing"},
				"up": {"uv": [0, 12, 7, 13], "rotation": 90, "texture": "#0"},
				"down": {"uv": [0, 14, 7, 15], "rotation": 270, "texture": "#0"}
			}
		},
		{
			"from": [16, 1, 1],
			"to": [17, 4, 8],
			"faces": {
				"north": {"uv": [14, 12, 15, 15], "texture": "#0"},
				"east": {"uv": [8, 12, 15, 15], "texture": "#0"},
				"south": {"uv": [8, 12, 9, 15], "texture": "#0"},
				"west": {"uv": [0, 0, 7, 3], "texture": "#missing"},
				"up": {"uv": [8, 12, 15, 13], "rotation": 90, "texture": "#0"},
				"down": {"uv": [8, 14, 15, 15], "rotation": 270, "texture": "#0"}
			}
		},
		{
			"from": [0, 16, 0],
			"to": [3, 17, 4],
			"faces": {
				"north": {"uv": [15, 0, 16, 3], "rotation": 90, "texture": "#0"},
				"east": {"uv": [12, 2, 16, 3], "rotation": 180, "texture": "#0"},
				"south": {"uv": [12, 0, 13, 3], "rotation": 270, "texture": "#0"},
				"west": {"uv": [12, 0, 16, 1], "texture": "#0"},
				"up": {"uv": [12, 0, 16, 3], "rotation": 270, "texture": "#0"},
				"down": {"uv": [0, 0, 4, 3], "rotation": 270, "texture": "#missing"}
			}
		},
		{
			"from": [0, 16, 5],
			"to": [3, 17, 12],
			"faces": {
				"north": {"uv": [10, 0, 11, 3], "rotation": 90, "texture": "#0"},
				"east": {"uv": [4, 2, 11, 3], "rotation": 180, "texture": "#0"},
				"south": {"uv": [4, 0, 5, 3], "rotation": 270, "texture": "#0"},
				"west": {"uv": [4, 0, 11, 1], "texture": "#0"},
				"up": {"uv": [4, 0, 11, 3], "rotation": 270, "texture": "#0"},
				"down": {"uv": [0, 0, 7, 3], "rotation": 270, "texture": "#missing"}
			}
		},
		{
			"from": [0, 16, 13],
			"to": [3, 17, 16],
			"faces": {
				"north": {"uv": [2, 0, 3, 3], "rotation": 90, "texture": "#0"},
				"east": {"uv": [0, 2, 3, 3], "rotation": 180, "texture": "#0"},
				"south": {"uv": [0, 0, 1, 3], "rotation": 270, "texture": "#0"},
				"west": {"uv": [0, 0, 3, 1], "texture": "#0"},
				"up": {"uv": [0, 0, 3, 3], "rotation": 270, "texture": "#0"},
				"down": {"uv": [0, 0, 3, 3], "rotation": 270, "texture": "#missing"}
			}
		},
		{
			"from": [4, 16, 9],
			"to": [7, 17, 16],
			"faces": {
				"north": {"uv": [6, 4, 7, 7], "rotation": 90, "texture": "#0"},
				"east": {"uv": [0, 6, 7, 7], "rotation": 180, "texture": "#0"},
				"south": {"uv": [0, 4, 1, 7], "rotation": 270, "texture": "#0"},
				"west": {"uv": [0, 4, 7, 5], "texture": "#0"},
				"up": {"uv": [0, 4, 7, 7], "rotation": 270, "texture": "#0"},
				"down": {"uv": [0, 0, 7, 3], "rotation": 270, "texture": "#missing"}
			}
		},
		{
			"from": [4, 16, 1],
			"to": [7, 17, 8],
			"faces": {
				"north": {"uv": [14, 4, 15, 7], "rotation": 90, "texture": "#0"},
				"east": {"uv": [8, 6, 15, 7], "rotation": 180, "texture": "#0"},
				"south": {"uv": [8, 4, 9, 7], "rotation": 270, "texture": "#0"},
				"west": {"uv": [8, 4, 15, 5], "texture": "#0"},
				"up": {"uv": [8, 4, 15, 7], "rotation": 270, "texture": "#0"},
				"down": {"uv": [0, 0, 7, 3], "rotation": 270, "texture": "#missing"}
			}
		},
		{
			"from": [8, 16, 0],
			"to": [11, 17, 4],
			"faces": {
				"north": {"uv": [15, 8, 16, 11], "rotation": 90, "texture": "#0"},
				"east": {"uv": [12, 10, 16, 11], "rotation": 180, "texture": "#0"},
				"south": {"uv": [12, 8, 13, 11], "rotation": 270, "texture": "#0"},
				"west": {"uv": [12, 8, 16, 9], "texture": "#0"},
				"up": {"uv": [12, 8, 16, 11], "rotation": 270, "texture": "#0"},
				"down": {"uv": [0, 0, 4, 3], "rotation": 270, "texture": "#missing"}
			}
		},
		{
			"from": [8, 16, 5],
			"to": [11, 17, 12],
			"faces": {
				"north": {"uv": [10, 8, 11, 11], "rotation": 90, "texture": "#0"},
				"east": {"uv": [4, 10, 11, 11], "rotation": 180, "texture": "#0"},
				"south": {"uv": [4, 8, 5, 11], "rotation": 270, "texture": "#0"},
				"west": {"uv": [4, 8, 11, 9], "texture": "#0"},
				"up": {"uv": [4, 8, 11, 11], "rotation": 270, "texture": "#0"},
				"down": {"uv": [0, 0, 7, 3], "rotation": 270, "texture": "#missing"}
			}
		},
		{
			"from": [8, 16, 13],
			"to": [11, 17, 16],
			"faces": {
				"north": {"uv": [2, 8, 3, 11], "rotation": 90, "texture": "#0"},
				"east": {"uv": [0, 10, 3, 11], "rotation": 180, "texture": "#0"},
				"south": {"uv": [0, 8, 1, 11], "rotation": 270, "texture": "#0"},
				"west": {"uv": [0, 8, 3, 9], "texture": "#0"},
				"up": {"uv": [0, 8, 3, 11], "rotation": 270, "texture": "#0"},
				"down": {"uv": [0, 8, 3, 11], "rotation": 270, "texture": "#missing"}
			}
		},
		{
			"from": [12, 16, 9],
			"to": [15, 17, 16],
			"faces": {
				"north": {"uv": [6, 12, 7, 15], "rotation": 90, "texture": "#0"},
				"east": {"uv": [0, 14, 7, 15], "rotation": 180, "texture": "#0"},
				"south": {"uv": [0, 12, 1, 15], "rotation": 270, "texture": "#0"},
				"west": {"uv": [0, 12, 7, 13], "texture": "#0"},
				"up": {"uv": [0, 12, 7, 15], "rotation": 270, "texture": "#0"},
				"down": {"uv": [0, 0, 7, 3], "rotation": 270, "texture": "#missing"}
			}
		},
		{
			"from": [12, 16, 1],
			"to": [15, 17, 8],
			"faces": {
				"north": {"uv": [14, 12, 15, 15], "rotation": 90, "texture": "#0"},
				"east": {"uv": [8, 14, 15, 15], "rotation": 180, "texture": "#0"},
				"south": {"uv": [8, 12, 9, 15], "rotation": 270, "texture": "#0"},
				"west": {"uv": [8, 12, 15, 13], "texture": "#0"},
				"up": {"uv": [8, 12, 15, 15], "rotation": 270, "texture": "#0"},
				"down": {"uv": [0, 0, 7, 3], "rotation": 270, "texture": "#missing"}
			}
		},
		{
			"from": [13, -1, 0],
			"to": [16, 0, 4],
			"faces": {
				"north": {"uv": [15, 0, 16, 3], "rotation": 270, "texture": "#0"},
				"east": {"uv": [12, 0, 16, 1], "rotation": 180, "texture": "#0"},
				"south": {"uv": [12, 0, 13, 3], "rotation": 90, "texture": "#0"},
				"west": {"uv": [12, 2, 16, 3], "texture": "#0"},
				"up": {"uv": [0, 0, 4, 3], "rotation": 90, "texture": "#missing"},
				"down": {"uv": [12, 0, 16, 3], "rotation": 90, "texture": "#0"}
			}
		},
		{
			"from": [13, -1, 5],
			"to": [16, 0, 12],
			"faces": {
				"north": {"uv": [10, 0, 11, 3], "rotation": 270, "texture": "#0"},
				"east": {"uv": [4, 0, 11, 1], "rotation": 180, "texture": "#0"},
				"south": {"uv": [4, 0, 5, 3], "rotation": 90, "texture": "#0"},
				"west": {"uv": [4, 2, 11, 3], "texture": "#0"},
				"up": {"uv": [0, 0, 7, 3], "rotation": 90, "texture": "#missing"},
				"down": {"uv": [4, 0, 11, 3], "rotation": 90, "texture": "#0"}
			}
		},
		{
			"from": [13, -1, 13],
			"to": [16, 0, 16],
			"faces": {
				"north": {"uv": [2, 0, 3, 3], "rotation": 270, "texture": "#0"},
				"east": {"uv": [0, 0, 3, 1], "rotation": 180, "texture": "#0"},
				"south": {"uv": [0, 0, 1, 3], "rotation": 90, "texture": "#0"},
				"west": {"uv": [0, 2, 3, 3], "texture": "#0"},
				"up": {"uv": [0, 0, 3, 3], "rotation": 90, "texture": "#missing"},
				"down": {"uv": [0, 0, 3, 3], "rotation": 90, "texture": "#0"}
			}
		},
		{
			"from": [9, -1, 9],
			"to": [12, 0, 16],
			"faces": {
				"north": {"uv": [6, 4, 7, 7], "rotation": 270, "texture": "#0"},
				"east": {"uv": [0, 4, 7, 5], "rotation": 180, "texture": "#0"},
				"south": {"uv": [0, 4, 1, 7], "rotation": 90, "texture": "#0"},
				"west": {"uv": [0, 6, 7, 7], "texture": "#0"},
				"up": {"uv": [0, 0, 7, 3], "rotation": 90, "texture": "#missing"},
				"down": {"uv": [0, 4, 7, 7], "rotation": 90, "texture": "#0"}
			}
		},
		{
			"from": [9, -1, 1],
			"to": [12, 0, 8],
			"faces": {
				"north": {"uv": [14, 4, 15, 7], "rotation": 270, "texture": "#0"},
				"east": {"uv": [8, 4, 15, 5], "rotation": 180, "texture": "#0"},
				"south": {"uv": [8, 4, 9, 7], "rotation": 90, "texture": "#0"},
				"west": {"uv": [8, 6, 15, 7], "texture": "#0"},
				"up": {"uv": [0, 0, 7, 3], "rotation": 90, "texture": "#missing"},
				"down": {"uv": [8, 4, 15, 7], "rotation": 90, "texture": "#0"}
			}
		},
		{
			"from": [5, -1, 0],
			"to": [8, 0, 4],
			"faces": {
				"north": {"uv": [15, 8, 16, 11], "rotation": 270, "texture": "#0"},
				"east": {"uv": [12, 8, 16, 9], "rotation": 180, "texture": "#0"},
				"south": {"uv": [12, 8, 13, 11], "rotation": 90, "texture": "#0"},
				"west": {"uv": [12, 10, 16, 11], "texture": "#0"},
				"up": {"uv": [0, 0, 4, 3], "rotation": 90, "texture": "#missing"},
				"down": {"uv": [12, 8, 16, 11], "rotation": 90, "texture": "#0"}
			}
		},
		{
			"from": [5, -1, 5],
			"to": [8, 0, 12],
			"faces": {
				"north": {"uv": [10, 8, 11, 11], "rotation": 270, "texture": "#0"},
				"east": {"uv": [4, 8, 11, 9], "rotation": 180, "texture": "#0"},
				"south": {"uv": [4, 8, 5, 11], "rotation": 90, "texture": "#0"},
				"west": {"uv": [4, 10, 11, 11], "texture": "#0"},
				"up": {"uv": [0, 0, 7, 3], "rotation": 90, "texture": "#missing"},
				"down": {"uv": [4, 8, 11, 11], "rotation": 90, "texture": "#0"}
			}
		},
		{
			"from": [5, -1, 13],
			"to": [8, 0, 16],
			"faces": {
				"north": {"uv": [2, 8, 3, 11], "rotation": 270, "texture": "#0"},
				"east": {"uv": [0, 8, 3, 9], "rotation": 180, "texture": "#0"},
				"south": {"uv": [0, 8, 1, 11], "rotation": 90, "texture": "#0"},
				"west": {"uv": [0, 10, 3, 11], "texture": "#0"},
				"up": {"uv": [0, 8, 3, 11], "rotation": 90, "texture": "#missing"},
				"down": {"uv": [0, 8, 3, 11], "rotation": 90, "texture": "#0"}
			}
		},
		{
			"from": [1, -1, 9],
			"to": [4, 0, 16],
			"faces": {
				"north": {"uv": [6, 12, 7, 15], "rotation": 270, "texture": "#0"},
				"east": {"uv": [0, 12, 7, 13], "rotation": 180, "texture": "#0"},
				"south": {"uv": [0, 12, 1, 15], "rotation": 90, "texture": "#0"},
				"west": {"uv": [0, 14, 7, 15], "texture": "#0"},
				"up": {"uv": [0, 0, 7, 3], "rotation": 90, "texture": "#missing"},
				"down": {"uv": [0, 12, 7, 15], "rotation": 90, "texture": "#0"}
			}
		},
		{
			"from": [1, -1, 1],
			"to": [4, 0, 8],
			"faces": {
				"north": {"uv": [14, 12, 15, 15], "rotation": 270, "texture": "#0"},
				"east": {"uv": [8, 12, 15, 13], "rotation": 180, "texture": "#0"},
				"south": {"uv": [8, 12, 9, 15], "rotation": 90, "texture": "#0"},
				"west": {"uv": [8, 14, 15, 15], "texture": "#0"},
				"up": {"uv": [0, 0, 7, 3], "rotation": 90, "texture": "#missing"},
				"down": {"uv": [8, 12, 15, 15], "rotation": 90, "texture": "#0"}
			}
		},
		{
			"from": [-1, 1, 8],
			"to": [0, 4, 15],
			"faces": {
				"north": {"uv": [8, 12, 9, 15], "texture": "#0"},
				"east": {"uv": [0, 0, 7, 3], "texture": "#missing"},
				"south": {"uv": [14, 12, 15, 15], "texture": "#0"},
				"west": {"uv": [8, 12, 15, 15], "texture": "#0"},
				"up": {"uv": [8, 12, 15, 13], "rotation": 270, "texture": "#0"},
				"down": {"uv": [8, 14, 15, 15], "rotation": 90, "texture": "#0"}
			}
		},
		{
			"from": [-1, 1, 0],
			"to": [0, 4, 7],
			"faces": {
				"north": {"uv": [0, 12, 1, 15], "texture": "#0"},
				"east": {"uv": [0, 0, 7, 3], "texture": "#missing"},
				"south": {"uv": [6, 12, 7, 15], "texture": "#0"},
				"west": {"uv": [0, 12, 7, 15], "texture": "#0"},
				"up": {"uv": [0, 12, 7, 13], "rotation": 270, "texture": "#0"},
				"down": {"uv": [0, 14, 7, 15], "rotation": 90, "texture": "#0"}
			}
		},
		{
			"from": [-1, 5, 4],
			"to": [0, 8, 11],
			"faces": {
				"north": {"uv": [4, 8, 5, 11], "texture": "#0"},
				"east": {"uv": [0, 0, 7, 3], "texture": "#missing"},
				"south": {"uv": [10, 8, 11, 11], "texture": "#0"},
				"west": {"uv": [4, 8, 11, 11], "texture": "#0"},
				"up": {"uv": [4, 8, 11, 9], "rotation": 270, "texture": "#0"},
				"down": {"uv": [4, 10, 11, 11], "rotation": 90, "texture": "#0"}
			}
		},
		{
			"from": [-1, 9, 8],
			"to": [0, 12, 15],
			"faces": {
				"north": {"uv": [8, 4, 9, 7], "texture": "#0"},
				"east": {"uv": [0, 0, 7, 3], "texture": "#missing"},
				"south": {"uv": [14, 4, 15, 7], "texture": "#0"},
				"west": {"uv": [8, 4, 15, 7], "texture": "#0"},
				"up": {"uv": [8, 4, 15, 5], "rotation": 270, "texture": "#0"},
				"down": {"uv": [8, 6, 15, 7], "rotation": 90, "texture": "#0"}
			}
		},
		{
			"from": [-1, 9, 0],
			"to": [0, 12, 7],
			"faces": {
				"north": {"uv": [0, 4, 1, 7], "texture": "#0"},
				"east": {"uv": [0, 0, 7, 3], "texture": "#missing"},
				"south": {"uv": [6, 4, 7, 7], "texture": "#0"},
				"west": {"uv": [0, 4, 7, 7], "texture": "#0"},
				"up": {"uv": [0, 4, 7, 5], "rotation": 270, "texture": "#0"},
				"down": {"uv": [0, 6, 7, 7], "rotation": 90, "texture": "#0"}
			}
		},
		{
			"from": [-1, 13, 4],
			"to": [0, 16, 11],
			"faces": {
				"north": {"uv": [4, 0, 5, 3], "texture": "#0"},
				"east": {"uv": [0, 0, 7, 3], "texture": "#missing"},
				"south": {"uv": [10, 0, 11, 3], "texture": "#0"},
				"west": {"uv": [4, 0, 11, 3], "texture": "#0"},
				"up": {"uv": [4, 0, 11, 1], "rotation": 270, "texture": "#0"},
				"down": {"uv": [4, 2, 11, 3], "rotation": 90, "texture": "#0"}
			}
		},
		{
			"from": [-1, 5, 12],
			"to": [0, 8, 16],
			"faces": {
				"north": {"uv": [12, 8, 13, 11], "texture": "#0"},
				"east": {"uv": [0, 0, 4, 3], "texture": "#missing"},
				"south": {"uv": [15, 8, 16, 11], "texture": "#0"},
				"west": {"uv": [12, 8, 16, 11], "texture": "#0"},
				"up": {"uv": [12, 8, 16, 9], "rotation": 270, "texture": "#0"},
				"down": {"uv": [12, 10, 16, 11], "rotation": 90, "texture": "#0"}
			}
		},
		{
			"from": [-1, 13, 12],
			"to": [0, 16, 16],
			"faces": {
				"north": {"uv": [12, 0, 13, 3], "texture": "#0"},
				"east": {"uv": [0, 0, 4, 3], "texture": "#missing"},
				"south": {"uv": [15, 0, 16, 3], "texture": "#0"},
				"west": {"uv": [12, 0, 16, 3], "texture": "#0"},
				"up": {"uv": [12, 0, 16, 1], "rotation": 270, "texture": "#0"},
				"down": {"uv": [12, 2, 16, 3], "rotation": 90, "texture": "#0"}
			}
		},
		{
			"from": [-1, 13, 0],
			"to": [0, 16, 3],
			"faces": {
				"north": {"uv": [0, 0, 1, 3], "texture": "#0"},
				"east": {"uv": [0, 0, 3, 3], "texture": "#missing"},
				"south": {"uv": [2, 0, 3, 3], "texture": "#0"},
				"west": {"uv": [0, 0, 3, 3], "texture": "#0"},
				"up": {"uv": [0, 0, 3, 1], "rotation": 270, "texture": "#0"},
				"down": {"uv": [0, 2, 3, 3], "rotation": 90, "texture": "#0"}
			}
		},
		{
			"from": [-1, 5, 0],
			"to": [0, 8, 3],
			"faces": {
				"north": {"uv": [0, 8, 1, 11], "texture": "#0"},
				"east": {"uv": [0, 8, 3, 11], "texture": "#missing"},
				"south": {"uv": [2, 8, 3, 11], "texture": "#0"},
				"west": {"uv": [0, 8, 3, 11], "texture": "#0"},
				"up": {"uv": [0, 8, 3, 9], "rotation": 270, "texture": "#0"},
				"down": {"uv": [0, 10, 3, 11], "rotation": 90, "texture": "#0"}
			}
		},
		{
			"from": [8, 1, 16],
			"to": [15, 4, 17],
			"faces": {
				"north": {"uv": [0, 0, 7, 3], "texture": "#missing"},
				"east": {"uv": [14, 12, 15, 15], "texture": "#0"},
				"south": {"uv": [8, 12, 15, 15], "texture": "#0"},
				"west": {"uv": [8, 12, 9, 15], "texture": "#0"},
				"up": {"uv": [8, 12, 15, 13], "rotation": 180, "texture": "#0"},
				"down": {"uv": [8, 14, 15, 15], "rotation": 180, "texture": "#0"}
			}
		},
		{
			"from": [0, 1, 16],
			"to": [7, 4, 17],
			"faces": {
				"north": {"uv": [0, 0, 7, 3], "texture": "#missing"},
				"east": {"uv": [6, 12, 7, 15], "texture": "#0"},
				"south": {"uv": [0, 12, 7, 15], "texture": "#0"},
				"west": {"uv": [0, 12, 1, 15], "texture": "#0"},
				"up": {"uv": [0, 12, 7, 13], "rotation": 180, "texture": "#0"},
				"down": {"uv": [0, 14, 7, 15], "rotation": 180, "texture": "#0"}
			}
		},
		{
			"from": [4, 5, 16],
			"to": [11, 8, 17],
			"faces": {
				"north": {"uv": [0, 0, 7, 3], "texture": "#missing"},
				"east": {"uv": [10, 8, 11, 11], "texture": "#0"},
				"south": {"uv": [4, 8, 11, 11], "texture": "#0"},
				"west": {"uv": [4, 8, 5, 11], "texture": "#0"},
				"up": {"uv": [4, 8, 11, 9], "rotation": 180, "texture": "#0"},
				"down": {"uv": [4, 10, 11, 11], "rotation": 180, "texture": "#0"}
			}
		},
		{
			"from": [8, 9, 16],
			"to": [15, 12, 17],
			"faces": {
				"north": {"uv": [0, 0, 7, 3], "texture": "#missing"},
				"east": {"uv": [14, 4, 15, 7], "texture": "#0"},
				"south": {"uv": [8, 4, 15, 7], "texture": "#0"},
				"west": {"uv": [8, 4, 9, 7], "texture": "#0"},
				"up": {"uv": [8, 4, 15, 5], "rotation": 180, "texture": "#0"},
				"down": {"uv": [8, 6, 15, 7], "rotation": 180, "texture": "#0"}
			}
		},
		{
			"from": [0, 9, 16],
			"to": [7, 12, 17],
			"faces": {
				"north": {"uv": [0, 0, 7, 3], "texture": "#missing"},
				"east": {"uv": [6, 4, 7, 7], "texture": "#0"},
				"south": {"uv": [0, 4, 7, 7], "texture": "#0"},
				"west": {"uv": [0, 4, 1, 7], "texture": "#0"},
				"up": {"uv": [0, 4, 7, 5], "rotation": 180, "texture": "#0"},
				"down": {"uv": [0, 6, 7, 7], "rotation": 180, "texture": "#0"}
			}
		},
		{
			"from": [4, 13, 16],
			"to": [11, 16, 17],
			"faces": {
				"north": {"uv": [0, 0, 7, 3], "texture": "#missing"},
				"east": {"uv": [10, 0, 11, 3], "texture": "#0"},
				"south": {"uv": [4, 0, 11, 3], "texture": "#0"},
				"west": {"uv": [4, 0, 5, 3], "texture": "#0"},
				"up": {"uv": [4, 0, 11, 1], "rotation": 180, "texture": "#0"},
				"down": {"uv": [4, 2, 11, 3], "rotation": 180, "texture": "#0"}
			}
		},
		{
			"from": [12, 5, 16],
			"to": [16, 8, 17],
			"faces": {
				"north": {"uv": [0, 0, 4, 3], "texture": "#missing"},
				"east": {"uv": [15, 8, 16, 11], "texture": "#0"},
				"south": {"uv": [12, 8, 16, 11], "texture": "#0"},
				"west": {"uv": [12, 8, 13, 11], "texture": "#0"},
				"up": {"uv": [12, 8, 16, 9], "rotation": 180, "texture": "#0"},
				"down": {"uv": [12, 10, 16, 11], "rotation": 180, "texture": "#0"}
			}
		},
		{
			"from": [12, 13, 16],
			"to": [16, 16, 17],
			"faces": {
				"north": {"uv": [0, 0, 4, 3], "texture": "#missing"},
				"east": {"uv": [15, 0, 16, 3], "texture": "#0"},
				"south": {"uv": [12, 0, 16, 3], "texture": "#0"},
				"west": {"uv": [12, 0, 13, 3], "texture": "#0"},
				"up": {"uv": [12, 0, 16, 1], "rotation": 180, "texture": "#0"},
				"down": {"uv": [12, 2, 16, 3], "rotation": 180, "texture": "#0"}
			}
		},
		{
			"from": [0, 13, 16],
			"to": [3, 16, 17],
			"faces": {
				"north": {"uv": [0, 0, 3, 3], "texture": "#missing"},
				"east": {"uv": [2, 0, 3, 3], "texture": "#0"},
				"south": {"uv": [0, 0, 3, 3], "texture": "#0"},
				"west": {"uv": [0, 0, 1, 3], "texture": "#0"},
				"up": {"uv": [0, 0, 3, 1], "rotation": 180, "texture": "#0"},
				"down": {"uv": [0, 2, 3, 3], "rotation": 180, "texture": "#0"}
			}
		},
		{
			"from": [0, 5, 16],
			"to": [3, 8, 17],
			"faces": {
				"north": {"uv": [0, 8, 3, 11], "texture": "#missing"},
				"east": {"uv": [2, 8, 3, 11], "texture": "#0"},
				"south": {"uv": [0, 8, 3, 11], "texture": "#0"},
				"west": {"uv": [0, 8, 1, 11], "texture": "#0"},
				"up": {"uv": [0, 8, 3, 9], "rotation": 180, "texture": "#0"},
				"down": {"uv": [0, 10, 3, 11], "rotation": 180, "texture": "#0"}
			}
		}
	],
	"display": {
		"thirdperson_righthand": {
			"rotation": [99, 38, 0],
			"translation": [0, 4.25, 0],
			"scale": [0.5, 0.5, 0.5]
		},
		"thirdperson_lefthand": {
			"rotation": [99, 38, 0],
			"translation": [0, 4.25, 0],
			"scale": [0.5, 0.5, 0.5]
		},
		"firstperson_righthand": {
			"rotation": [19.5, 33.25, 0],
			"scale": [0.5, 0.5, 0.5]
		},
		"firstperson_lefthand": {
			"rotation": [19.5, 33.25, 0],
			"scale": [0.5, 0.5, 0.5]
		},
		"ground": {
			"scale": [0.5, 0.5, 0.5]
		},
		"gui": {
			"rotation": [16.75, 153, 0],
			"scale": [0.6, 0.6, 0.6]
		},
		"head": {
			"scale": [0.79, 0.79, 0.79]
		},
		"fixed": {
			"scale": [0.7, 0.7, 0.7]
		}
	}
}