{
	"credit": "Made with Blockbench",
	"textures": {
		"0": "minecraft:block/cartography_table_side1",
		"1": "minecraft:block/cartography_table_side2",
		"2": "minecraft:block/cartography_table_side3",
		"3": "minecraft:block/cartography_table_top",
		"particle": "minecraft:block/cartography_table_side1"
	},
	"elements": [
		{
			"name": "Mainblock",
			"from": [0, 0, 0],
			"to": [16, 16, 16],
			"faces": {
				"north": {"uv": [0, 0, 16, 16], "texture": "#2"},
				"east": {"uv": [0, 0, 16, 16], "texture": "#0"},
				"south": {"uv": [0, 0, 16, 16], "texture": "#1"},
				"west": {"uv": [0, 0, 16, 16], "texture": "#2"},
				"up": {"uv": [0, 0, 16, 16], "rotation": 270, "texture": "#3"},
				"down": {"uv": [0, 0, 16, 16], "texture": "#2"}
			}
		},
		{
			"from": [11, 11, 16],
			"to": [16, 16, 17],
			"faces": {
				"north": {"uv": [0, 0, 5, 5], "texture": "#missing"},
				"east": {"uv": [15, 0, 16, 5], "texture": "#1"},
				"south": {"uv": [11, 0, 16, 5], "texture": "#1"},
				"west": {"uv": [4, 0, 5, 5], "texture": "#0"},
				"up": {"uv": [0, 11, 1, 16], "rotation": 270, "texture": "#3"},
				"down": {"uv": [4, 0, 5, 5], "rotation": 90, "texture": "#0"}
			}
		},
		{
			"from": [11, 16, 11],
			"to": [16, 17, 16],
			"faces": {
				"north": {"uv": [4, 0, 5, 5], "rotation": 90, "texture": "#0"},
				"east": {"uv": [4, 0, 5, 5], "rotation": 90, "texture": "#0"},
				"south": {"uv": [11, 0, 16, 1], "texture": "#1"},
				"west": {"uv": [4, 0, 5, 5], "rotation": 90, "texture": "#0"},
				"up": {"uv": [0, 11, 5, 16], "rotation": 270, "texture": "#3"},
				"down": {"uv": [0, 0, 5, 5], "texture": "#missing"}
			}
		},
		{
			"from": [16, 11, 11],
			"to": [17, 16, 16],
			"faces": {
				"north": {"uv": [4, 0, 5, 5], "texture": "#0"},
				"east": {"uv": [0, 0, 5, 5], "texture": "#0"},
				"south": {"uv": [15, 0, 16, 5], "texture": "#1"},
				"west": {"uv": [0, 0, 5, 5], "texture": "#missing"},
				"up": {"uv": [0, 0, 5, 1], "rotation": 270, "texture": "#0"},
				"down": {"uv": [4, 0, 5, 5], "texture": "#0"}
			}
		},
		{
			"from": [2, 16, 1],
			"to": [10, 17, 5],
			"faces": {
				"north": {"uv": [14, 2, 15, 10], "rotation": 90, "texture": "#3"},
				"east": {"uv": [11, 9, 15, 10], "texture": "#3"},
				"south": {"uv": [11, 2, 12, 10], "rotation": 270, "texture": "#3"},
				"west": {"uv": [11, 2, 15, 3], "rotation": 180, "texture": "#3"},
				"up": {"uv": [11, 2, 15, 10], "rotation": 270, "texture": "#3"},
				"down": {"uv": [0, 0, 8, 4], "texture": "#missing"}
			}
		},
		{
			"from": [3, 16, 5],
			"to": [11, 17, 7],
			"faces": {
				"north": {"uv": [0, 0, 8, 1], "texture": "#missing"},
				"east": {"uv": [9, 10, 11, 11], "texture": "#3"},
				"south": {"uv": [9, 3, 10, 11], "rotation": 270, "texture": "#3"},
				"west": {"uv": [9, 3, 11, 4], "texture": "#3"},
				"up": {"uv": [9, 3, 11, 11], "rotation": 270, "texture": "#3"},
				"down": {"uv": [0, 0, 8, 2], "texture": "#missing"}
			}
		},
		{
			"from": [4, 16, 7],
			"to": [11, 17, 8],
			"faces": {
				"north": {"uv": [0, 0, 7, 1], "texture": "#missing"},
				"east": {"uv": [8, 10, 9, 11], "texture": "#3"},
				"south": {"uv": [8, 4, 9, 11], "rotation": 270, "texture": "#3"},
				"west": {"uv": [8, 4, 9, 5], "texture": "#3"},
				"up": {"uv": [8, 4, 9, 11], "rotation": 90, "texture": "#3"},
				"down": {"uv": [0, 0, 7, 1], "texture": "#missing"}
			}
		},
		{
			"from": [10, 16, 3],
			"to": [11, 17, 5],
			"faces": {
				"north": {"uv": [12, 10, 13, 11], "texture": "#3"},
				"east": {"uv": [11, 10, 13, 11], "texture": "#3"},
				"south": {"uv": [0, 0, 1, 1], "texture": "#missing"},
				"west": {"uv": [0, 0, 2, 1], "texture": "#missing"},
				"up": {"uv": [11, 10, 13, 11], "rotation": 270, "texture": "#3"},
				"down": {"uv": [0, 0, 1, 2], "texture": "#missing"}
			}
		},
		{
			"from": [2, 16, 10],
			"to": [6, 17, 14],
			"faces": {
				"north": {"uv": [2, 2, 6, 3], "rotation": 180, "texture": "#3"},
				"east": {"uv": [5, 2, 6, 6], "rotation": 90, "texture": "#3"},
				"south": {"uv": [2, 5, 6, 6], "texture": "#3"},
				"west": {"uv": [2, 2, 3, 6], "rotation": 270, "texture": "#3"},
				"up": {"uv": [2, 2, 6, 6], "texture": "#3"},
				"down": {"uv": [2, 2, 6, 6], "texture": "#3"}
			}
		},
		{
			"from": [5, 6, 16],
			"to": [9, 8, 17],
			"faces": {
				"north": {"uv": [0, 0, 4, 2], "texture": "#missing"},
				"east": {"uv": [8, 8, 9, 10], "texture": "#1"},
				"south": {"uv": [5, 8, 9, 10], "texture": "#1"},
				"west": {"uv": [5, 8, 6, 10], "texture": "#1"},
				"up": {"uv": [5, 8, 9, 9], "texture": "#1"},
				"down": {"uv": [5, 9, 9, 10], "texture": "#1"}
			}
		},
		{
			"from": [8, 2, 16],
			"to": [9, 6, 17],
			"faces": {
				"north": {"uv": [0, 0, 1, 4], "texture": "#missing"},
				"east": {"uv": [8, 10, 9, 14], "texture": "#1"},
				"south": {"uv": [8, 10, 9, 14], "texture": "#1"},
				"west": {"uv": [8, 10, 9, 14], "texture": "#1"},
				"up": {"uv": [0, 0, 1, 1], "texture": "#missing"},
				"down": {"uv": [8, 13, 9, 14], "texture": "#1"}
			}
		},
		{
			"from": [9, 2, 16],
			"to": [10, 3, 17],
			"faces": {
				"north": {"uv": [0, 0, 1, 1], "texture": "#missing"},
				"east": {"uv": [9, 13, 10, 14], "texture": "#1"},
				"south": {"uv": [9, 13, 10, 14], "texture": "#1"},
				"west": {"uv": [0, 0, 1, 1], "texture": "#missing"},
				"up": {"uv": [9, 13, 10, 14], "texture": "#1"},
				"down": {"uv": [9, 13, 10, 14], "texture": "#1"}
			}
		},
		{
			"from": [10, 2, 16],
			"to": [11, 5, 17],
			"faces": {
				"north": {"uv": [0, 0, 1, 3], "texture": "#missing"},
				"east": {"uv": [10, 11, 11, 14], "texture": "#1"},
				"south": {"uv": [10, 11, 11, 14], "texture": "#1"},
				"west": {"uv": [10, 11, 11, 14], "texture": "#1"},
				"up": {"uv": [10, 11, 11, 12], "texture": "#1"},
				"down": {"uv": [11, 13, 10, 14], "texture": "#1"}
			}
		},
		{
			"from": [9, 4, 16],
			"to": [10, 6, 17],
			"faces": {
				"north": {"uv": [0, 0, 1, 2], "texture": "#missing"},
				"east": {"uv": [9, 10, 10, 12], "texture": "#1"},
				"south": {"uv": [9, 10, 10, 12], "texture": "#1"},
				"west": {"uv": [0, 0, 1, 2], "texture": "#missing"},
				"up": {"uv": [9, 10, 10, 11], "texture": "#1"},
				"down": {"uv": [9, 11, 10, 12], "texture": "#1"}
			}
		},
		{
			"from": [9, 7, 16],
			"to": [10, 8, 17],
			"faces": {
				"north": {"uv": [9, 8, 10, 9], "texture": "#1"},
				"east": {"uv": [9, 8, 10, 9], "texture": "#1"},
				"south": {"uv": [9, 8, 10, 9], "texture": "#1"},
				"west": {"uv": [9, 8, 10, 9], "texture": "#1"},
				"up": {"uv": [9, 8, 10, 9], "texture": "#1"},
				"down": {"uv": [9, 8, 10, 9], "texture": "#1"}
			}
		},
		{
			"from": [4, 2, 16],
			"to": [5, 5, 17],
			"faces": {
				"north": {"uv": [4, 11, 5, 14], "texture": "#1"},
				"east": {"uv": [4, 11, 5, 14], "texture": "#1"},
				"south": {"uv": [4, 11, 5, 14], "texture": "#1"},
				"west": {"uv": [4, 11, 5, 14], "texture": "#1"},
				"up": {"uv": [4, 11, 5, 12], "texture": "#1"},
				"down": {"uv": [4, 13, 5, 14], "texture": "#1"}
			}
		},
		{
			"from": [6, 2, 16],
			"to": [7, 5, 17],
			"faces": {
				"north": {"uv": [6, 11, 7, 14], "texture": "#1"},
				"east": {"uv": [6, 11, 7, 14], "texture": "#1"},
				"south": {"uv": [6, 11, 7, 14], "texture": "#1"},
				"west": {"uv": [6, 11, 7, 14], "texture": "#1"},
				"up": {"uv": [6, 11, 7, 12], "texture": "#1"},
				"down": {"uv": [6, 13, 7, 14], "texture": "#1"}
			}
		},
		{
			"from": [5, 2, 16],
			"to": [6, 3, 17],
			"faces": {
				"north": {"uv": [5, 13, 6, 14], "texture": "#1"},
				"east": {"uv": [5, 13, 6, 14], "texture": "#1"},
				"south": {"uv": [5, 13, 6, 14], "texture": "#1"},
				"west": {"uv": [5, 13, 6, 14], "texture": "#1"},
				"up": {"uv": [5, 13, 6, 14], "texture": "#1"},
				"down": {"uv": [5, 13, 6, 14], "texture": "#1"}
			}
		},
		{
			"from": [5, 4, 16],
			"to": [6, 5, 17],
			"faces": {
				"north": {"uv": [5, 11, 6, 12], "texture": "#1"},
				"east": {"uv": [5, 11, 6, 12], "texture": "#1"},
				"south": {"uv": [5, 11, 6, 12], "texture": "#1"},
				"west": {"uv": [5, 11, 6, 12], "texture": "#1"},
				"up": {"uv": [5, 11, 6, 12], "texture": "#1"},
				"down": {"uv": [5, 11, 6, 12], "texture": "#1"}
			}
		}
	],
	"display": {
		"thirdperson_righthand": {
			"rotation": [99, 38, 0],
			"translation": [0, 4.25, 0],
			"scale": [0.5, 0.5, 0.5]
		},
		"thirdperson_lefthand": {
			"rotation": [99, 38, 0],
			"translation": [0, 4.25, 0],
			"scale": [0.5, 0.5, 0.5]
		},
		"firstperson_righthand": {
			"rotation": [19.5, 33.25, 0],
			"scale": [0.5, 0.5, 0.5]
		},
		"firstperson_lefthand": {
			"rotation": [19.5, 33.25, 0],
			"scale": [0.5, 0.5, 0.5]
		},
		"ground": {
			"scale": [0.5, 0.5, 0.5]
		},
		"gui": {
			"rotation": [16.75, -26.25, 0],
			"scale": [0.6, 0.6, 0.6]
		},
		"head": {
			"scale": [0.81, 0.81, 0.81]
		},
		"fixed": {
			"scale": [0.7, 0.7, 0.7]
		}
	}
}