{
	"credit": "Made with Blockbench",
	"textures": {
		"1": "block/chiseled_stone_bricks",
		"particle": "block/chiseled_stone_bricks"
	},
	"elements": [
		{
			"name": "Mainblock",
			"from": [1, 1, 1],
			"to": [15, 15, 15],
			"faces": {
				"north": {"uv": [1, 1, 15, 15], "texture": "#1"},
				"east": {"uv": [1, 1, 15, 15], "texture": "#1"},
				"south": {"uv": [1, 1, 15, 15], "texture": "#1"},
				"west": {"uv": [1, 1, 15, 15], "texture": "#1"},
				"up": {"uv": [1, 1, 15, 15], "texture": "#1"},
				"down": {"uv": [1, 1, 15, 15], "texture": "#1"}
			}
		},
		{
			"from": [1, 14, 0],
			"to": [16, 16, 1],
			"faces": {
				"north": {"uv": [0, 0, 15, 2], "texture": "#1"},
				"east": {"uv": [0, 0, 1, 2], "texture": "#1"},
				"south": {"uv": [0, 0, 15, 2], "texture": "#1"},
				"west": {"uv": [14, 0, 15, 2], "texture": "#1"},
				"up": {"uv": [0, 0, 15, 1], "texture": "#1"},
				"down": {"uv": [0, 1, 15, 2], "texture": "#1"}
			}
		},
		{
			"from": [4, 10, 0],
			"to": [13, 13, 1],
			"faces": {
				"north": {"uv": [3, 3, 12, 6], "texture": "#1"},
				"east": {"uv": [3, 3, 4, 6], "texture": "#1"},
				"south": {"uv": [3, 3, 12, 6], "texture": "#1"},
				"west": {"uv": [11, 3, 12, 6], "texture": "#1"},
				"up": {"uv": [3, 3, 12, 4], "texture": "#1"},
				"down": {"uv": [3, 5, 12, 6], "texture": "#1"}
			}
		},
		{
			"from": [10, 7, 0],
			"to": [13, 10, 1],
			"faces": {
				"north": {"uv": [3, 6, 6, 9], "texture": "#1"},
				"east": {"uv": [3, 6, 4, 9], "texture": "#1"},
				"south": {"uv": [3, 6, 6, 9], "texture": "#1"},
				"west": {"uv": [5, 6, 6, 9], "texture": "#1"},
				"up": {"uv": [3, 6, 6, 7], "texture": "#1"},
				"down": {"uv": [3, 8, 6, 9], "texture": "#1"}
			}
		},
		{
			"from": [4, 7, 0],
			"to": [7, 10, 1],
			"faces": {
				"north": {"uv": [9, 6, 12, 9], "texture": "#1"},
				"east": {"uv": [9, 6, 10, 9], "texture": "#1"},
				"south": {"uv": [9, 6, 12, 9], "texture": "#1"},
				"west": {"uv": [11, 6, 12, 9], "texture": "#1"},
				"up": {"uv": [9, 6, 12, 7], "texture": "#1"},
				"down": {"uv": [9, 8, 12, 9], "texture": "#1"}
			}
		},
		{
			"from": [4, 4, 0],
			"to": [13, 7, 1],
			"faces": {
				"north": {"uv": [3, 9, 12, 12], "texture": "#1"},
				"east": {"uv": [3, 9, 4, 12], "texture": "#1"},
				"south": {"uv": [3, 9, 12, 12], "texture": "#1"},
				"west": {"uv": [11, 9, 12, 12], "texture": "#1"},
				"up": {"uv": [3, 9, 12, 10], "texture": "#1"},
				"down": {"uv": [3, 11, 12, 12], "texture": "#1"}
			}
		},
		{
			"from": [1, 3, 0],
			"to": [3, 14, 1],
			"faces": {
				"north": {"uv": [13, 2, 15, 13], "texture": "#1"},
				"east": {"uv": [13, 2, 14, 13], "texture": "#1"},
				"south": {"uv": [13, 2, 15, 13], "texture": "#1"},
				"west": {"uv": [14, 2, 15, 13], "texture": "#1"},
				"up": {"uv": [13, 2, 15, 3], "texture": "#1"},
				"down": {"uv": [13, 12, 15, 13], "texture": "#1"}
			}
		},
		{
			"from": [1, 1, 0],
			"to": [16, 3, 1],
			"faces": {
				"north": {"uv": [0, 13, 15, 15], "texture": "#1"},
				"east": {"uv": [0, 13, 1, 15], "texture": "#1"},
				"south": {"uv": [0, 13, 15, 15], "texture": "#1"},
				"west": {"uv": [14, 13, 15, 15], "texture": "#1"},
				"up": {"uv": [0, 13, 15, 14], "texture": "#1"},
				"down": {"uv": [0, 14, 15, 15], "texture": "#1"}
			}
		},
		{
			"from": [14, 3, 0],
			"to": [16, 14, 1],
			"faces": {
				"north": {"uv": [0, 2, 2, 13], "texture": "#1"},
				"east": {"uv": [0, 2, 1, 13], "texture": "#1"},
				"south": {"uv": [0, 2, 2, 13], "texture": "#1"},
				"west": {"uv": [1, 2, 2, 13], "texture": "#1"},
				"up": {"uv": [0, 2, 2, 3], "texture": "#1"},
				"down": {"uv": [0, 12, 2, 13], "texture": "#1"}
			}
		},
		{
			"from": [13, 0, 3],
			"to": [15, 1, 14],
			"faces": {
				"north": {"uv": [13, 12, 15, 13], "texture": "#1"},
				"east": {"uv": [14, 2, 15, 13], "rotation": 270, "texture": "#1"},
				"south": {"uv": [13, 2, 15, 3], "rotation": 180, "texture": "#1"},
				"west": {"uv": [13, 2, 14, 13], "rotation": 90, "texture": "#1"},
				"up": {"uv": [13, 2, 15, 13], "rotation": 180, "texture": "#1"},
				"down": {"uv": [13, 2, 15, 13], "texture": "#1"}
			}
		},
		{
			"from": [0, 0, 1],
			"to": [15, 1, 3],
			"faces": {
				"north": {"uv": [0, 14, 15, 15], "texture": "#1"},
				"east": {"uv": [14, 13, 15, 15], "rotation": 270, "texture": "#1"},
				"south": {"uv": [0, 13, 15, 14], "rotation": 180, "texture": "#1"},
				"west": {"uv": [0, 13, 1, 15], "rotation": 90, "texture": "#1"},
				"up": {"uv": [0, 13, 15, 15], "rotation": 180, "texture": "#1"},
				"down": {"uv": [0, 13, 15, 15], "texture": "#1"}
			}
		},
		{
			"from": [0, 0, 3],
			"to": [2, 1, 14],
			"faces": {
				"north": {"uv": [0, 12, 2, 13], "texture": "#1"},
				"east": {"uv": [1, 2, 2, 13], "rotation": 270, "texture": "#1"},
				"south": {"uv": [0, 2, 2, 3], "rotation": 180, "texture": "#1"},
				"west": {"uv": [0, 2, 1, 13], "rotation": 90, "texture": "#1"},
				"up": {"uv": [0, 2, 2, 13], "rotation": 180, "texture": "#1"},
				"down": {"uv": [0, 2, 2, 13], "texture": "#1"}
			}
		},
		{
			"from": [0, 0, 14],
			"to": [15, 1, 16],
			"faces": {
				"north": {"uv": [0, 1, 15, 2], "texture": "#1"},
				"east": {"uv": [14, 0, 15, 2], "rotation": 270, "texture": "#1"},
				"south": {"uv": [0, 0, 15, 1], "rotation": 180, "texture": "#1"},
				"west": {"uv": [0, 0, 1, 2], "rotation": 90, "texture": "#1"},
				"up": {"uv": [0, 0, 15, 2], "rotation": 180, "texture": "#1"},
				"down": {"uv": [0, 0, 15, 2], "texture": "#1"}
			}
		},
		{
			"from": [3, 0, 10],
			"to": [12, 1, 13],
			"faces": {
				"north": {"uv": [3, 5, 12, 6], "texture": "#1"},
				"east": {"uv": [11, 3, 12, 6], "rotation": 270, "texture": "#1"},
				"south": {"uv": [3, 3, 12, 4], "rotation": 180, "texture": "#1"},
				"west": {"uv": [3, 3, 4, 6], "rotation": 90, "texture": "#1"},
				"up": {"uv": [3, 3, 12, 6], "rotation": 180, "texture": "#1"},
				"down": {"uv": [3, 3, 12, 6], "texture": "#1"}
			}
		},
		{
			"from": [3, 0, 7],
			"to": [6, 1, 10],
			"faces": {
				"north": {"uv": [3, 8, 6, 9], "texture": "#1"},
				"east": {"uv": [5, 6, 6, 9], "rotation": 270, "texture": "#1"},
				"south": {"uv": [3, 6, 6, 7], "rotation": 180, "texture": "#1"},
				"west": {"uv": [3, 6, 4, 9], "rotation": 90, "texture": "#1"},
				"up": {"uv": [3, 6, 6, 9], "rotation": 180, "texture": "#1"},
				"down": {"uv": [3, 6, 6, 9], "texture": "#1"}
			}
		},
		{
			"from": [3, 0, 4],
			"to": [12, 1, 7],
			"faces": {
				"north": {"uv": [3, 11, 12, 12], "texture": "#1"},
				"east": {"uv": [11, 9, 12, 12], "rotation": 270, "texture": "#1"},
				"south": {"uv": [3, 9, 12, 10], "rotation": 180, "texture": "#1"},
				"west": {"uv": [3, 9, 4, 12], "rotation": 90, "texture": "#1"},
				"up": {"uv": [3, 9, 12, 12], "rotation": 180, "texture": "#1"},
				"down": {"uv": [3, 9, 12, 12], "texture": "#1"}
			}
		},
		{
			"from": [9, 0, 7],
			"to": [12, 1, 10],
			"faces": {
				"north": {"uv": [9, 8, 12, 9], "texture": "#1"},
				"east": {"uv": [11, 6, 12, 9], "rotation": 270, "texture": "#1"},
				"south": {"uv": [9, 6, 12, 7], "rotation": 180, "texture": "#1"},
				"west": {"uv": [9, 6, 10, 9], "rotation": 90, "texture": "#1"},
				"up": {"uv": [9, 6, 12, 9], "rotation": 180, "texture": "#1"},
				"down": {"uv": [9, 6, 12, 9], "texture": "#1"}
			}
		},
		{
			"from": [0, 15, 0],
			"to": [15, 16, 2],
			"faces": {
				"north": {"uv": [0, 0, 15, 1], "texture": "#1"},
				"east": {"uv": [14, 0, 15, 2], "rotation": 90, "texture": "#1"},
				"south": {"uv": [0, 1, 15, 2], "rotation": 180, "texture": "#1"},
				"west": {"uv": [0, 0, 1, 2], "rotation": 270, "texture": "#1"},
				"up": {"uv": [0, 0, 15, 2], "texture": "#1"},
				"down": {"uv": [0, 0, 15, 2], "rotation": 180, "texture": "#1"}
			}
		},
		{
			"from": [3, 15, 3],
			"to": [12, 16, 6],
			"faces": {
				"north": {"uv": [3, 3, 12, 4], "texture": "#1"},
				"east": {"uv": [11, 3, 12, 6], "rotation": 90, "texture": "#1"},
				"south": {"uv": [3, 5, 12, 6], "rotation": 180, "texture": "#1"},
				"west": {"uv": [3, 3, 4, 6], "rotation": 270, "texture": "#1"},
				"up": {"uv": [3, 3, 12, 6], "texture": "#1"},
				"down": {"uv": [3, 3, 12, 6], "rotation": 180, "texture": "#1"}
			}
		},
		{
			"from": [9, 15, 6],
			"to": [12, 16, 9],
			"faces": {
				"north": {"uv": [9, 6, 12, 7], "texture": "#1"},
				"east": {"uv": [11, 6, 12, 9], "rotation": 90, "texture": "#1"},
				"south": {"uv": [9, 8, 12, 9], "rotation": 180, "texture": "#1"},
				"west": {"uv": [9, 6, 10, 9], "rotation": 270, "texture": "#1"},
				"up": {"uv": [9, 6, 12, 9], "texture": "#1"},
				"down": {"uv": [9, 6, 12, 9], "rotation": 180, "texture": "#1"}
			}
		},
		{
			"from": [3, 15, 9],
			"to": [12, 16, 12],
			"faces": {
				"north": {"uv": [3, 9, 12, 10], "texture": "#1"},
				"east": {"uv": [11, 9, 12, 12], "rotation": 90, "texture": "#1"},
				"south": {"uv": [3, 11, 12, 12], "rotation": 180, "texture": "#1"},
				"west": {"uv": [3, 9, 4, 12], "rotation": 270, "texture": "#1"},
				"up": {"uv": [3, 9, 12, 12], "texture": "#1"},
				"down": {"uv": [3, 9, 12, 12], "rotation": 180, "texture": "#1"}
			}
		},
		{
			"from": [3, 15, 6],
			"to": [6, 16, 9],
			"faces": {
				"north": {"uv": [3, 6, 6, 7], "texture": "#1"},
				"east": {"uv": [5, 6, 6, 9], "rotation": 90, "texture": "#1"},
				"south": {"uv": [3, 8, 6, 9], "rotation": 180, "texture": "#1"},
				"west": {"uv": [3, 6, 4, 9], "rotation": 270, "texture": "#1"},
				"up": {"uv": [3, 6, 6, 9], "texture": "#1"},
				"down": {"uv": [3, 6, 6, 9], "rotation": 180, "texture": "#1"}
			}
		},
		{
			"from": [13, 15, 2],
			"to": [15, 16, 13],
			"faces": {
				"north": {"uv": [13, 2, 15, 3], "texture": "#1"},
				"east": {"uv": [14, 2, 15, 13], "rotation": 90, "texture": "#1"},
				"south": {"uv": [13, 12, 15, 13], "rotation": 180, "texture": "#1"},
				"west": {"uv": [13, 2, 14, 13], "rotation": 270, "texture": "#1"},
				"up": {"uv": [13, 2, 15, 13], "texture": "#1"},
				"down": {"uv": [13, 2, 15, 13], "rotation": 180, "texture": "#1"}
			}
		},
		{
			"from": [0, 15, 13],
			"to": [15, 16, 15],
			"faces": {
				"north": {"uv": [0, 13, 15, 14], "texture": "#1"},
				"east": {"uv": [14, 13, 15, 15], "rotation": 90, "texture": "#1"},
				"south": {"uv": [0, 14, 15, 15], "rotation": 180, "texture": "#1"},
				"west": {"uv": [0, 13, 1, 15], "rotation": 270, "texture": "#1"},
				"up": {"uv": [0, 13, 15, 15], "texture": "#1"},
				"down": {"uv": [0, 13, 15, 15], "rotation": 180, "texture": "#1"}
			}
		},
		{
			"from": [0, 15, 2],
			"to": [2, 16, 13],
			"faces": {
				"north": {"uv": [0, 2, 2, 3], "texture": "#1"},
				"east": {"uv": [1, 2, 2, 13], "rotation": 90, "texture": "#1"},
				"south": {"uv": [0, 12, 2, 13], "rotation": 180, "texture": "#1"},
				"west": {"uv": [0, 2, 1, 13], "rotation": 270, "texture": "#1"},
				"up": {"uv": [0, 2, 2, 13], "texture": "#1"},
				"down": {"uv": [0, 2, 2, 13], "rotation": 180, "texture": "#1"}
			}
		},
		{
			"from": [15, 1, 1],
			"to": [16, 3, 16],
			"faces": {
				"north": {"uv": [14, 13, 15, 15], "texture": "#1"},
				"east": {"uv": [0, 13, 15, 15], "texture": "#1"},
				"south": {"uv": [0, 13, 1, 15], "texture": "#1"},
				"west": {"uv": [0, 13, 15, 15], "texture": "#1"},
				"up": {"uv": [0, 13, 15, 14], "rotation": 90, "texture": "#1"},
				"down": {"uv": [0, 14, 15, 15], "rotation": 270, "texture": "#1"}
			}
		},
		{
			"from": [15, 3, 14],
			"to": [16, 14, 16],
			"faces": {
				"north": {"uv": [1, 2, 2, 13], "texture": "#1"},
				"east": {"uv": [0, 2, 2, 13], "texture": "#1"},
				"south": {"uv": [0, 2, 1, 13], "texture": "#1"},
				"west": {"uv": [0, 2, 2, 13], "texture": "#1"},
				"up": {"uv": [0, 2, 2, 3], "rotation": 90, "texture": "#1"},
				"down": {"uv": [0, 12, 2, 13], "rotation": 270, "texture": "#1"}
			}
		},
		{
			"from": [15, 10, 4],
			"to": [16, 13, 13],
			"faces": {
				"north": {"uv": [11, 3, 12, 6], "texture": "#1"},
				"east": {"uv": [3, 3, 12, 6], "texture": "#1"},
				"south": {"uv": [3, 3, 4, 6], "texture": "#1"},
				"west": {"uv": [3, 3, 12, 6], "texture": "#1"},
				"up": {"uv": [3, 3, 12, 4], "rotation": 90, "texture": "#1"},
				"down": {"uv": [3, 5, 12, 6], "rotation": 270, "texture": "#1"}
			}
		},
		{
			"from": [15, 7, 10],
			"to": [16, 10, 13],
			"faces": {
				"north": {"uv": [5, 6, 6, 9], "texture": "#1"},
				"east": {"uv": [3, 6, 6, 9], "texture": "#1"},
				"south": {"uv": [3, 6, 4, 9], "texture": "#1"},
				"west": {"uv": [3, 6, 6, 9], "texture": "#1"},
				"up": {"uv": [3, 6, 6, 7], "rotation": 90, "texture": "#1"},
				"down": {"uv": [3, 8, 6, 9], "rotation": 270, "texture": "#1"}
			}
		},
		{
			"from": [15, 14, 1],
			"to": [16, 16, 16],
			"faces": {
				"north": {"uv": [14, 0, 15, 2], "texture": "#1"},
				"east": {"uv": [0, 0, 15, 2], "texture": "#1"},
				"south": {"uv": [0, 0, 1, 2], "texture": "#1"},
				"west": {"uv": [0, 0, 15, 2], "texture": "#1"},
				"up": {"uv": [0, 0, 15, 1], "rotation": 90, "texture": "#1"},
				"down": {"uv": [0, 1, 15, 2], "rotation": 270, "texture": "#1"}
			}
		},
		{
			"from": [15, 7, 4],
			"to": [16, 10, 7],
			"faces": {
				"north": {"uv": [11, 6, 12, 9], "texture": "#1"},
				"east": {"uv": [9, 6, 12, 9], "texture": "#1"},
				"south": {"uv": [9, 6, 10, 9], "texture": "#1"},
				"west": {"uv": [9, 6, 12, 9], "texture": "#1"},
				"up": {"uv": [9, 6, 12, 7], "rotation": 90, "texture": "#1"},
				"down": {"uv": [9, 8, 12, 9], "rotation": 270, "texture": "#1"}
			}
		},
		{
			"from": [15, 4, 4],
			"to": [16, 7, 13],
			"faces": {
				"north": {"uv": [11, 9, 12, 12], "texture": "#1"},
				"east": {"uv": [3, 9, 12, 12], "texture": "#1"},
				"south": {"uv": [3, 9, 4, 12], "texture": "#1"},
				"west": {"uv": [3, 9, 12, 12], "texture": "#1"},
				"up": {"uv": [3, 9, 12, 10], "rotation": 90, "texture": "#1"},
				"down": {"uv": [3, 11, 12, 12], "rotation": 270, "texture": "#1"}
			}
		},
		{
			"from": [15, 3, 1],
			"to": [16, 14, 3],
			"faces": {
				"north": {"uv": [14, 2, 15, 13], "texture": "#1"},
				"east": {"uv": [13, 2, 15, 13], "texture": "#1"},
				"south": {"uv": [13, 2, 14, 13], "texture": "#1"},
				"west": {"uv": [13, 2, 15, 13], "texture": "#1"},
				"up": {"uv": [13, 2, 15, 3], "rotation": 90, "texture": "#1"},
				"down": {"uv": [13, 12, 15, 13], "rotation": 270, "texture": "#1"}
			}
		},
		{
			"from": [0, 14, 0],
			"to": [1, 16, 15],
			"faces": {
				"north": {"uv": [0, 0, 1, 2], "texture": "#1"},
				"east": {"uv": [0, 0, 15, 2], "texture": "#1"},
				"south": {"uv": [14, 0, 15, 2], "texture": "#1"},
				"west": {"uv": [0, 0, 15, 2], "texture": "#1"},
				"up": {"uv": [0, 0, 15, 1], "rotation": 270, "texture": "#1"},
				"down": {"uv": [0, 1, 15, 2], "rotation": 90, "texture": "#1"}
			}
		},
		{
			"from": [0, 10, 3],
			"to": [1, 13, 12],
			"faces": {
				"north": {"uv": [3, 3, 4, 6], "texture": "#1"},
				"east": {"uv": [3, 3, 12, 6], "texture": "#1"},
				"south": {"uv": [11, 3, 12, 6], "texture": "#1"},
				"west": {"uv": [3, 3, 12, 6], "texture": "#1"},
				"up": {"uv": [3, 3, 12, 4], "rotation": 270, "texture": "#1"},
				"down": {"uv": [3, 5, 12, 6], "rotation": 90, "texture": "#1"}
			}
		},
		{
			"from": [0, 7, 3],
			"to": [1, 10, 6],
			"faces": {
				"north": {"uv": [3, 6, 4, 9], "texture": "#1"},
				"east": {"uv": [3, 6, 6, 9], "texture": "#1"},
				"south": {"uv": [5, 6, 6, 9], "texture": "#1"},
				"west": {"uv": [3, 6, 6, 9], "texture": "#1"},
				"up": {"uv": [3, 6, 6, 7], "rotation": 270, "texture": "#1"},
				"down": {"uv": [3, 8, 6, 9], "rotation": 90, "texture": "#1"}
			}
		},
		{
			"from": [0, 7, 9],
			"to": [1, 10, 12],
			"faces": {
				"north": {"uv": [9, 6, 10, 9], "texture": "#1"},
				"east": {"uv": [9, 6, 12, 9], "texture": "#1"},
				"south": {"uv": [11, 6, 12, 9], "texture": "#1"},
				"west": {"uv": [9, 6, 12, 9], "texture": "#1"},
				"up": {"uv": [9, 6, 12, 7], "rotation": 270, "texture": "#1"},
				"down": {"uv": [9, 8, 12, 9], "rotation": 90, "texture": "#1"}
			}
		},
		{
			"from": [0, 4, 3],
			"to": [1, 7, 12],
			"faces": {
				"north": {"uv": [3, 9, 4, 12], "texture": "#1"},
				"east": {"uv": [3, 9, 12, 12], "texture": "#1"},
				"south": {"uv": [11, 9, 12, 12], "texture": "#1"},
				"west": {"uv": [3, 9, 12, 12], "texture": "#1"},
				"up": {"uv": [3, 9, 12, 10], "rotation": 270, "texture": "#1"},
				"down": {"uv": [3, 11, 12, 12], "rotation": 90, "texture": "#1"}
			}
		},
		{
			"from": [0, 3, 0],
			"to": [1, 14, 2],
			"faces": {
				"north": {"uv": [0, 2, 1, 13], "texture": "#1"},
				"east": {"uv": [0, 2, 2, 13], "texture": "#1"},
				"south": {"uv": [1, 2, 2, 13], "texture": "#1"},
				"west": {"uv": [0, 2, 2, 13], "texture": "#1"},
				"up": {"uv": [0, 2, 2, 3], "rotation": 270, "texture": "#1"},
				"down": {"uv": [0, 12, 2, 13], "rotation": 90, "texture": "#1"}
			}
		},
		{
			"from": [0, 3, 13],
			"to": [1, 14, 15],
			"faces": {
				"north": {"uv": [13, 2, 14, 13], "texture": "#1"},
				"east": {"uv": [13, 2, 15, 13], "texture": "#1"},
				"south": {"uv": [14, 2, 15, 13], "texture": "#1"},
				"west": {"uv": [13, 2, 15, 13], "texture": "#1"},
				"up": {"uv": [13, 2, 15, 3], "rotation": 270, "texture": "#1"},
				"down": {"uv": [13, 12, 15, 13], "rotation": 90, "texture": "#1"}
			}
		},
		{
			"from": [0, 1, 0],
			"to": [1, 3, 15],
			"faces": {
				"north": {"uv": [0, 13, 1, 15], "texture": "#1"},
				"east": {"uv": [0, 13, 15, 15], "texture": "#1"},
				"south": {"uv": [14, 13, 15, 15], "texture": "#1"},
				"west": {"uv": [0, 13, 15, 15], "texture": "#1"},
				"up": {"uv": [0, 13, 15, 14], "rotation": 270, "texture": "#1"},
				"down": {"uv": [0, 14, 15, 15], "rotation": 90, "texture": "#1"}
			}
		},
		{
			"from": [13, 3, 15],
			"to": [15, 14, 16],
			"faces": {
				"north": {"uv": [13, 2, 15, 13], "texture": "#1"},
				"east": {"uv": [14, 2, 15, 13], "texture": "#1"},
				"south": {"uv": [13, 2, 15, 13], "texture": "#1"},
				"west": {"uv": [13, 2, 14, 13], "texture": "#1"},
				"up": {"uv": [13, 2, 15, 3], "rotation": 180, "texture": "#1"},
				"down": {"uv": [13, 12, 15, 13], "rotation": 180, "texture": "#1"}
			}
		},
		{
			"from": [9, 7, 15],
			"to": [12, 10, 16],
			"faces": {
				"north": {"uv": [9, 6, 12, 9], "texture": "#1"},
				"east": {"uv": [11, 6, 12, 9], "texture": "#1"},
				"south": {"uv": [9, 6, 12, 9], "texture": "#1"},
				"west": {"uv": [9, 6, 10, 9], "texture": "#1"},
				"up": {"uv": [9, 6, 12, 7], "rotation": 180, "texture": "#1"},
				"down": {"uv": [9, 8, 12, 9], "rotation": 180, "texture": "#1"}
			}
		},
		{
			"from": [3, 10, 15],
			"to": [12, 13, 16],
			"faces": {
				"north": {"uv": [3, 3, 12, 6], "texture": "#1"},
				"east": {"uv": [11, 3, 12, 6], "texture": "#1"},
				"south": {"uv": [3, 3, 12, 6], "texture": "#1"},
				"west": {"uv": [3, 3, 4, 6], "texture": "#1"},
				"up": {"uv": [3, 3, 12, 4], "rotation": 180, "texture": "#1"},
				"down": {"uv": [3, 5, 12, 6], "rotation": 180, "texture": "#1"}
			}
		},
		{
			"from": [3, 7, 15],
			"to": [6, 10, 16],
			"faces": {
				"north": {"uv": [3, 6, 6, 9], "texture": "#1"},
				"east": {"uv": [5, 6, 6, 9], "texture": "#1"},
				"south": {"uv": [3, 6, 6, 9], "texture": "#1"},
				"west": {"uv": [3, 6, 4, 9], "texture": "#1"},
				"up": {"uv": [3, 6, 6, 7], "rotation": 180, "texture": "#1"},
				"down": {"uv": [3, 8, 6, 9], "rotation": 180, "texture": "#1"}
			}
		},
		{
			"from": [3, 4, 15],
			"to": [12, 7, 16],
			"faces": {
				"north": {"uv": [3, 9, 12, 12], "texture": "#1"},
				"east": {"uv": [11, 9, 12, 12], "texture": "#1"},
				"south": {"uv": [3, 9, 12, 12], "texture": "#1"},
				"west": {"uv": [3, 9, 4, 12], "texture": "#1"},
				"up": {"uv": [3, 9, 12, 10], "rotation": 180, "texture": "#1"},
				"down": {"uv": [3, 11, 12, 12], "rotation": 180, "texture": "#1"}
			}
		},
		{
			"from": [0, 1, 15],
			"to": [15, 3, 16],
			"faces": {
				"north": {"uv": [0, 13, 15, 15], "texture": "#1"},
				"east": {"uv": [14, 13, 15, 15], "texture": "#1"},
				"south": {"uv": [0, 13, 15, 15], "texture": "#1"},
				"west": {"uv": [0, 13, 1, 15], "texture": "#1"},
				"up": {"uv": [0, 13, 15, 14], "rotation": 180, "texture": "#1"},
				"down": {"uv": [0, 14, 15, 15], "rotation": 180, "texture": "#1"}
			}
		},
		{
			"from": [0, 3, 15],
			"to": [2, 14, 16],
			"faces": {
				"north": {"uv": [0, 2, 2, 13], "texture": "#1"},
				"east": {"uv": [1, 2, 2, 13], "texture": "#1"},
				"south": {"uv": [0, 2, 2, 13], "texture": "#1"},
				"west": {"uv": [0, 2, 1, 13], "texture": "#1"},
				"up": {"uv": [0, 2, 2, 3], "rotation": 180, "texture": "#1"},
				"down": {"uv": [0, 12, 2, 13], "rotation": 180, "texture": "#1"}
			}
		},
		{
			"from": [0, 14, 15],
			"to": [15, 16, 16],
			"faces": {
				"north": {"uv": [0, 0, 15, 2], "texture": "#1"},
				"east": {"uv": [14, 0, 15, 2], "texture": "#1"},
				"south": {"uv": [0, 0, 15, 2], "texture": "#1"},
				"west": {"uv": [0, 0, 1, 2], "texture": "#1"},
				"up": {"uv": [0, 0, 15, 1], "rotation": 180, "texture": "#1"},
				"down": {"uv": [0, 1, 15, 2], "rotation": 180, "texture": "#1"}
			}
		}
	],
	"display": {
		"thirdperson_righthand": {
			"rotation": [12, 0, 38],
			"translation": [0, 4.25, 0],
			"scale": [0.5, 0.5, 0.5]
		},
		"thirdperson_lefthand": {
			"rotation": [12, 0, 38],
			"translation": [0, 4.25, 0],
			"scale": [0.5, 0.5, 0.5]
		},
		"firstperson_righthand": {
			"rotation": [19, 33.25, 0],
			"scale": [0.5, 0.5, 0.5]
		},
		"firstperson_lefthand": {
			"rotation": [19, 33.25, 0],
			"scale": [0.5, 0.5, 0.5]
		},
		"ground": {
			"scale": [0.5, 0.5, 0.5]
		},
		"gui": {
			"rotation": [16.75, -26.25, 0],
			"scale": [0.6, 0.6, 0.6]
		},
		"head": {
			"scale": [0.9, 0.9, 0.9]
		},
		"fixed": {
			"scale": [0.7, 0.7, 0.7]
		}
	},
	"groups": [
		0,
		{
			"name": "group",
			"origin": [0, 0, 0],
			"color": 0,
			"children": [1, 2, 3, 4, 5, 6, 7, 8]
		},
		{
			"name": "group",
			"origin": [0, 0, 0],
			"color": 0,
			"children": [9, 10, 11, 12, 13, 14, 15, 16]
		},
		{
			"name": "group",
			"origin": [0, 0, 0],
			"color": 0,
			"children": [17, 18, 19, 20, 21, 22, 23, 24]
		},
		{
			"name": "group",
			"origin": [0, 0, 0],
			"color": 0,
			"children": [25, 26, 27, 28, 29, 30, 31, 32]
		},
		{
			"name": "group",
			"origin": [0, 0, 0],
			"color": 0,
			"children": [33, 34, 35, 36, 37, 38, 39, 40]
		},
		{
			"name": "group",
			"origin": [0, 0, 0],
			"color": 0,
			"children": [41, 42, 43, 44, 45, 46, 47, 48]
		}
	]
}