{
	"format_version": "1.21.6",
	"textures": {
		"0": "block/furnace_front",
		"1": "block/furnace_side",
		"2": "block/furnace_top",
		"3": "block/furnace_front_on",
		"particle": "block/furnace_front"
	},
	"elements": [
		{
			"from": [0, 0, 0],
			"to": [1, 16, 1],
			"faces": {
				"north": {"uv": [15, 0, 16, 16], "texture": "#0"},
				"east": {"uv": [15, 0, 16, 16], "texture": "#0"},
				"south": {"uv": [0, 0, 1, 16], "texture": "#1", "cullface": "west"},
				"west": {"uv": [0, 0, 1, 16], "texture": "#1", "cullface": "west"},
				"up": {"uv": [0, 0, 1, 1], "texture": "#2"},
				"down": {"uv": [0, 15, 1, 16], "texture": "#2"}
			}
		},
		{
			"from": [0, 0, 15],
			"to": [1, 16, 16],
			"rotation": {"angle": 0, "axis": "y", "origin": [0, 0, 15]},
			"faces": {
				"north": {"uv": [15, 0, 16, 16], "texture": "#1", "cullface": "west"},
				"east": {"uv": [0, 0, 1, 16], "texture": "#1", "cullface": "south"},
				"south": {"uv": [0, 0, 1, 16], "texture": "#1", "cullface": "south"},
				"west": {"uv": [15, 0, 16, 16], "texture": "#1", "cullface": "west"},
				"up": {"uv": [0, 0, 1, 1], "texture": "#2"},
				"down": {"uv": [0, 15, 1, 16], "texture": "#2"}
			}
		},
		{
			"from": [15, 0, 15],
			"to": [16, 16, 16],
			"rotation": {"angle": 0, "axis": "y", "origin": [15, 0, 15]},
			"faces": {
				"north": {"uv": [0, 0, 1, 16], "texture": "#1", "cullface": "east"},
				"east": {"uv": [0, 0, 1, 16], "texture": "#1", "cullface": "east"},
				"south": {"uv": [15, 0, 16, 16], "texture": "#1", "cullface": "south"},
				"west": {"uv": [15, 0, 16, 16], "texture": "#1", "cullface": "south"},
				"up": {"uv": [0, 0, 1, 1], "texture": "#2"},
				"down": {"uv": [0, 15, 1, 16], "texture": "#2"}
			}
		},
		{
			"from": [15, 0, 0],
			"to": [16, 16, 1],
			"rotation": {"angle": 0, "axis": "y", "origin": [15, 0, 0]},
			"faces": {
				"north": {"uv": [0, 0, 1, 16], "texture": "#0"},
				"east": {"uv": [15, 0, 16, 16], "texture": "#1", "cullface": "east"},
				"south": {"uv": [15, 0, 16, 16], "texture": "#1", "cullface": "east"},
				"west": {"uv": [0, 0, 1, 16], "texture": "#0"},
				"up": {"uv": [0, 0, 1, 1], "texture": "#2"},
				"down": {"uv": [0, 15, 1, 16], "texture": "#2"}
			}
		},
		{
			"from": [1, 0, 0],
			"to": [15, 1, 1],
			"rotation": {"angle": 0, "axis": "y", "origin": [14, 0, 0]},
			"faces": {
				"north": {"uv": [1, 15, 15, 16], "texture": "#0", "cullface": "north"},
				"south": {"uv": [1, 15, 15, 16], "texture": "#2", "cullface": "down"},
				"up": {"uv": [1, 15, 15, 16], "texture": "#0", "cullface": "north"},
				"down": {"uv": [1, 15, 15, 16], "texture": "#2", "cullface": "down"}
			}
		},
		{
			"from": [1, 0, 15],
			"to": [15, 1, 16],
			"rotation": {"angle": 0, "axis": "y", "origin": [14, 0, 15]},
			"faces": {
				"north": {"uv": [1, 0, 15, 1], "rotation": 180, "texture": "#2", "cullface": "down"},
				"south": {"uv": [1, 15, 15, 16], "texture": "#1", "cullface": "south"},
				"up": {"uv": [1, 15, 15, 16], "texture": "#1", "cullface": "south"},
				"down": {"uv": [1, 0, 15, 1], "texture": "#2", "cullface": "down"}
			}
		},
		{
			"from": [1, 15, 15],
			"to": [15, 16, 16],
			"rotation": {"angle": 0, "axis": "y", "origin": [14, 15, 15]},
			"faces": {
				"north": {"uv": [1, 15, 15, 16], "rotation": 180, "texture": "#2", "cullface": "up"},
				"south": {"uv": [1, 0, 15, 1], "texture": "#1", "cullface": "south"},
				"up": {"uv": [1, 15, 15, 16], "texture": "#2", "cullface": "up"},
				"down": {"uv": [1, 0, 15, 1], "texture": "#1", "cullface": "south"}
			}
		},
		{
			"from": [0, 0, 1],
			"to": [1, 1, 15],
			"rotation": {"angle": 0, "axis": "y", "origin": [0, 0, 2]},
			"faces": {
				"east": {"uv": [1, 15, 15, 16], "texture": "#1", "cullface": "down"},
				"west": {"uv": [1, 15, 15, 16], "texture": "#1", "cullface": "west"},
				"up": {"uv": [1, 15, 15, 16], "rotation": 270, "texture": "#1", "cullface": "west"},
				"down": {"uv": [0, 1, 1, 15], "rotation": 180, "texture": "#2", "cullface": "down"}
			}
		},
		{
			"from": [0, 15, 1],
			"to": [1, 16, 15],
			"rotation": {"angle": 0, "axis": "y", "origin": [0, 15, 2]},
			"faces": {
				"east": {"uv": [0, 1, 1, 15], "rotation": 270, "texture": "#2", "cullface": "up"},
				"west": {"uv": [1, 0, 15, 1], "texture": "#1", "cullface": "west"},
				"up": {"uv": [0, 1, 1, 15], "rotation": 180, "texture": "#2", "cullface": "up"},
				"down": {"uv": [1, 0, 15, 1], "rotation": 270, "texture": "#1", "cullface": "west"}
			}
		},
		{
			"from": [15, 15, 1],
			"to": [16, 16, 15],
			"rotation": {"angle": 0, "axis": "y", "origin": [15, 15, 2]},
			"faces": {
				"east": {"uv": [1, 0, 15, 1], "texture": "#1", "cullface": "east"},
				"west": {"uv": [15, 1, 16, 15], "rotation": 90, "texture": "#2", "cullface": "up"},
				"up": {"uv": [15, 1, 16, 15], "rotation": 180, "texture": "#2", "cullface": "up"},
				"down": {"uv": [1, 0, 15, 1], "rotation": 90, "texture": "#1", "cullface": "east"}
			}
		},
		{
			"from": [1, 15, 0],
			"to": [15, 16, 1],
			"rotation": {"angle": 0, "axis": "y", "origin": [14, 15, 0]},
			"faces": {
				"north": {"uv": [1, 0, 15, 1], "rotation": 180, "texture": "#0", "cullface": "north"},
				"south": {"uv": [1, 0, 15, 1], "texture": "#2", "cullface": "up"},
				"up": {"uv": [1, 0, 15, 1], "texture": "#2", "cullface": "up"},
				"down": {"uv": [1, 0, 15, 1], "texture": "#0", "cullface": "north"}
			}
		},
		{
			"from": [15, 0, 1],
			"to": [16, 1, 15],
			"rotation": {"angle": 0, "axis": "y", "origin": [15, 0, 2]},
			"faces": {
				"east": {"uv": [1, 15, 15, 16], "texture": "#1", "cullface": "east"},
				"west": {"uv": [1, 15, 15, 16], "texture": "#1", "cullface": "down"},
				"up": {"uv": [1, 15, 15, 16], "rotation": 270, "texture": "#1", "cullface": "east"},
				"down": {"uv": [15, 1, 16, 15], "rotation": 180, "texture": "#2", "cullface": "down"}
			}
		},
		{
			"from": [1, 0.5, 1],
			"to": [15, 1, 15],
			"rotation": {"angle": 0, "axis": "y", "origin": [1, 0, 1]},
			"faces": {
				"down": {"uv": [1, 1, 15, 15], "texture": "#2", "cullface": "down"}
			}
		},
		{
			"from": [15, 1, 1],
			"to": [15.5, 7, 15],
			"rotation": {"angle": 0, "axis": "y", "origin": [14, 1, 1]},
			"faces": {
				"east": {"uv": [1, 9, 15, 15], "texture": "#1", "cullface": "east"},
				"up": {"uv": [1, 9, 15, 10], "rotation": 270, "texture": "#1", "cullface": "east"}
			}
		},
		{
			"from": [1, 1, 15],
			"to": [15, 7, 15.5],
			"rotation": {"angle": 0, "axis": "y", "origin": [15, 1, 14]},
			"faces": {
				"south": {"uv": [1, 9, 15, 15], "texture": "#1", "cullface": "south"},
				"up": {"uv": [1, 9, 15, 10], "texture": "#1", "cullface": "south"}
			}
		},
		{
			"from": [0.5, 1, 1],
			"to": [1, 7, 15],
			"rotation": {"angle": 0, "axis": "y", "origin": [2, 1, 15]},
			"faces": {
				"west": {"uv": [1, 9, 15, 15], "texture": "#1", "cullface": "west"},
				"up": {"uv": [1, 9, 15, 10], "rotation": 90, "texture": "#1", "cullface": "west"}
			}
		},
		{
			"from": [13, 1, 1],
			"to": [15, 15, 15],
			"rotation": {"angle": 0, "axis": "y", "origin": [13, 1, 1]},
			"faces": {
				"north": {"uv": [1, 1, 3, 15], "texture": "#0", "cullface": "north"},
				"east": {"uv": [1, 1, 15, 15], "texture": "#1", "cullface": "east"},
				"south": {"uv": [13, 1, 15, 15], "texture": "#1", "cullface": "south"},
				"west": {"uv": [3, 5, 4, 6], "texture": "#0", "cullface": "north"},
				"up": {"uv": [13, 1, 15, 15], "texture": "#2", "cullface": "up"}
			}
		},
		{
			"from": [1, 1, 1],
			"to": [3, 15, 15],
			"rotation": {"angle": 0, "axis": "y", "origin": [1, 1, 1]},
			"faces": {
				"north": {"uv": [13, 1, 15, 15], "texture": "#0", "cullface": "north"},
				"east": {"uv": [12, 5, 13, 6], "texture": "#0", "cullface": "north"},
				"south": {"uv": [1, 1, 3, 15], "texture": "#1", "cullface": "south"},
				"west": {"uv": [1, 1, 15, 15], "texture": "#1", "cullface": "west"},
				"up": {"uv": [1, 1, 3, 15], "texture": "#2", "cullface": "up"}
			}
		},
		{
			"from": [3, 1, 4],
			"to": [13, 15, 15],
			"rotation": {"angle": 0, "axis": "y", "origin": [3, 1, 13]},
			"faces": {
				"north": {"uv": [4, 4, 12, 5], "texture": "#0", "cullface": "north"},
				"south": {"uv": [3, 1, 13, 15], "texture": "#1", "cullface": "south"},
				"up": {"uv": [3, 4, 13, 15], "texture": "#2", "cullface": "up"}
			}
		},
		{
			"from": [3, 0.5, 1],
			"to": [13, 1, 4],
			"rotation": {"angle": 0, "axis": "y", "origin": [3, 1, 1]},
			"faces": {
				"up": {"uv": [3, 14, 4, 15], "texture": "#0", "cullface": "north"}
			}
		},
		{
			"from": [3, 13, 1],
			"to": [13, 15, 4],
			"rotation": {"angle": 0, "axis": "y", "origin": [3, 13, 1]},
			"faces": {
				"north": {"uv": [3, 1, 13, 3], "texture": "#0", "cullface": "north"},
				"east": {"uv": [0, 0, 3, 2], "texture": "#missing"},
				"south": {"uv": [0, 0, 10, 2], "texture": "#missing"},
				"west": {"uv": [0, 0, 3, 2], "texture": "#missing"},
				"up": {"uv": [3, 1, 13, 4], "texture": "#2", "cullface": "up"},
				"down": {"uv": [5, 3, 6, 4], "texture": "#0", "cullface": "north"}
			}
		},
		{
			"from": [1, 1, 0.5],
			"to": [3, 7, 1],
			"rotation": {"angle": 0, "axis": "y", "origin": [1, 1, 0]},
			"faces": {
				"north": {"uv": [13, 9, 15, 15], "texture": "#0", "cullface": "north"},
				"east": {"uv": [12, 14, 12.5, 15], "texture": "#0", "cullface": "north"},
				"up": {"uv": [13, 9, 15, 9.5], "texture": "#0", "cullface": "north"}
			}
		},
		{
			"from": [13, 1, 0.5],
			"to": [15, 7, 1],
			"rotation": {"angle": 0, "axis": "y", "origin": [13, 1, 0]},
			"faces": {
				"north": {"uv": [1, 9, 3, 15], "texture": "#0", "cullface": "north"},
				"west": {"uv": [12, 14, 12.5, 15], "texture": "#0", "cullface": "north"},
				"up": {"uv": [1, 9, 3, 9.5], "texture": "#0", "cullface": "north"}
			}
		},
		{
			"from": [3, 7, 1],
			"to": [13, 9, 4],
			"rotation": {"angle": 0, "axis": "y", "origin": [3, 7, 2]},
			"faces": {
				"north": {"uv": [3, 7, 13, 9], "texture": "#0", "cullface": "north"},
				"up": {"uv": [3, 6, 4, 7], "texture": "#0", "cullface": "north"},
				"down": {"uv": [3, 6, 4, 7], "texture": "#0", "cullface": "north"}
			}
		},
		{
			"from": [12, 12, 1],
			"to": [13, 13, 4],
			"rotation": {"angle": 0, "axis": "y", "origin": [11, 11, 1]},
			"faces": {
				"north": {"uv": [3, 3, 4, 4], "texture": "#0", "cullface": "north"},
				"west": {"uv": [4, 3, 5, 4], "texture": "#0", "cullface": "north"},
				"down": {"uv": [3, 4, 4, 5], "texture": "#0", "cullface": "north"}
			}
		},
		{
			"from": [11, 12, 2],
			"to": [12, 13, 4],
			"rotation": {"angle": 0, "axis": "y", "origin": [10, 11, 1]},
			"faces": {
				"north": {"uv": [4, 3, 5, 4], "texture": "#0", "cullface": "north"},
				"west": {"uv": [4, 3, 5, 4], "texture": "#0", "cullface": "north"},
				"down": {"uv": [4, 4, 5, 5], "texture": "#0", "cullface": "north"}
			}
		},
		{
			"from": [12, 11, 2],
			"to": [13, 12, 4],
			"rotation": {"angle": 0, "axis": "y", "origin": [11, 10, 1]},
			"faces": {
				"north": {"uv": [3, 4, 4, 5], "texture": "#0", "cullface": "north"},
				"west": {"uv": [3, 4, 4, 5], "texture": "#0", "cullface": "north"},
				"down": {"uv": [3, 5, 4, 6], "texture": "#0", "cullface": "north"}
			}
		},
		{
			"from": [4, 12, 2],
			"to": [5, 13, 4],
			"rotation": {"angle": 0, "axis": "y", "origin": [3, 11, 1]},
			"faces": {
				"north": {"uv": [11, 3, 12, 4], "texture": "#0", "cullface": "north"},
				"east": {"uv": [11, 3, 12, 4], "texture": "#0", "cullface": "north"},
				"down": {"uv": [11, 4, 12, 5], "texture": "#0", "cullface": "north"}
			}
		},
		{
			"from": [3, 11, 2],
			"to": [4, 12, 4],
			"rotation": {"angle": 0, "axis": "y", "origin": [2, 10, 1]},
			"faces": {
				"north": {"uv": [12, 4, 13, 5], "texture": "#0", "cullface": "north"},
				"east": {"uv": [12, 4, 13, 5], "texture": "#0", "cullface": "north"},
				"down": {"uv": [12, 5, 13, 6], "texture": "#0", "cullface": "north"}
			}
		},
		{
			"from": [5, 12, 3],
			"to": [11, 13, 4],
			"rotation": {"angle": 0, "axis": "y", "origin": [9, 11, 1]},
			"faces": {
				"north": {"uv": [5, 3, 11, 4], "texture": "#0", "cullface": "north"},
				"down": {"uv": [5, 3, 11, 4], "texture": "#0", "cullface": "north"}
			}
		},
		{
			"from": [5, 4, 3],
			"to": [11, 5, 4],
			"rotation": {"angle": 0, "axis": "y", "origin": [9, 3, 1]},
			"faces": {
				"north": {"uv": [5, 3, 11, 4], "texture": "#0", "cullface": "north"},
				"down": {"uv": [5, 3, 11, 4], "texture": "#0", "cullface": "north"}
			}
		},
		{
			"from": [3, 12, 1],
			"to": [4, 13, 4],
			"rotation": {"angle": 0, "axis": "y", "origin": [2, 11, 1]},
			"faces": {
				"north": {"uv": [12, 3, 13, 4], "texture": "#0", "cullface": "north"},
				"east": {"uv": [11, 3, 12, 4], "texture": "#0", "cullface": "north"},
				"down": {"uv": [12, 4, 13, 5], "texture": "#0", "cullface": "north"}
			}
		},
		{
			"from": [3, 3, 1.5],
			"to": [4, 4, 4],
			"rotation": {"angle": 0, "axis": "y", "origin": [2, 2, 0.5]},
			"faces": {
				"north": {"uv": [12, 12, 13, 13], "texture": "#0", "cullface": "north"},
				"east": {"uv": [12, 12, 13, 13], "texture": "#0", "cullface": "north"},
				"down": {"uv": [12, 13, 13, 14], "texture": "#0", "cullface": "north"}
			}
		},
		{
			"from": [4, 4, 1.5],
			"to": [5, 5, 4],
			"rotation": {"angle": 0, "axis": "y", "origin": [3, 3, 0.5]},
			"faces": {
				"north": {"uv": [11, 11, 12, 12], "texture": "#0", "cullface": "north"},
				"east": {"uv": [11, 11, 12, 12], "texture": "#0", "cullface": "north"},
				"down": {"uv": [11, 12, 12, 13], "texture": "#0", "cullface": "north"}
			}
		},
		{
			"from": [3, 4, 0.5],
			"to": [4, 5, 4],
			"rotation": {"angle": 0, "axis": "y", "origin": [2, 3, 0.5]},
			"faces": {
				"north": {"uv": [12, 11, 13, 12], "texture": "#0", "cullface": "north"},
				"east": {"uv": [11, 11, 12, 12], "texture": "#0", "cullface": "north"},
				"down": {"uv": [12, 12, 13, 13], "texture": "#0", "cullface": "north"}
			}
		},
		{
			"from": [12, 4, 0.5],
			"to": [13, 5, 4],
			"rotation": {"angle": 0, "axis": "y", "origin": [11, 3, 0.5]},
			"faces": {
				"north": {"uv": [3, 11, 4, 12], "texture": "#0", "cullface": "north"},
				"west": {"uv": [4, 11, 5, 12], "texture": "#0", "cullface": "north"},
				"down": {"uv": [3, 12, 4, 13], "texture": "#0", "cullface": "north"}
			}
		},
		{
			"from": [11, 4, 1.5],
			"to": [12, 5, 4],
			"rotation": {"angle": 0, "axis": "y", "origin": [10, 3, 0.5]},
			"faces": {
				"north": {"uv": [4, 11, 5, 12], "texture": "#0", "cullface": "north"},
				"west": {"uv": [4, 11, 5, 12], "texture": "#0", "cullface": "north"},
				"down": {"uv": [4, 12, 5, 13], "texture": "#0", "cullface": "north"}
			}
		},
		{
			"from": [12, 3, 1.5],
			"to": [13, 4, 4],
			"rotation": {"angle": 0, "axis": "y", "origin": [11, 2, 0.5]},
			"faces": {
				"north": {"uv": [3, 12, 4, 13], "texture": "#0", "cullface": "north"},
				"west": {"uv": [3, 12, 4, 13], "texture": "#0", "cullface": "north"},
				"down": {"uv": [3, 13, 4, 14], "texture": "#0", "cullface": "north"}
			}
		},
		{
			"from": [3, 5, 0.5],
			"to": [13, 7, 4],
			"rotation": {"angle": 0, "axis": "y", "origin": [3, 5, 0.5]},
			"faces": {
				"north": {"uv": [3, 9, 13, 11], "texture": "#0", "cullface": "north"},
				"up": {"uv": [3, 9, 13, 12.5], "texture": "#0", "cullface": "north"},
				"down": {"uv": [4, 12, 5, 12.5], "texture": "#0", "cullface": "north"}
			}
		},
		{
			"from": [3, 1, 0.5],
			"to": [13, 5, 1],
			"rotation": {"angle": 0, "axis": "y", "origin": [3, 1, 0]},
			"faces": {
				"north": {"uv": [3, 11, 13, 15], "texture": "#3"},
				"east": {"uv": [0, 0, 0.5, 4], "texture": "#missing"},
				"south": {"uv": [0, 0, 10, 4], "texture": "#missing"},
				"west": {"uv": [0, 0, 0.5, 4], "texture": "#missing"},
				"up": {"uv": [0, 0, 10, 0.5], "texture": "#missing"},
				"down": {"uv": [0, 0, 10, 0.5], "texture": "#missing"}
			}
		}
	],
	"display": {
		"thirdperson_righthand": {
			"rotation": [99, 38, 0],
			"translation": [0, 4.25, 0],
			"scale": [0.5, 0.5, 0.5]
		},
		"thirdperson_lefthand": {
			"rotation": [99, 38, 0],
			"translation": [0, 4.25, 0],
			"scale": [0.5, 0.5, 0.5]
		},
		"firstperson_righthand": {
			"rotation": [19.5, 33.25, 0],
			"scale": [0.5, 0.5, 0.5]
		},
		"firstperson_lefthand": {
			"rotation": [19.5, 33.25, 0],
			"scale": [0.5, 0.5, 0.5]
		},
		"ground": {
			"scale": [0.2, 0.2, 0.2]
		},
		"gui": {
			"rotation": [16.75, 153, 0],
			"scale": [0.6, 0.6, 0.6]
		},
		"head": {
			"scale": [0.9, 0.9, 0.9]
		},
		"fixed": {
			"scale": [0.7, 0.7, 0.7]
		}
	}
}