{
	"credit": "Made with Blockbench",
	"textures": {
		"1": "minecraft:block/ladder",
		"particle": "minecraft:block/ladder"
	},
	"elements": [
		{
			"from": [12, 0, 14],
			"to": [14, 16, 16],
			"faces": {
				"north": {"uv": [2, 0, 4, 16], "texture": "#1"},
				"east": {"uv": [2, 0, 4, 16], "texture": "#1"},
				"south": {"uv": [2, 0, 4, 16], "texture": "#1"},
				"west": {"uv": [2, 0, 4, 16], "texture": "#1"},
				"up": {"uv": [2, 0, 4, 1], "rotation": 180, "texture": "#1"},
				"down": {"uv": [2, 0, 4, 1], "rotation": 180, "texture": "#1"}
			}
		},
		{
			"from": [2, 0, 14],
			"to": [4, 16, 16],
			"faces": {
				"north": {"uv": [12, 0, 14, 16], "texture": "#1"},
				"east": {"uv": [12, 0, 14, 16], "texture": "#1"},
				"south": {"uv": [12, 0, 14, 16], "texture": "#1"},
				"west": {"uv": [12, 0, 14, 16], "texture": "#1"},
				"up": {"uv": [12, 0, 14, 1], "rotation": 180, "texture": "#1"},
				"down": {"uv": [12, 0, 14, 1], "rotation": 180, "texture": "#1"}
			}
		},
		{
			"from": [1, 13, 14],
			"to": [15, 15, 16],
			"faces": {
				"north": {"uv": [1, 1, 15, 3], "texture": "#1"},
				"east": {"uv": [10, 1, 12, 3], "rotation": 90, "texture": "#1"},
				"south": {"uv": [1, 1, 15, 3], "texture": "#1"},
				"west": {"uv": [4, 1, 6, 3], "rotation": 90, "texture": "#1"},
				"up": {"uv": [1, 1, 15, 3], "rotation": 180, "texture": "#1"},
				"down": {"uv": [1, 1, 15, 3], "rotation": 180, "texture": "#1"}
			}
		},
		{
			"from": [1, 9, 14],
			"to": [15, 11, 16],
			"faces": {
				"north": {"uv": [1, 1, 15, 3], "texture": "#1"},
				"east": {"uv": [10, 1, 12, 3], "rotation": 90, "texture": "#1"},
				"south": {"uv": [1, 1, 15, 3], "texture": "#1"},
				"west": {"uv": [4, 1, 6, 3], "rotation": 90, "texture": "#1"},
				"up": {"uv": [1, 1, 15, 3], "rotation": 180, "texture": "#1"},
				"down": {"uv": [1, 1, 15, 3], "rotation": 180, "texture": "#1"}
			}
		},
		{
			"from": [1, 5, 14],
			"to": [15, 7, 16],
			"faces": {
				"north": {"uv": [1, 1, 15, 3], "texture": "#1"},
				"east": {"uv": [10, 1, 12, 3], "rotation": 90, "texture": "#1"},
				"south": {"uv": [1, 1, 15, 3], "texture": "#1"},
				"west": {"uv": [4, 1, 6, 3], "rotation": 90, "texture": "#1"},
				"up": {"uv": [1, 1, 15, 3], "rotation": 180, "texture": "#1"},
				"down": {"uv": [1, 1, 15, 3], "rotation": 180, "texture": "#1"}
			}
		},
		{
			"from": [1, 1, 14],
			"to": [15, 3, 16],
			"faces": {
				"north": {"uv": [1, 1, 15, 3], "texture": "#1"},
				"east": {"uv": [10, 1, 12, 3], "rotation": 90, "texture": "#1"},
				"south": {"uv": [1, 1, 15, 3], "texture": "#1"},
				"west": {"uv": [4, 1, 6, 3], "rotation": 90, "texture": "#1"},
				"up": {"uv": [1, 1, 15, 3], "rotation": 180, "texture": "#1"},
				"down": {"uv": [1, 1, 15, 3], "rotation": 180, "texture": "#1"}
			}
		}
	]
}