{
	"textures": {
		"0": "block/rail",
		"particle": "block/rail"
	},
	"elements": [
		{
			"from": [2, 7.75, 0],
			"to": [4, 8.75, 16.5],
			"rotation": {"angle": -45, "axis": "x", "origin": [8, 8.125, 8.25], "rescale": true},
			"faces": {
				"north": {"uv": [12, 0, 14, 1], "texture": "#0"},
				"east": {"uv": [12, 0, 13, 16], "rotation": 270, "texture": "#0"},
				"south": {"uv": [12, 15, 14, 16], "texture": "#0"},
				"west": {"uv": [13, 0, 14, 16], "rotation": 270, "texture": "#0"},
				"up": {"uv": [12, 0, 14, 16], "rotation": 180, "texture": "#0"},
				"down": {"uv": [12, 0, 14, 16], "rotation": 180, "texture": "#0"}
			}
		},
		{
			"from": [12, 7.75, 0],
			"to": [14, 8.75, 16.5],
			"rotation": {"angle": -45, "axis": "x", "origin": [8, 8.125, 8.25], "rescale": true},
			"faces": {
				"north": {"uv": [2, 0, 4, 1], "texture": "#0"},
				"east": {"uv": [2, 0, 3, 16], "rotation": 270, "texture": "#0"},
				"south": {"uv": [2, 15, 4, 16], "texture": "#0"},
				"west": {"uv": [3, 0, 4, 16], "rotation": 270, "texture": "#0"},
				"up": {"uv": [2, 0, 4, 16], "rotation": 180, "texture": "#0"},
				"down": {"uv": [2, 0, 4, 16], "rotation": 180, "texture": "#0"}
			}
		},
		{
			"from": [1, 7.75, 13.25],
			"to": [15, 8.25, 15.25],
			"rotation": {"angle": -45, "axis": "x", "origin": [8, 8.125, 8.25], "rescale": true},
			"faces": {
				"north": {"uv": [1, 2, 15, 3], "rotation": 180, "texture": "#0"},
				"east": {"uv": [1, 1, 2, 3], "rotation": 270, "texture": "#0"},
				"south": {"uv": [1, 1, 15, 2], "rotation": 180, "texture": "#0"},
				"west": {"uv": [14, 1, 15, 3], "rotation": 90, "texture": "#0"},
				"up": {"uv": [1, 1, 15, 3], "rotation": 180, "texture": "#0"},
				"down": {"uv": [1, 1, 15, 3], "texture": "#0"}
			}
		},
		{
			"from": [1, 7.75, 9.25],
			"to": [15, 8.25, 11.25],
			"rotation": {"angle": -45, "axis": "x", "origin": [8, 8.125, 8.25], "rescale": true},
			"faces": {
				"north": {"uv": [1, 6, 15, 7], "rotation": 180, "texture": "#0"},
				"east": {"uv": [1, 5, 2, 7], "rotation": 270, "texture": "#0"},
				"south": {"uv": [1, 5, 15, 6], "rotation": 180, "texture": "#0"},
				"west": {"uv": [14, 5, 15, 7], "rotation": 90, "texture": "#0"},
				"up": {"uv": [1, 5, 15, 7], "rotation": 180, "texture": "#0"},
				"down": {"uv": [1, 5, 15, 7], "texture": "#0"}
			}
		},
		{
			"from": [1, 7.75, 5.25],
			"to": [15, 8.25, 7.25],
			"rotation": {"angle": -45, "axis": "x", "origin": [8, 8.125, 8.25], "rescale": true},
			"faces": {
				"north": {"uv": [1, 10, 15, 11], "rotation": 180, "texture": "#0"},
				"east": {"uv": [1, 9, 2, 11], "rotation": 270, "texture": "#0"},
				"south": {"uv": [1, 9, 15, 10], "rotation": 180, "texture": "#0"},
				"west": {"uv": [14, 9, 15, 11], "rotation": 90, "texture": "#0"},
				"up": {"uv": [1, 9, 15, 11], "rotation": 180, "texture": "#0"},
				"down": {"uv": [1, 9, 15, 11], "texture": "#0"}
			}
		},
		{
			"from": [1, 7.75, 1.25],
			"to": [15, 8.25, 3.25],
			"rotation": {"angle": -45, "axis": "x", "origin": [8, 8.125, 8.25], "rescale": true},
			"faces": {
				"north": {"uv": [1, 14, 15, 15], "rotation": 180, "texture": "#0"},
				"east": {"uv": [1, 13, 2, 15], "rotation": 270, "texture": "#0"},
				"south": {"uv": [1, 13, 15, 14], "rotation": 180, "texture": "#0"},
				"west": {"uv": [14, 13, 15, 15], "rotation": 90, "texture": "#0"},
				"up": {"uv": [1, 13, 15, 15], "rotation": 180, "texture": "#0"},
				"down": {"uv": [1, 13, 15, 15], "texture": "#0"}
			}
		}
	],
	"display": {
		"thirdperson_righthand": {
			"rotation": [99, 0, 0],
			"translation": [0, 1.5, 4.25],
			"scale": [0.5, 0.5, 0.5]
		},
		"thirdperson_lefthand": {
			"rotation": [99, 0, 0],
			"translation": [0, 1.5, 4.25],
			"scale": [0.5, 0.5, 0.5]
		},
		"firstperson_righthand": {
			"rotation": [54.5, 0, 0],
			"translation": [0, 4, 3.5],
			"scale": [0.5, 0.5, 0.5]
		},
		"firstperson_lefthand": {
			"rotation": [54.5, 0, 0],
			"translation": [0, 4, 3.5],
			"scale": [0.5, 0.5, 0.5]
		},
		"ground": {
			"translation": [0, 1.5, 0],
			"scale": [0.5, 0.5, 0.5]
		},
		"gui": {
			"rotation": [90, 0, 0],
			"scale": [0.9, 0.9, 0.9]
		},
		"head": {
			"translation": [0, 14.25, 0]
		},
		"fixed": {
			"rotation": [-90, 0, 0],
			"translation": [0, 0, -8]
		}
	}
}