{
	"credit": "Made with Blockbench",
	"textures": {
		"0": "block/rail_corner",
		"particle": "block/rail_corner"
	},
	"elements": [
		{
			"from": [14, 0, 14],
			"to": [16, 0.5, 16],
			"faces": {
				"north": {"uv": [14, 14, 16, 14.5], "rotation": 180, "texture": "#0"},
				"east": {"uv": [15.5, 14, 16, 16], "rotation": 90, "texture": "#0"},
				"south": {"uv": [14, 15.5, 16, 16], "texture": "#0"},
				"west": {"uv": [14, 14, 14.5, 16], "rotation": 270, "texture": "#0"},
				"up": {"uv": [14, 14, 16, 16], "texture": "#0"},
				"down": {"uv": [14, 14, 16, 16], "texture": "#0"}
			}
		},
		{
			"from": [11, 0, 1],
			"to": [13, 0.5, 3],
			"faces": {
				"north": {"uv": [11, 1, 13, 1.5], "rotation": 180, "texture": "#0"},
				"east": {"uv": [12.5, 1, 13, 3], "rotation": 90, "texture": "#0"},
				"south": {"uv": [11, 2.5, 13, 3], "texture": "#0"},
				"west": {"uv": [11, 1, 11.5, 3], "rotation": 270, "texture": "#0"},
				"up": {"uv": [11, 1, 13, 3], "texture": "#0"},
				"down": {"uv": [11, 1, 13, 3], "texture": "#0"}
			}
		},
		{
			"from": [14, 0, 10],
			"to": [16, 0.5, 12],
			"faces": {
				"north": {"uv": [14, 10, 16, 10.5], "rotation": 180, "texture": "#0"},
				"east": {"uv": [15.5, 10, 16, 12], "rotation": 90, "texture": "#0"},
				"south": {"uv": [14, 11.5, 16, 12], "texture": "#0"},
				"west": {"uv": [14, 10, 14.5, 12], "rotation": 270, "texture": "#0"},
				"up": {"uv": [14, 10, 16, 12], "texture": "#0"},
				"down": {"uv": [14, 10, 16, 12], "texture": "#0"}
			}
		},
		{
			"from": [12, 0, 12],
			"to": [14, 0.5, 14],
			"faces": {
				"north": {"uv": [12, 12, 14, 12.5], "rotation": 180, "texture": "#0"},
				"east": {"uv": [13.5, 12, 14, 14], "rotation": 90, "texture": "#0"},
				"south": {"uv": [12, 13.5, 14, 14], "texture": "#0"},
				"west": {"uv": [12, 12, 12.5, 14], "rotation": 270, "texture": "#0"},
				"up": {"uv": [12, 12, 14, 14], "texture": "#0"},
				"down": {"uv": [12, 12, 14, 14], "texture": "#0"}
			}
		},
		{
			"from": [11, 0, 11],
			"to": [13, 0.5, 13],
			"faces": {
				"north": {"uv": [11, 11, 13, 11.5], "rotation": 180, "texture": "#0"},
				"east": {"uv": [12.5, 11, 13, 13], "rotation": 90, "texture": "#0"},
				"south": {"uv": [11, 12.5, 13, 13], "texture": "#0"},
				"west": {"uv": [11, 11, 11.5, 13], "rotation": 270, "texture": "#0"},
				"up": {"uv": [11, 11, 13, 13], "texture": "#0"},
				"down": {"uv": [11, 11, 13, 13], "texture": "#0"}
			}
		},
		{
			"from": [10, 0, 10],
			"to": [12, 0.5, 12],
			"faces": {
				"north": {"uv": [10, 10, 12, 10.5], "rotation": 180, "texture": "#0"},
				"east": {"uv": [11.5, 10, 12, 12], "rotation": 90, "texture": "#0"},
				"south": {"uv": [10, 11.5, 12, 12], "texture": "#0"},
				"west": {"uv": [10, 10, 10.5, 12], "rotation": 270, "texture": "#0"},
				"up": {"uv": [10, 10, 12, 12], "texture": "#0"},
				"down": {"uv": [10, 10, 12, 12], "texture": "#0"}
			}
		},
		{
			"from": [9, 0, 9],
			"to": [11, 0.5, 11],
			"faces": {
				"north": {"uv": [9, 9, 11, 9.5], "rotation": 180, "texture": "#0"},
				"east": {"uv": [10.5, 9, 11, 11], "rotation": 90, "texture": "#0"},
				"south": {"uv": [9, 10.5, 11, 11], "texture": "#0"},
				"west": {"uv": [9, 9, 9.5, 11], "rotation": 270, "texture": "#0"},
				"up": {"uv": [9, 9, 11, 11], "texture": "#0"},
				"down": {"uv": [9, 9, 11, 11], "texture": "#0"}
			}
		},
		{
			"from": [8, 0, 8],
			"to": [10, 0.5, 10],
			"faces": {
				"north": {"uv": [8, 8, 10, 8.5], "rotation": 180, "texture": "#0"},
				"east": {"uv": [9.5, 8, 10, 10], "rotation": 90, "texture": "#0"},
				"south": {"uv": [8, 9.5, 10, 10], "texture": "#0"},
				"west": {"uv": [8, 8, 8.5, 10], "rotation": 270, "texture": "#0"},
				"up": {"uv": [8, 8, 10, 10], "texture": "#0"},
				"down": {"uv": [8, 8, 10, 10], "texture": "#0"}
			}
		},
		{
			"from": [7, 0, 7],
			"to": [9, 0.5, 9],
			"faces": {
				"north": {"uv": [7, 7, 9, 7.5], "rotation": 180, "texture": "#0"},
				"east": {"uv": [8.5, 7, 9, 9], "rotation": 90, "texture": "#0"},
				"south": {"uv": [7, 8.5, 9, 9], "texture": "#0"},
				"west": {"uv": [7, 7, 7.5, 9], "rotation": 270, "texture": "#0"},
				"up": {"uv": [7, 7, 9, 9], "texture": "#0"},
				"down": {"uv": [7, 7, 9, 9], "texture": "#0"}
			}
		},
		{
			"from": [5, 0, 5],
			"to": [7, 0.5, 7],
			"faces": {
				"north": {"uv": [5, 5, 7, 5.5], "rotation": 180, "texture": "#0"},
				"east": {"uv": [6.5, 5, 7, 7], "rotation": 90, "texture": "#0"},
				"south": {"uv": [5, 6.5, 7, 7], "texture": "#0"},
				"west": {"uv": [5, 5, 5.5, 7], "rotation": 270, "texture": "#0"},
				"up": {"uv": [5, 5, 7, 7], "texture": "#0"},
				"down": {"uv": [5, 5, 7, 7], "texture": "#0"}
			}
		},
		{
			"from": [10, 0, 14],
			"to": [12, 0.5, 16],
			"faces": {
				"north": {"uv": [10, 14, 12, 14.5], "rotation": 180, "texture": "#0"},
				"east": {"uv": [11.5, 14, 12, 16], "rotation": 90, "texture": "#0"},
				"south": {"uv": [10, 15.5, 12, 16], "texture": "#0"},
				"west": {"uv": [10, 14, 10.5, 16], "rotation": 270, "texture": "#0"},
				"up": {"uv": [10, 14, 12, 16], "texture": "#0"},
				"down": {"uv": [10, 14, 12, 16], "texture": "#0"}
			}
		},
		{
			"from": [1, 0, 11],
			"to": [3, 0.5, 13],
			"faces": {
				"north": {"uv": [1, 11, 3, 11.5], "rotation": 180, "texture": "#0"},
				"east": {"uv": [2.5, 11, 3, 13], "rotation": 90, "texture": "#0"},
				"south": {"uv": [1, 12.5, 3, 13], "texture": "#0"},
				"west": {"uv": [1, 11, 1.5, 13], "rotation": 270, "texture": "#0"},
				"up": {"uv": [1, 11, 3, 13], "texture": "#0"},
				"down": {"uv": [1, 11, 3, 13], "texture": "#0"}
			}
		},
		{
			"from": [7, 0, 13],
			"to": [10, 0.5, 15],
			"faces": {
				"north": {"uv": [7, 13, 10, 13.5], "rotation": 180, "texture": "#0"},
				"east": {"uv": [9.5, 13, 10, 15], "rotation": 90, "texture": "#0"},
				"south": {"uv": [7, 14.5, 10, 15], "texture": "#0"},
				"west": {"uv": [7, 13, 7.5, 15], "rotation": 270, "texture": "#0"},
				"up": {"uv": [7, 13, 10, 15], "texture": "#0"},
				"down": {"uv": [7, 13, 10, 15], "texture": "#0"}
			}
		},
		{
			"from": [4, 0, 12],
			"to": [7, 0.5, 14],
			"faces": {
				"north": {"uv": [4, 12, 7, 12.5], "rotation": 180, "texture": "#0"},
				"east": {"uv": [6.5, 12, 7, 14], "rotation": 90, "texture": "#0"},
				"south": {"uv": [4, 13.5, 7, 14], "texture": "#0"},
				"west": {"uv": [4, 12, 4.5, 14], "rotation": 270, "texture": "#0"},
				"up": {"uv": [4, 12, 7, 14], "texture": "#0"},
				"down": {"uv": [4, 12, 7, 14], "texture": "#0"}
			}
		},
		{
			"from": [13, 0, 7],
			"to": [15, 0.5, 10],
			"faces": {
				"north": {"uv": [13, 7, 15, 7.5], "rotation": 180, "texture": "#0"},
				"east": {"uv": [14.5, 7, 15, 10], "rotation": 90, "texture": "#0"},
				"south": {"uv": [13, 9.5, 15, 10], "texture": "#0"},
				"west": {"uv": [13, 7, 13.5, 10], "rotation": 270, "texture": "#0"},
				"up": {"uv": [13, 7, 15, 10], "texture": "#0"},
				"down": {"uv": [13, 7, 15, 10], "texture": "#0"}
			}
		},
		{
			"from": [12, 0, 4],
			"to": [14, 0.5, 7],
			"faces": {
				"north": {"uv": [12, 4, 14, 4.5], "rotation": 180, "texture": "#0"},
				"east": {"uv": [13.5, 4, 14, 7], "rotation": 90, "texture": "#0"},
				"south": {"uv": [12, 6.5, 14, 7], "texture": "#0"},
				"west": {"uv": [12, 4, 12.5, 7], "rotation": 270, "texture": "#0"},
				"up": {"uv": [12, 4, 14, 7], "texture": "#0"},
				"down": {"uv": [12, 4, 14, 7], "texture": "#0"}
			}
		},
		{
			"from": [12, 0, 14],
			"to": [14, 1, 16],
			"faces": {
				"north": {"uv": [12, 14, 14, 15], "texture": "#0"},
				"east": {"uv": [13, 14, 14, 16], "rotation": 270, "texture": "#0"},
				"south": {"uv": [12, 15, 14, 16], "texture": "#0"},
				"west": {"uv": [12, 14, 13, 16], "rotation": 270, "texture": "#0"},
				"up": {"uv": [12, 14, 14, 16], "rotation": 180, "texture": "#0"},
				"down": {"uv": [12, 14, 14, 16], "rotation": 180, "texture": "#0"}
			}
		},
		{
			"from": [13, 0, 13],
			"to": [14, 1, 14],
			"faces": {
				"north": {"uv": [13, 13, 14, 14], "texture": "#0"},
				"east": {"uv": [13, 13, 14, 14], "rotation": 270, "texture": "#0"},
				"south": {"uv": [13, 13, 14, 14], "texture": "#0"},
				"west": {"uv": [13, 13, 14, 14], "rotation": 270, "texture": "#0"},
				"up": {"uv": [13, 13, 14, 14], "rotation": 180, "texture": "#0"},
				"down": {"uv": [13, 13, 14, 14], "rotation": 180, "texture": "#0"}
			}
		},
		{
			"from": [5, 0, 7],
			"to": [6, 1, 8],
			"faces": {
				"north": {"uv": [5, 7, 6, 8], "texture": "#0"},
				"east": {"uv": [5, 7, 6, 8], "rotation": 270, "texture": "#0"},
				"south": {"uv": [5, 7, 6, 8], "texture": "#0"},
				"west": {"uv": [5, 7, 6, 8], "rotation": 270, "texture": "#0"},
				"up": {"uv": [5, 7, 6, 8], "rotation": 180, "texture": "#0"},
				"down": {"uv": [5, 7, 6, 8], "rotation": 180, "texture": "#0"}
			}
		},
		{
			"from": [7, 0, 5],
			"to": [8, 1, 7],
			"faces": {
				"north": {"uv": [7, 5, 8, 6], "texture": "#0"},
				"east": {"uv": [7, 5, 8, 7], "rotation": 270, "texture": "#0"},
				"south": {"uv": [7, 6, 8, 7], "texture": "#0"},
				"west": {"uv": [7, 5, 8, 7], "rotation": 270, "texture": "#0"},
				"up": {"uv": [7, 5, 8, 7], "rotation": 180, "texture": "#0"},
				"down": {"uv": [7, 5, 8, 7], "rotation": 180, "texture": "#0"}
			}
		},
		{
			"from": [6, 0, 6],
			"to": [7, 1, 8],
			"faces": {
				"north": {"uv": [6, 6, 7, 7], "texture": "#0"},
				"east": {"uv": [6, 6, 7, 8], "rotation": 270, "texture": "#0"},
				"south": {"uv": [6, 7, 7, 8], "texture": "#0"},
				"west": {"uv": [6, 6, 7, 8], "rotation": 270, "texture": "#0"},
				"up": {"uv": [6, 6, 7, 8], "rotation": 180, "texture": "#0"},
				"down": {"uv": [6, 6, 7, 8], "rotation": 180, "texture": "#0"}
			}
		},
		{
			"from": [14, 0, 12],
			"to": [16, 1, 14],
			"faces": {
				"north": {"uv": [14, 12, 16, 13], "texture": "#0"},
				"east": {"uv": [15, 12, 16, 14], "rotation": 270, "texture": "#0"},
				"south": {"uv": [14, 13, 16, 14], "texture": "#0"},
				"west": {"uv": [14, 12, 15, 14], "rotation": 270, "texture": "#0"},
				"up": {"uv": [14, 12, 16, 14], "rotation": 180, "texture": "#0"},
				"down": {"uv": [14, 12, 16, 14], "rotation": 180, "texture": "#0"}
			}
		},
		{
			"from": [14, 0, 2],
			"to": [16, 1, 4],
			"faces": {
				"north": {"uv": [14, 2, 16, 3], "texture": "#0"},
				"east": {"uv": [15, 2, 16, 4], "rotation": 270, "texture": "#0"},
				"south": {"uv": [14, 3, 16, 4], "texture": "#0"},
				"west": {"uv": [14, 2, 15, 4], "rotation": 270, "texture": "#0"},
				"up": {"uv": [14, 2, 16, 4], "rotation": 180, "texture": "#0"},
				"down": {"uv": [14, 2, 16, 4], "rotation": 180, "texture": "#0"}
			}
		},
		{
			"from": [12, 0, 2],
			"to": [14, 1, 4],
			"faces": {
				"north": {"uv": [12, 2, 14, 3], "texture": "#0"},
				"east": {"uv": [13, 2, 14, 4], "rotation": 270, "texture": "#0"},
				"south": {"uv": [12, 3, 14, 4], "texture": "#0"},
				"west": {"uv": [12, 2, 13, 4], "rotation": 270, "texture": "#0"},
				"up": {"uv": [12, 2, 14, 4], "rotation": 180, "texture": "#0"},
				"down": {"uv": [12, 2, 14, 4], "rotation": 180, "texture": "#0"}
			}
		},
		{
			"from": [10, 0, 3],
			"to": [12, 1, 5],
			"faces": {
				"north": {"uv": [10, 3, 12, 4], "texture": "#0"},
				"east": {"uv": [11, 3, 12, 5], "rotation": 270, "texture": "#0"},
				"south": {"uv": [10, 4, 12, 5], "texture": "#0"},
				"west": {"uv": [10, 3, 11, 5], "rotation": 270, "texture": "#0"},
				"up": {"uv": [10, 3, 12, 5], "rotation": 180, "texture": "#0"},
				"down": {"uv": [10, 3, 12, 5], "rotation": 180, "texture": "#0"}
			}
		},
		{
			"from": [4, 0, 8],
			"to": [6, 1, 10],
			"faces": {
				"north": {"uv": [4, 8, 6, 9], "texture": "#0"},
				"east": {"uv": [5, 8, 6, 10], "rotation": 270, "texture": "#0"},
				"south": {"uv": [6, 9, 4, 10], "texture": "#0"},
				"west": {"uv": [4, 8, 5, 10], "rotation": 270, "texture": "#0"},
				"up": {"uv": [4, 8, 6, 10], "rotation": 180, "texture": "#0"},
				"down": {"uv": [4, 8, 6, 10], "rotation": 180, "texture": "#0"}
			}
		},
		{
			"from": [3, 0, 10],
			"to": [5, 1, 12],
			"faces": {
				"north": {"uv": [3, 10, 5, 11], "texture": "#0"},
				"east": {"uv": [4, 10, 5, 12], "rotation": 270, "texture": "#0"},
				"south": {"uv": [5, 11, 3, 12], "texture": "#0"},
				"west": {"uv": [3, 10, 4, 12], "rotation": 270, "texture": "#0"},
				"up": {"uv": [3, 10, 5, 12], "rotation": 180, "texture": "#0"},
				"down": {"uv": [3, 10, 5, 12], "rotation": 180, "texture": "#0"}
			}
		},
		{
			"from": [2, 0, 12],
			"to": [4, 1, 14],
			"faces": {
				"north": {"uv": [2, 12, 4, 13], "texture": "#0"},
				"east": {"uv": [3, 12, 4, 14], "rotation": 270, "texture": "#0"},
				"south": {"uv": [4, 13, 2, 14], "texture": "#0"},
				"west": {"uv": [2, 12, 3, 14], "rotation": 270, "texture": "#0"},
				"up": {"uv": [2, 12, 4, 14], "rotation": 180, "texture": "#0"},
				"down": {"uv": [2, 12, 4, 14], "rotation": 180, "texture": "#0"}
			}
		},
		{
			"from": [2, 0, 14],
			"to": [4, 1, 16],
			"faces": {
				"north": {"uv": [2, 14, 4, 15], "texture": "#0"},
				"east": {"uv": [3, 14, 4, 16], "rotation": 270, "texture": "#0"},
				"south": {"uv": [4, 15, 2, 16], "texture": "#0"},
				"west": {"uv": [2, 14, 3, 16], "rotation": 270, "texture": "#0"},
				"up": {"uv": [2, 14, 4, 16], "rotation": 180, "texture": "#0"},
				"down": {"uv": [2, 14, 4, 16], "rotation": 180, "texture": "#0"}
			}
		},
		{
			"from": [8, 0, 4],
			"to": [10, 1, 6],
			"faces": {
				"north": {"uv": [8, 4, 10, 5], "texture": "#0"},
				"east": {"uv": [9, 4, 10, 6], "rotation": 270, "texture": "#0"},
				"south": {"uv": [8, 5, 10, 6], "texture": "#0"},
				"west": {"uv": [8, 4, 9, 6], "rotation": 270, "texture": "#0"},
				"up": {"uv": [8, 4, 10, 6], "rotation": 180, "texture": "#0"},
				"down": {"uv": [8, 4, 10, 6], "rotation": 180, "texture": "#0"}
			}
		}
	],
	"display": {
		"thirdperson_righthand": {
			"rotation": [99, 0, 0],
			"translation": [0, 1.5, 4.25],
			"scale": [0.5, 0.5, 0.5]
		},
		"thirdperson_lefthand": {
			"rotation": [99, 0, 0],
			"translation": [0, 1.5, 4.25],
			"scale": [0.5, 0.5, 0.5]
		},
		"firstperson_righthand": {
			"rotation": [-112.5, 0, 180],
			"translation": [0, 4.75, 3.5],
			"scale": [0.5, 0.5, 0.5]
		},
		"firstperson_lefthand": {
			"rotation": [-112.5, 0, 180],
			"translation": [0, 4.75, 3.5],
			"scale": [0.5, 0.5, 0.5]
		},
		"ground": {
			"translation": [0, 1.5, 0],
			"scale": [0.5, 0.5, 0.5]
		},
		"gui": {
			"rotation": [-90, 0, -180],
			"scale": [0.9, 0.9, 0.9]
		},
		"head": {
			"translation": [0, 14.25, 0]
		},
		"fixed": {
			"rotation": [-90, 0, 0],
			"translation": [1.5, 0.5, -7]
		}
	}
}