{
	"textures": {
		"0": "block/blast_furnace_front",
		"2": "block/blast_furnace_side",
		"3": "block/blast_furnace_top",
		"particle": "block/blast_furnace_front"
	},
	"elements": [
		{
			"from": [0, 0, 0],
			"to": [1, 16, 1],
			"faces": {
				"north": {"uv": [15, 0, 16, 16], "texture": "#0"},
				"east": {"uv": [15, 0, 16, 16], "texture": "#0"},
				"south": {"uv": [0, 0, 1, 16], "texture": "#2"},
				"west": {"uv": [0, 0, 1, 16], "texture": "#2"},
				"up": {"uv": [15, 15, 16, 16], "texture": "#3"},
				"down": {"uv": [15, 15, 16, 16], "texture": "#3"}
			}
		},
		{
			"from": [15, 0, 0],
			"to": [16, 16, 1],
			"rotation": {"angle": 0, "axis": "y", "origin": [15, 0, 0]},
			"faces": {
				"north": {"uv": [0, 0, 1, 16], "texture": "#0"},
				"east": {"uv": [0, 0, 1, 16], "texture": "#0"},
				"south": {"uv": [0, 0, 1, 16], "texture": "#2"},
				"west": {"uv": [0, 0, 1, 16], "texture": "#2"},
				"up": {"uv": [0, 15, 1, 16], "texture": "#3"},
				"down": {"uv": [0, 15, 1, 16], "texture": "#3"}
			}
		},
		{
			"from": [0, 0, 15],
			"to": [1, 16, 16],
			"rotation": {"angle": 0, "axis": "y", "origin": [0, 0, 15]},
			"faces": {
				"north": {"uv": [15, 0, 16, 16], "texture": "#2"},
				"east": {"uv": [0, 0, 1, 16], "texture": "#2"},
				"south": {"uv": [0, 0, 1, 16], "texture": "#2"},
				"west": {"uv": [15, 0, 16, 16], "texture": "#2"},
				"up": {"uv": [15, 0, 16, 1], "texture": "#3"},
				"down": {"uv": [15, 0, 16, 1], "texture": "#3"}
			}
		},
		{
			"from": [15, 0, 15],
			"to": [16, 16, 16],
			"rotation": {"angle": 0, "axis": "y", "origin": [15, 0, 15]},
			"faces": {
				"north": {"uv": [15, 0, 16, 16], "texture": "#2"},
				"east": {"uv": [15, 0, 16, 16], "texture": "#2"},
				"south": {"uv": [15, 0, 16, 16], "texture": "#2"},
				"west": {"uv": [15, 0, 16, 16], "texture": "#2"},
				"up": {"uv": [0, 0, 1, 1], "texture": "#3"},
				"down": {"uv": [0, 0, 1, 1], "texture": "#3"}
			}
		},
		{
			"from": [1, 15, 0],
			"to": [4, 16, 2],
			"rotation": {"angle": 0, "axis": "y", "origin": [1, 15, 0]},
			"faces": {
				"north": {"uv": [12, 0, 15, 1], "texture": "#0"},
				"down": {"uv": [12, 0, 15, 1], "texture": "#0"}
			}
		},
		{
			"from": [0, 15, 1],
			"to": [2, 16, 4],
			"rotation": {"angle": 0, "axis": "y", "origin": [0, 15, 4]},
			"faces": {
				"west": {"uv": [1, 0, 4, 1], "texture": "#2"},
				"down": {"uv": [1, 0, 4, 1], "rotation": 270, "texture": "#2"}
			}
		},
		{
			"from": [1, 12, 0],
			"to": [4, 13, 2],
			"rotation": {"angle": 0, "axis": "y", "origin": [1, 12, 0]},
			"faces": {
				"north": {"uv": [12, 3, 15, 4], "texture": "#0"},
				"east": {"uv": [12, 3, 13, 4], "texture": "#0"},
				"up": {"uv": [12, 3, 15, 4], "rotation": 180, "texture": "#0"},
				"down": {"uv": [12, 3, 15, 4], "rotation": 180, "texture": "#0"}
			}
		},
		{
			"from": [12, 13, 0],
			"to": [13, 15, 2],
			"rotation": {"angle": 0, "axis": "y", "origin": [11, 13, -1]},
			"faces": {
				"north": {"uv": [3, 1, 4, 3], "texture": "#0"},
				"east": {"uv": [3, 1, 4, 3], "texture": "#0"},
				"west": {"uv": [3, 1, 4, 3], "texture": "#0"}
			}
		},
		{
			"from": [3, 13, 0],
			"to": [4, 15, 2],
			"rotation": {"angle": 0, "axis": "y", "origin": [2, 13, -1]},
			"faces": {
				"north": {"uv": [12, 1, 13, 3], "texture": "#0"},
				"east": {"uv": [12, 1, 13, 3], "texture": "#0"},
				"west": {"uv": [12, 1, 13, 3], "texture": "#0"}
			}
		},
		{
			"from": [0, 13, 3],
			"to": [2, 15, 4],
			"rotation": {"angle": 0, "axis": "y", "origin": [0.5, 14, 3.5]},
			"faces": {
				"north": {"uv": [3, 1, 4, 3], "texture": "#2"},
				"south": {"uv": [3, 1, 4, 3], "texture": "#2"},
				"west": {"uv": [3, 1, 4, 3], "texture": "#2"}
			}
		},
		{
			"from": [0, 13, 12],
			"to": [2, 15, 13],
			"rotation": {"angle": 0, "axis": "y", "origin": [0.5, 14, 12.5]},
			"faces": {
				"north": {"uv": [12, 1, 13, 3], "texture": "#2"},
				"south": {"uv": [12, 1, 13, 3], "texture": "#2"},
				"west": {"uv": [12, 1, 13, 3], "texture": "#2"}
			}
		},
		{
			"from": [12, 12, 0],
			"to": [15, 13, 2],
			"rotation": {"angle": 0, "axis": "y", "origin": [12, 12, 0]},
			"faces": {
				"north": {"uv": [1, 3, 4, 4], "texture": "#0"},
				"west": {"uv": [3, 3, 4, 4], "texture": "#0"},
				"up": {"uv": [1, 3, 4, 4], "rotation": 180, "texture": "#0"},
				"down": {"uv": [1, 3, 4, 4], "rotation": 180, "texture": "#0"}
			}
		},
		{
			"from": [12, 15, 0],
			"to": [15, 16, 2],
			"rotation": {"angle": 0, "axis": "y", "origin": [12, 15, 0]},
			"faces": {
				"north": {"uv": [1, 0, 4, 1], "texture": "#0"},
				"down": {"uv": [1, 0, 4, 1], "rotation": 180, "texture": "#0"}
			}
		},
		{
			"from": [0, 12, 1],
			"to": [2, 13, 4],
			"rotation": {"angle": 0, "axis": "y", "origin": [0, 12, 1]},
			"faces": {
				"south": {"uv": [3, 3, 4, 4], "texture": "#2"},
				"west": {"uv": [1, 3, 4, 4], "texture": "#2"},
				"up": {"uv": [1, 3, 4, 4], "rotation": 90, "texture": "#2"},
				"down": {"uv": [1, 3, 4, 4], "rotation": 270, "texture": "#2"}
			}
		},
		{
			"from": [0, 12, 12],
			"to": [2, 13, 15],
			"rotation": {"angle": 0, "axis": "y", "origin": [0, 12, 12]},
			"faces": {
				"north": {"uv": [12, 3, 13, 4], "texture": "#2"},
				"west": {"uv": [12, 3, 15, 4], "texture": "#2"},
				"up": {"uv": [12, 3, 15, 4], "rotation": 90, "texture": "#2"},
				"down": {"uv": [12, 3, 15, 4], "rotation": 270, "texture": "#2"}
			}
		},
		{
			"from": [0, 15, 12],
			"to": [1, 16, 15],
			"rotation": {"angle": 0, "axis": "y", "origin": [0, 15, 12]},
			"faces": {
				"north": {"uv": [12, 0, 13, 1], "texture": "#2"},
				"west": {"uv": [12, 0, 15, 1], "texture": "#2"},
				"up": {"uv": [15, 1, 16, 4], "rotation": 180, "texture": "#3"},
				"down": {"uv": [12, 0, 15, 1], "rotation": 270, "texture": "#2"}
			}
		},
		{
			"from": [1, 12, 14],
			"to": [4, 13, 16],
			"rotation": {"angle": 0, "axis": "y", "origin": [7, 14, 16]},
			"faces": {
				"east": {"uv": [3, 3, 4, 4], "texture": "#2"},
				"south": {"uv": [1, 3, 4, 4], "texture": "#2"},
				"up": {"uv": [1, 3, 4, 4], "texture": "#2"},
				"down": {"uv": [1, 3, 4, 4], "texture": "#2"}
			}
		},
		{
			"from": [3, 13, 14],
			"to": [4, 15, 16],
			"rotation": {"angle": 0, "axis": "y", "origin": [7, 14, 16]},
			"faces": {
				"east": {"uv": [3, 1, 4, 3], "texture": "#2"},
				"south": {"uv": [3, 1, 4, 3], "texture": "#2"},
				"west": {"uv": [3, 1, 4, 3], "texture": "#2"}
			}
		},
		{
			"from": [1, 15, 15],
			"to": [4, 16, 16],
			"rotation": {"angle": 0, "axis": "y", "origin": [7, 14, 16]},
			"faces": {
				"east": {"uv": [3, 0, 4, 1], "texture": "#2"},
				"south": {"uv": [1, 0, 4, 1], "texture": "#2"},
				"up": {"uv": [12, 0, 15, 1], "rotation": 180, "texture": "#3"},
				"down": {"uv": [1, 0, 4, 1], "texture": "#2"}
			}
		},
		{
			"from": [12, 12, 14],
			"to": [15, 13, 16],
			"rotation": {"angle": 0, "axis": "y", "origin": [8, 14, 16]},
			"faces": {
				"south": {"uv": [12, 3, 15, 4], "texture": "#2"},
				"west": {"uv": [12, 3, 13, 4], "texture": "#2"},
				"up": {"uv": [12, 3, 15, 4], "texture": "#2"},
				"down": {"uv": [12, 3, 15, 4], "texture": "#2"}
			}
		},
		{
			"from": [12, 13, 14],
			"to": [13, 15, 16],
			"rotation": {"angle": 0, "axis": "y", "origin": [8, 14, 16]},
			"faces": {
				"east": {"uv": [12, 1, 13, 3], "texture": "#2"},
				"south": {"uv": [12, 1, 13, 3], "texture": "#2"},
				"west": {"uv": [12, 1, 13, 3], "texture": "#2"}
			}
		},
		{
			"from": [12, 15, 15],
			"to": [15, 16, 16],
			"rotation": {"angle": 0, "axis": "y", "origin": [8, 14, 16]},
			"faces": {
				"south": {"uv": [12, 0, 15, 1], "texture": "#2"},
				"west": {"uv": [12, 0, 13, 1], "texture": "#2"},
				"up": {"uv": [1, 0, 4, 1], "rotation": 180, "texture": "#3"},
				"down": {"uv": [12, 0, 15, 1], "texture": "#2"}
			}
		},
		{
			"from": [15, 15, 12],
			"to": [16, 16, 15],
			"rotation": {"angle": 0, "axis": "y", "origin": [16, 14, 9]},
			"faces": {
				"north": {"uv": [3, 0, 4, 1], "texture": "#2"},
				"east": {"uv": [1, 0, 4, 1], "texture": "#2"},
				"up": {"uv": [0, 1, 1, 4], "texture": "#3"},
				"down": {"uv": [1, 0, 4, 1], "rotation": 90, "texture": "#2"}
			}
		},
		{
			"from": [14, 12, 12],
			"to": [16, 13, 15],
			"rotation": {"angle": 0, "axis": "y", "origin": [16, 14, 9]},
			"faces": {
				"north": {"uv": [3, 3, 4, 4], "texture": "#2"},
				"east": {"uv": [1, 3, 4, 4], "texture": "#2"},
				"up": {"uv": [1, 3, 4, 4], "rotation": 270, "texture": "#2"},
				"down": {"uv": [1, 3, 4, 4], "rotation": 90, "texture": "#2"}
			}
		},
		{
			"from": [14, 13, 12],
			"to": [16, 15, 13],
			"rotation": {"angle": 0, "axis": "y", "origin": [16, 14, 9]},
			"faces": {
				"north": {"uv": [3, 1, 4, 3], "texture": "#2"},
				"east": {"uv": [3, 1, 4, 3], "texture": "#2"},
				"south": {"uv": [3, 1, 4, 3], "texture": "#2"}
			}
		},
		{
			"from": [14, 12, 1],
			"to": [16, 13, 4],
			"rotation": {"angle": 0, "axis": "y", "origin": [16, 14, 8]},
			"faces": {
				"east": {"uv": [12, 3, 15, 4], "texture": "#2"},
				"south": {"uv": [12, 3, 13, 4], "texture": "#2"},
				"up": {"uv": [12, 3, 15, 4], "rotation": 270, "texture": "#2"},
				"down": {"uv": [12, 3, 15, 4], "rotation": 90, "texture": "#2"}
			}
		},
		{
			"from": [14, 13, 3],
			"to": [16, 15, 4],
			"rotation": {"angle": 0, "axis": "y", "origin": [16, 14, 8]},
			"faces": {
				"north": {"uv": [12, 1, 13, 3], "texture": "#2"},
				"east": {"uv": [12, 1, 13, 3], "texture": "#2"},
				"south": {"uv": [12, 1, 13, 3], "texture": "#2"}
			}
		},
		{
			"from": [15, 15, 1],
			"to": [16, 16, 4],
			"rotation": {"angle": 0, "axis": "y", "origin": [16, 14, 8]},
			"faces": {
				"east": {"uv": [12, 0, 15, 1], "texture": "#2"},
				"south": {"uv": [12, 0, 13, 1], "texture": "#2"},
				"up": {"uv": [0, 12, 1, 15], "rotation": 180, "texture": "#3"},
				"down": {"uv": [12, 0, 15, 1], "rotation": 90, "texture": "#2"}
			}
		},
		{
			"from": [1, 0, 0],
			"to": [15, 1, 1],
			"rotation": {"angle": 0, "axis": "y", "origin": [1, 0, 0]},
			"faces": {
				"north": {"uv": [1, 15, 15, 16], "texture": "#0"},
				"south": {"uv": [1, 0, 15, 1], "texture": "#3"},
				"up": {"uv": [1, 15, 15, 16], "texture": "#0"},
				"down": {"uv": [1, 0, 15, 1], "texture": "#3"}
			}
		},
		{
			"from": [1, 15, 0],
			"to": [15, 16, 2],
			"rotation": {"angle": 0, "axis": "y", "origin": [1, 15, 0]},
			"faces": {
				"north": {"uv": [1, 0, 15, 1], "texture": "#0"},
				"down": {"uv": [1, 0, 15, 1], "rotation": 180, "texture": "#0"}
			}
		},
		{
			"from": [0, 15, 1],
			"to": [2, 16, 15],
			"rotation": {"angle": 0, "axis": "y", "origin": [0, 15, 15]},
			"faces": {
				"west": {"uv": [1, 0, 15, 1], "texture": "#2"},
				"down": {"uv": [1, 0, 15, 1], "rotation": 270, "texture": "#2"}
			}
		},
		{
			"from": [1, 15, 14],
			"to": [15, 16, 16],
			"rotation": {"angle": 0, "axis": "y", "origin": [15, 15, 16]},
			"faces": {
				"south": {"uv": [1, 0, 15, 1], "texture": "#2"},
				"down": {"uv": [1, 0, 15, 1], "texture": "#2"}
			}
		},
		{
			"from": [14, 15, 1],
			"to": [16, 16, 15],
			"rotation": {"angle": 0, "axis": "y", "origin": [16, 15, 1]},
			"faces": {
				"east": {"uv": [1, 0, 15, 1], "texture": "#2"},
				"down": {"uv": [1, 0, 15, 1], "rotation": 90, "texture": "#2"}
			}
		},
		{
			"from": [15, 15, 1],
			"to": [16, 16, 15],
			"rotation": {"angle": 0, "axis": "y", "origin": [16, 15, 1]},
			"faces": {
				"west": {"uv": [0, 1, 1, 15], "rotation": 90, "texture": "#3"},
				"up": {"uv": [0, 1, 1, 15], "rotation": 180, "texture": "#3"}
			}
		},
		{
			"from": [1, 15, 15],
			"to": [15, 16, 16],
			"rotation": {"angle": 0, "axis": "y", "origin": [15, 15, 16]},
			"faces": {
				"north": {"uv": [0, 1, 1, 15], "rotation": 90, "texture": "#3"},
				"up": {"uv": [0, 1, 1, 15], "rotation": 90, "texture": "#3"}
			}
		},
		{
			"from": [1, 15, 0],
			"to": [15, 16, 1],
			"rotation": {"angle": 0, "axis": "y", "origin": [1, 15, 0]},
			"faces": {
				"south": {"uv": [0, 1, 1, 15], "rotation": 90, "texture": "#3"},
				"up": {"uv": [0, 1, 1, 15], "rotation": 270, "texture": "#3"}
			}
		},
		{
			"from": [0, 15, 1],
			"to": [1, 16, 15],
			"rotation": {"angle": 0, "axis": "y", "origin": [0, 15, 15]},
			"faces": {
				"east": {"uv": [0, 1, 1, 15], "rotation": 90, "texture": "#3"},
				"up": {"uv": [0, 1, 1, 15], "rotation": 180, "texture": "#3"}
			}
		},
		{
			"from": [0, 0, 1],
			"to": [1, 1, 15],
			"rotation": {"angle": 0, "axis": "y", "origin": [0, 0, 15]},
			"faces": {
				"east": {"uv": [1, 0, 15, 1], "texture": "#3"},
				"west": {"uv": [1, 15, 15, 16], "texture": "#0"},
				"up": {"uv": [1, 15, 15, 16], "rotation": 270, "texture": "#0"},
				"down": {"uv": [1, 0, 15, 1], "rotation": 90, "texture": "#3"}
			}
		},
		{
			"from": [1, 1, 1],
			"to": [15, 2, 15],
			"rotation": {"angle": 0, "axis": "y", "origin": [1, 1, 15]},
			"faces": {
				"down": {"uv": [1, 1, 15, 15], "texture": "#3"}
			}
		},
		{
			"from": [0, 14, 0],
			"to": [16, 15, 16],
			"rotation": {"angle": 0, "axis": "y", "origin": [1, 14, 15]},
			"faces": {
				"up": {"uv": [0, 0, 16, 16], "rotation": 180, "texture": "#3", "cullface": "up"}
			}
		},
		{
			"from": [1, 15, 1],
			"to": [2, 16, 2],
			"rotation": {"angle": 0, "axis": "y", "origin": [1, 15, 15]},
			"faces": {
				"east": {"uv": [14, 14, 15, 15], "texture": "#3"},
				"south": {"uv": [14, 14, 15, 15], "texture": "#3"},
				"up": {"uv": [14, 14, 15, 15], "rotation": 180, "texture": "#3", "cullface": "up"}
			}
		},
		{
			"from": [14, 15, 1],
			"to": [15, 16, 2],
			"rotation": {"angle": 0, "axis": "y", "origin": [1, 15, 1]},
			"faces": {
				"south": {"uv": [14, 14, 15, 15], "texture": "#3"},
				"west": {"uv": [14, 14, 15, 15], "texture": "#3"},
				"up": {"uv": [14, 14, 15, 15], "rotation": 270, "texture": "#3", "cullface": "up"}
			}
		},
		{
			"from": [14, 15, 14],
			"to": [15, 16, 15],
			"rotation": {"angle": 0, "axis": "y", "origin": [15, 15, 1]},
			"faces": {
				"north": {"uv": [14, 14, 15, 15], "texture": "#3"},
				"west": {"uv": [14, 14, 15, 15], "texture": "#3"},
				"up": {"uv": [14, 14, 15, 15], "texture": "#3", "cullface": "up"}
			}
		},
		{
			"from": [1, 15, 14],
			"to": [2, 16, 15],
			"rotation": {"angle": 0, "axis": "y", "origin": [15, 15, 15]},
			"faces": {
				"north": {"uv": [14, 14, 15, 15], "texture": "#3"},
				"east": {"uv": [14, 14, 15, 15], "texture": "#3"},
				"up": {"uv": [14, 14, 15, 15], "rotation": 90, "texture": "#3", "cullface": "up"}
			}
		},
		{
			"from": [1, 0, 14],
			"to": [2, 1, 15],
			"rotation": {"angle": 0, "axis": "y", "origin": [1, 0, 15]},
			"faces": {
				"north": {"uv": [14, 14, 15, 15], "texture": "#3"},
				"east": {"uv": [14, 14, 15, 15], "texture": "#3"},
				"down": {"uv": [14, 14, 15, 15], "texture": "#3"}
			}
		},
		{
			"from": [1, 0, 1],
			"to": [2, 1, 2],
			"rotation": {"angle": 0, "axis": "y", "origin": [1, 0, 1]},
			"faces": {
				"east": {"uv": [14, 14, 15, 15], "texture": "#3"},
				"south": {"uv": [14, 14, 15, 15], "texture": "#3"},
				"down": {"uv": [14, 14, 15, 15], "rotation": 270, "texture": "#3"}
			}
		},
		{
			"from": [14, 0, 1],
			"to": [15, 1, 2],
			"rotation": {"angle": 0, "axis": "y", "origin": [15, 0, 1]},
			"faces": {
				"south": {"uv": [14, 14, 15, 15], "texture": "#3"},
				"west": {"uv": [14, 14, 15, 15], "texture": "#3"},
				"down": {"uv": [14, 14, 15, 15], "rotation": 180, "texture": "#3"}
			}
		},
		{
			"from": [14, 0, 14],
			"to": [15, 1, 15],
			"rotation": {"angle": 0, "axis": "y", "origin": [15, 0, 15]},
			"faces": {
				"north": {"uv": [14, 14, 15, 15], "texture": "#3"},
				"west": {"uv": [14, 14, 15, 15], "texture": "#3"},
				"down": {"uv": [14, 14, 15, 15], "rotation": 90, "texture": "#3"}
			}
		},
		{
			"from": [1, 0, 15],
			"to": [15, 1, 16],
			"rotation": {"angle": 0, "axis": "y", "origin": [15, 0, 16]},
			"faces": {
				"north": {"uv": [1, 0, 15, 1], "texture": "#3"},
				"south": {"uv": [1, 15, 15, 16], "texture": "#0"},
				"up": {"uv": [1, 15, 15, 16], "rotation": 180, "texture": "#0"},
				"down": {"uv": [1, 0, 15, 1], "rotation": 180, "texture": "#3"}
			}
		},
		{
			"from": [15, 0, 1],
			"to": [16, 1, 15],
			"rotation": {"angle": 0, "axis": "y", "origin": [16, 0, 1]},
			"faces": {
				"east": {"uv": [1, 15, 15, 16], "texture": "#0"},
				"west": {"uv": [1, 0, 15, 1], "texture": "#3"},
				"up": {"uv": [1, 15, 15, 16], "rotation": 90, "texture": "#0"},
				"down": {"uv": [1, 0, 15, 1], "rotation": 270, "texture": "#3"}
			}
		},
		{
			"from": [1, 1, 1],
			"to": [15, 7, 2],
			"rotation": {"angle": 0, "axis": "y", "origin": [1, 1, 1]},
			"faces": {
				"north": {"uv": [1, 9, 15, 15], "texture": "#0"},
				"up": {"uv": [1, 9, 15, 10], "rotation": 180, "texture": "#0"}
			}
		},
		{
			"from": [10, 3, 0],
			"to": [12, 9, 1],
			"rotation": {"angle": 0, "axis": "y", "origin": [4, 4, 0]},
			"faces": {
				"north": {"uv": [4, 7, 6, 13], "texture": "#0"},
				"east": {"uv": [4, 7, 5, 13], "texture": "#0"},
				"west": {"uv": [5, 7, 6, 13], "texture": "#0"},
				"up": {"uv": [4, 7, 6, 8], "texture": "#0"},
				"down": {"uv": [4, 12, 6, 13], "texture": "#0"}
			}
		},
		{
			"from": [8, 3, 0],
			"to": [9, 9, 1],
			"rotation": {"angle": 0, "axis": "y", "origin": [1, 4, 0]},
			"faces": {
				"north": {"uv": [7, 7, 8, 13], "texture": "#0"},
				"east": {"uv": [7, 7, 8, 13], "texture": "#0"},
				"west": {"uv": [7, 7, 8, 13], "texture": "#0"},
				"up": {"uv": [7, 7, 8, 8], "texture": "#0"},
				"down": {"uv": [7, 12, 8, 13], "texture": "#0"}
			}
		},
		{
			"from": [6, 3, 0],
			"to": [7, 9, 1],
			"rotation": {"angle": 0, "axis": "y", "origin": [-1, 4, 0]},
			"faces": {
				"north": {"uv": [9, 7, 10, 13], "texture": "#0"},
				"east": {"uv": [9, 7, 10, 13], "texture": "#0"},
				"west": {"uv": [9, 7, 10, 13], "texture": "#0"},
				"up": {"uv": [9, 7, 10, 8], "texture": "#0"},
				"down": {"uv": [9, 12, 10, 13], "texture": "#0"}
			}
		},
		{
			"from": [4, 3, 0],
			"to": [5, 9, 1],
			"rotation": {"angle": 0, "axis": "y", "origin": [-3, 4, 0]},
			"faces": {
				"north": {"uv": [11, 7, 12, 13], "texture": "#0"},
				"east": {"uv": [11, 7, 12, 13], "texture": "#0"},
				"west": {"uv": [11, 7, 12, 13], "texture": "#0"},
				"up": {"uv": [11, 7, 12, 8], "texture": "#0"},
				"down": {"uv": [11, 12, 12, 13], "texture": "#0"}
			}
		},
		{
			"from": [9, 3, 0],
			"to": [10, 5, 1],
			"rotation": {"angle": 0, "axis": "y", "origin": [2, 4, 0]},
			"faces": {
				"north": {"uv": [6, 11, 7, 13], "texture": "#0"},
				"up": {"uv": [6, 11, 7, 12], "texture": "#0"},
				"down": {"uv": [6, 12, 7, 13], "texture": "#0"}
			}
		},
		{
			"from": [9, 8, 0],
			"to": [10, 9, 1],
			"rotation": {"angle": 0, "axis": "y", "origin": [2, 8, 0]},
			"faces": {
				"north": {"uv": [6, 7, 7, 8], "texture": "#0"},
				"up": {"uv": [6, 7, 7, 8], "texture": "#0"},
				"down": {"uv": [6, 7, 7, 8], "texture": "#0"}
			}
		},
		{
			"from": [7, 3, 0],
			"to": [8, 5, 1],
			"rotation": {"angle": 0, "axis": "y", "origin": [0, 4, 0]},
			"faces": {
				"north": {"uv": [8, 11, 9, 13], "texture": "#0"},
				"up": {"uv": [8, 11, 9, 12], "texture": "#0"},
				"down": {"uv": [8, 12, 9, 13], "texture": "#0"}
			}
		},
		{
			"from": [7, 8, 0],
			"to": [8, 9, 1],
			"rotation": {"angle": 0, "axis": "y", "origin": [0, 8, 0]},
			"faces": {
				"north": {"uv": [8, 7, 9, 8], "texture": "#0"},
				"up": {"uv": [8, 7, 9, 8], "texture": "#0"},
				"down": {"uv": [8, 7, 9, 8], "texture": "#0"}
			}
		},
		{
			"from": [5, 3, 0],
			"to": [6, 5, 1],
			"rotation": {"angle": 0, "axis": "y", "origin": [-2, 4, 0]},
			"faces": {
				"north": {"uv": [10, 11, 11, 13], "texture": "#0"},
				"up": {"uv": [10, 11, 11, 12], "texture": "#0"},
				"down": {"uv": [10, 12, 11, 13], "texture": "#0"}
			}
		},
		{
			"from": [5, 8, 0],
			"to": [6, 9, 1],
			"rotation": {"angle": 0, "axis": "y", "origin": [-2, 8, 0]},
			"faces": {
				"north": {"uv": [10, 7, 11, 8], "texture": "#0"},
				"up": {"uv": [10, 7, 11, 8], "texture": "#0"},
				"down": {"uv": [10, 7, 11, 8], "texture": "#0"}
			}
		},
		{
			"from": [3, 2, 0.5],
			"to": [13, 10, 2],
			"rotation": {"angle": 0, "axis": "y", "origin": [3, 2, 0]},
			"faces": {
				"north": {"uv": [3, 6, 13, 14], "texture": "#0"},
				"east": {"uv": [3, 6, 3.5, 14], "texture": "#0"},
				"west": {"uv": [12, 6, 12.5, 14], "texture": "#0"},
				"up": {"uv": [3, 6, 13, 6.5], "texture": "#0"},
				"down": {"uv": [3, 13, 13, 13.5], "texture": "#0"}
			}
		},
		{
			"from": [1, 7, 1.5],
			"to": [15, 15, 2],
			"rotation": {"angle": 0, "axis": "y", "origin": [1, 7, 1]},
			"faces": {
				"north": {"uv": [1, 1, 15, 9], "texture": "#0"}
			}
		},
		{
			"from": [1.5, 7, 1],
			"to": [2, 15, 15],
			"rotation": {"angle": 0, "axis": "y", "origin": [0, 7, 15]},
			"faces": {
				"west": {"uv": [1, 1, 15, 9], "texture": "#2"}
			}
		},
		{
			"from": [1, 7, 14],
			"to": [15, 15, 14.5],
			"rotation": {"angle": 0, "axis": "y", "origin": [15, 7, 15]},
			"faces": {
				"south": {"uv": [1, 1, 15, 9], "texture": "#2"}
			}
		},
		{
			"from": [14, 7, 1],
			"to": [14.5, 15, 15],
			"rotation": {"angle": 0, "axis": "y", "origin": [16, 7, 1]},
			"faces": {
				"east": {"uv": [1, 1, 15, 9], "texture": "#2"}
			}
		},
		{
			"from": [1, 1, 1],
			"to": [2, 7, 15],
			"rotation": {"angle": 0, "axis": "y", "origin": [0, 1, 1]},
			"faces": {
				"west": {"uv": [1, 9, 15, 15], "texture": "#2"},
				"up": {"uv": [1, 9, 15, 10], "rotation": 90, "texture": "#2"}
			}
		},
		{
			"from": [1, 1, 14],
			"to": [15, 7, 15],
			"rotation": {"angle": 0, "axis": "y", "origin": [1, 1, 16]},
			"faces": {
				"south": {"uv": [1, 9, 15, 15], "texture": "#2"},
				"up": {"uv": [1, 9, 15, 10], "texture": "#2"}
			}
		},
		{
			"from": [14, 1, 1],
			"to": [15, 7, 15],
			"rotation": {"angle": 0, "axis": "y", "origin": [16, 1, 15]},
			"faces": {
				"east": {"uv": [1, 9, 15, 15], "texture": "#2"},
				"up": {"uv": [1, 9, 15, 10], "rotation": 270, "texture": "#2"}
			}
		}
	],
	"display": {
		"thirdperson_righthand": {
			"rotation": [99, 38, 0],
			"translation": [0, 4.25, 0],
			"scale": [0.5, 0.5, 0.5]
		},
		"thirdperson_lefthand": {
			"rotation": [99, 38, 0],
			"translation": [0, 4.25, 0],
			"scale": [0.5, 0.5, 0.5]
		},
		"firstperson_righthand": {
			"rotation": [19.5, 33.25, 0],
			"scale": [0.5, 0.5, 0.5]
		},
		"firstperson_lefthand": {
			"rotation": [19.5, 33.25, 0],
			"scale": [0.5, 0.5, 0.5]
		},
		"ground": {
			"scale": [0.5, 0.5, 0.5]
		},
		"gui": {
			"rotation": [16.75, 153, 0],
			"scale": [0.6, 0.6, 0.6]
		},
		"head": {
			"scale": [0.97, 0.97, 0.97]
		},
		"fixed": {
			"scale": [0.7, 0.7, 0.7]
		}
	}
}