{
	"textures": {
		"0": "block/crafting_table_front",
		"1": "block/crafting_table_side",
		"2": "block/crafting_table_top",
		"3": "block/oak_planks",
		"particle": "block/crafting_table_front"
	},
	"elements": [
		{
			"name": "Mainblock",
			"from": [1, 0, 1],
			"to": [15, 16, 15],
			"faces": {
				"north": {"uv": [1, 0, 15, 16], "texture": "#3", "cullface": "north"},
				"east": {"uv": [1, 0, 15, 16], "texture": "#3"},
				"south": {"uv": [1, 0, 15, 16], "texture": "#3"},
				"west": {"uv": [1, 0, 15, 16], "texture": "#3"},
				"up": {"uv": [1, 1, 15, 15], "texture": "#2"},
				"down": {"uv": [1, 1, 15, 15], "texture": "#3", "cullface": "down"}
			}
		},
		{
			"from": [11, 12, 15],
			"to": [14, 13, 15.75],
			"rotation": {"angle": 0, "axis": "y", "origin": [8, 8.25, 8]},
			"faces": {
				"east": {"uv": [13, 3, 14, 4], "texture": "#0", "cullface": "south"},
				"south": {"uv": [11, 3, 14, 4], "texture": "#0", "cullface": "south"},
				"west": {"uv": [11, 3, 12, 4], "texture": "#0", "cullface": "south"},
				"up": {"uv": [11, 3, 14, 4], "texture": "#0", "cullface": "south"},
				"down": {"uv": [11, 3, 14, 4], "texture": "#0", "cullface": "south"}
			}
		},
		{
			"from": [11, 10, 15],
			"to": [14, 11, 15.75],
			"rotation": {"angle": 0, "axis": "y", "origin": [8, 8.25, 8]},
			"faces": {
				"east": {"uv": [13, 5, 14, 6], "texture": "#0", "cullface": "south"},
				"south": {"uv": [11, 5, 14, 6], "texture": "#0", "cullface": "south"},
				"west": {"uv": [11, 5, 12, 6], "texture": "#0", "cullface": "south"},
				"up": {"uv": [11, 5, 14, 6], "texture": "#0", "cullface": "south"},
				"down": {"uv": [11, 5, 14, 6], "texture": "#0", "cullface": "south"}
			}
		},
		{
			"from": [11, 7, 15.25],
			"to": [14, 10, 15.5],
			"rotation": {"angle": 0, "axis": "y", "origin": [8, 8.25, 8]},
			"faces": {
				"east": {"uv": [13, 6, 14, 9], "texture": "#0", "cullface": "south"},
				"south": {"uv": [11, 6, 14, 9], "texture": "#0", "cullface": "south"},
				"west": {"uv": [11, 6, 12, 9], "texture": "#0", "cullface": "south"},
				"up": {"uv": [11, 6, 14, 7], "texture": "#0", "cullface": "south"},
				"down": {"uv": [11, 8, 14, 9], "texture": "#0", "cullface": "south"}
			}
		},
		{
			"from": [12, 5, 15.25],
			"to": [14, 7, 15.5],
			"rotation": {"angle": 0, "axis": "y", "origin": [8, 8.25, 8]},
			"faces": {
				"east": {"uv": [13, 9, 14, 11], "texture": "#0", "cullface": "south"},
				"south": {"uv": [12, 9, 14, 11], "texture": "#0", "cullface": "south"},
				"west": {"uv": [12, 9, 13, 11], "texture": "#0", "cullface": "south"},
				"up": {"uv": [12, 9, 14, 10], "texture": "#0", "cullface": "south"},
				"down": {"uv": [12, 10, 14, 11], "texture": "#0", "cullface": "south"}
			}
		},
		{
			"from": [13, 3, 15.25],
			"to": [14, 5, 15.5],
			"rotation": {"angle": 0, "axis": "y", "origin": [8, 8.25, 8]},
			"faces": {
				"east": {"uv": [13, 11, 14, 13], "texture": "#0", "cullface": "south"},
				"south": {"uv": [13, 11, 14, 13], "texture": "#0", "cullface": "south"},
				"west": {"uv": [13, 11, 14, 13], "texture": "#0", "cullface": "south"},
				"up": {"uv": [13, 11, 14, 12], "texture": "#0", "cullface": "south"},
				"down": {"uv": [13, 12, 14, 13], "texture": "#0", "cullface": "south"}
			}
		},
		{
			"from": [11, 10, 15],
			"to": [12, 13, 15.75],
			"rotation": {"angle": 0, "axis": "y", "origin": [8, 8.25, 8]},
			"faces": {
				"east": {"uv": [11, 3, 12, 6], "texture": "#0", "cullface": "south"},
				"south": {"uv": [11, 3, 12, 6], "texture": "#0", "cullface": "south"},
				"west": {"uv": [11, 3, 12, 6], "texture": "#0", "cullface": "south"},
				"up": {"uv": [11, 3, 12, 4], "rotation": 270, "texture": "#0", "cullface": "south"},
				"down": {"uv": [11, 5, 12, 6], "rotation": 270, "texture": "#0", "cullface": "south"}
			}
		},
		{
			"from": [13, 10, 15],
			"to": [14, 13, 15.75],
			"rotation": {"angle": 0, "axis": "y", "origin": [8, 8.25, 8]},
			"faces": {
				"east": {"uv": [13, 3, 14, 6], "texture": "#0", "cullface": "south"},
				"south": {"uv": [13, 3, 14, 6], "texture": "#0", "cullface": "south"},
				"west": {"uv": [13, 3, 14, 6], "texture": "#0", "cullface": "south"},
				"up": {"uv": [13, 3, 14, 4], "rotation": 270, "texture": "#0", "cullface": "south"},
				"down": {"uv": [13, 5, 14, 6], "rotation": 270, "texture": "#0", "cullface": "south"}
			}
		},
		{
			"from": [3, 7, 15],
			"to": [4, 11, 15.75],
			"rotation": {"angle": 0, "axis": "y", "origin": [8, 8.25, 8]},
			"faces": {
				"east": {"uv": [3, 5, 4, 9], "texture": "#0", "cullface": "south"},
				"south": {"uv": [3, 5, 4, 9], "texture": "#0", "cullface": "south"},
				"west": {"uv": [3, 5, 4, 9], "texture": "#0", "cullface": "south"},
				"up": {"uv": [3, 5, 4, 6], "rotation": 270, "texture": "#0", "cullface": "south"},
				"down": {"uv": [3, 8, 4, 9], "rotation": 270, "texture": "#0", "cullface": "south"}
			}
		},
		{
			"from": [2, 5, 15.25],
			"to": [5, 7, 15.5],
			"rotation": {"angle": 0, "axis": "y", "origin": [8, 8.25, 8]},
			"faces": {
				"east": {"uv": [4, 9, 5, 11], "texture": "#0", "cullface": "south"},
				"south": {"uv": [2, 9, 5, 11], "texture": "#0", "cullface": "south"},
				"west": {"uv": [2, 9, 3, 11], "texture": "#0", "cullface": "south"},
				"up": {"uv": [2, 9, 5, 10], "texture": "#0", "cullface": "south"},
				"down": {"uv": [2, 10, 5, 11], "texture": "#0", "cullface": "south"}
			}
		},
		{
			"from": [15, 9, 12],
			"to": [15.75, 11, 13],
			"rotation": {"angle": 0, "axis": "y", "origin": [8, 8.25, 8]},
			"faces": {
				"north": {"uv": [3, 5, 4, 7], "texture": "#1", "cullface": "east"},
				"east": {"uv": [3, 5, 4, 7], "texture": "#1", "cullface": "east"},
				"south": {"uv": [3, 5, 4, 7], "texture": "#1", "cullface": "east"},
				"up": {"uv": [3, 5, 4, 6], "rotation": 180, "texture": "#1", "cullface": "east"},
				"down": {"uv": [3, 6, 4, 7], "texture": "#1", "cullface": "east"}
			}
		},
		{
			"from": [15, 9, 10],
			"to": [15.75, 11, 11],
			"rotation": {"angle": 0, "axis": "y", "origin": [8, 8.25, 6]},
			"faces": {
				"north": {"uv": [5, 5, 6, 7], "texture": "#1", "cullface": "east"},
				"east": {"uv": [5, 5, 6, 7], "texture": "#1", "cullface": "east"},
				"south": {"uv": [5, 5, 6, 7], "texture": "#1", "cullface": "east"},
				"up": {"uv": [5, 5, 6, 6], "rotation": 180, "texture": "#1", "cullface": "east"},
				"down": {"uv": [5, 6, 6, 7], "texture": "#1", "cullface": "east"}
			}
		},
		{
			"from": [15.25, 6, 12],
			"to": [15.5, 8, 13],
			"rotation": {"angle": 0, "axis": "y", "origin": [8, 9.25, 8]},
			"faces": {
				"north": {"uv": [3, 8, 4, 10], "texture": "#1", "cullface": "east"},
				"east": {"uv": [3, 8, 4, 10], "texture": "#1", "cullface": "east"},
				"south": {"uv": [3, 8, 4, 10], "texture": "#1", "cullface": "east"},
				"up": {"uv": [3, 8, 4, 9], "rotation": 270, "texture": "#1", "cullface": "east"},
				"down": {"uv": [3, 9, 4, 10], "rotation": 90, "texture": "#1", "cullface": "east"}
			}
		},
		{
			"from": [15.25, 6, 10],
			"to": [15.5, 8, 11],
			"rotation": {"angle": 0, "axis": "y", "origin": [8, 9.25, 6]},
			"faces": {
				"north": {"uv": [5, 8, 6, 10], "texture": "#1", "cullface": "east"},
				"east": {"uv": [5, 8, 6, 10], "texture": "#1", "cullface": "east"},
				"south": {"uv": [5, 8, 6, 10], "texture": "#1", "cullface": "east"},
				"up": {"uv": [5, 8, 6, 9], "rotation": 270, "texture": "#1", "cullface": "east"},
				"down": {"uv": [5, 9, 6, 10], "rotation": 90, "texture": "#1", "cullface": "east"}
			}
		},
		{
			"from": [15.25, 8, 11],
			"to": [15.5, 9, 12],
			"rotation": {"angle": 0, "axis": "y", "origin": [8, 10.25, 7]},
			"faces": {
				"north": {"uv": [4, 7, 5, 8], "texture": "#1", "cullface": "east"},
				"east": {"uv": [4, 7, 5, 8], "texture": "#1", "cullface": "east"},
				"south": {"uv": [4, 7, 5, 8], "texture": "#1", "cullface": "east"},
				"up": {"uv": [4, 7, 5, 8], "rotation": 270, "texture": "#1", "cullface": "east"},
				"down": {"uv": [4, 7, 5, 8], "rotation": 90, "texture": "#1", "cullface": "east"}
			}
		},
		{
			"from": [0.5, 6, 5],
			"to": [0.75, 8, 6],
			"rotation": {"angle": 0, "axis": "y", "origin": [8, 9.25, 10]},
			"faces": {
				"north": {"uv": [3, 8, 4, 10], "texture": "#1", "cullface": "west"},
				"south": {"uv": [3, 8, 4, 10], "texture": "#1", "cullface": "west"},
				"west": {"uv": [3, 8, 4, 10], "texture": "#1", "cullface": "west"},
				"up": {"uv": [3, 8, 4, 9], "rotation": 90, "texture": "#1", "cullface": "west"},
				"down": {"uv": [3, 9, 4, 10], "rotation": 270, "texture": "#1", "cullface": "west"}
			}
		},
		{
			"from": [0.5, 6, 3],
			"to": [0.75, 8, 4],
			"rotation": {"angle": 0, "axis": "y", "origin": [8, 9.25, 8]},
			"faces": {
				"north": {"uv": [5, 8, 6, 10], "texture": "#1", "cullface": "west"},
				"south": {"uv": [5, 8, 6, 10], "texture": "#1", "cullface": "west"},
				"west": {"uv": [5, 8, 6, 10], "texture": "#1", "cullface": "west"},
				"up": {"uv": [5, 8, 6, 9], "rotation": 90, "texture": "#1", "cullface": "west"},
				"down": {"uv": [5, 9, 6, 10], "rotation": 270, "texture": "#1", "cullface": "west"}
			}
		},
		{
			"from": [0.25, 9, 3],
			"to": [1, 11, 4],
			"rotation": {"angle": 0, "axis": "y", "origin": [8, 8.25, 8]},
			"faces": {
				"north": {"uv": [5, 5, 6, 7], "texture": "#1", "cullface": "west"},
				"south": {"uv": [5, 5, 6, 7], "texture": "#1", "cullface": "west"},
				"west": {"uv": [5, 5, 6, 7], "texture": "#1", "cullface": "west"},
				"up": {"uv": [5, 5, 6, 6], "texture": "#1", "cullface": "west"},
				"down": {"uv": [5, 6, 6, 7], "rotation": 180, "texture": "#1", "cullface": "west"}
			}
		},
		{
			"from": [0.25, 9, 5],
			"to": [1, 11, 6],
			"rotation": {"angle": 0, "axis": "y", "origin": [8, 8.25, 10]},
			"faces": {
				"north": {"uv": [3, 5, 4, 7], "texture": "#1", "cullface": "west"},
				"south": {"uv": [3, 5, 4, 7], "texture": "#1", "cullface": "west"},
				"west": {"uv": [3, 5, 4, 7], "texture": "#1", "cullface": "west"},
				"up": {"uv": [3, 5, 4, 6], "texture": "#1", "cullface": "west"},
				"down": {"uv": [3, 6, 4, 7], "rotation": 180, "texture": "#1", "cullface": "west"}
			}
		},
		{
			"from": [0.5, 8, 4],
			"to": [0.75, 9, 5],
			"rotation": {"angle": 0, "axis": "y", "origin": [8, 10.25, 9]},
			"faces": {
				"north": {"uv": [4, 7, 5, 8], "texture": "#1", "cullface": "west"},
				"south": {"uv": [4, 7, 5, 8], "texture": "#1", "cullface": "west"},
				"west": {"uv": [4, 7, 5, 8], "texture": "#1", "cullface": "west"},
				"up": {"uv": [4, 7, 5, 8], "rotation": 90, "texture": "#1", "cullface": "west"},
				"down": {"uv": [4, 7, 5, 8], "rotation": 270, "texture": "#1", "cullface": "west"}
			}
		},
		{
			"from": [12, 7, 0.25],
			"to": [13, 11, 1],
			"rotation": {"angle": 0, "axis": "y", "origin": [8, 8.25, 8]},
			"faces": {
				"north": {"uv": [3, 5, 4, 9], "texture": "#0", "cullface": "north"},
				"east": {"uv": [3, 5, 4, 9], "texture": "#0", "cullface": "north"},
				"west": {"uv": [3, 5, 4, 9], "texture": "#0", "cullface": "north"},
				"up": {"uv": [3, 5, 4, 6], "rotation": 90, "texture": "#0", "cullface": "north"},
				"down": {"uv": [3, 8, 4, 9], "rotation": 90, "texture": "#0", "cullface": "north"}
			}
		},
		{
			"from": [11, 5, 0.5],
			"to": [14, 7, 0.75],
			"rotation": {"angle": 0, "axis": "y", "origin": [8, 8.25, 8]},
			"faces": {
				"north": {"uv": [2, 9, 5, 11], "texture": "#0", "cullface": "north"},
				"east": {"uv": [2, 9, 3, 11], "texture": "#0", "cullface": "north"},
				"west": {"uv": [4, 9, 5, 11], "texture": "#0", "cullface": "north"},
				"up": {"uv": [2, 9, 5, 10], "rotation": 180, "texture": "#0", "cullface": "north"},
				"down": {"uv": [2, 10, 5, 11], "rotation": 180, "texture": "#0", "cullface": "north"}
			}
		},
		{
			"from": [2, 7, 0.5],
			"to": [5, 10, 0.75],
			"rotation": {"angle": 0, "axis": "y", "origin": [8, 8.25, 8]},
			"faces": {
				"north": {"uv": [11, 6, 14, 9], "texture": "#0", "cullface": "north"},
				"east": {"uv": [11, 6, 12, 9], "texture": "#0", "cullface": "north"},
				"west": {"uv": [13, 6, 14, 9], "texture": "#0", "cullface": "north"},
				"up": {"uv": [11, 6, 14, 7], "rotation": 180, "texture": "#0", "cullface": "north"},
				"down": {"uv": [11, 8, 14, 9], "rotation": 180, "texture": "#0", "cullface": "north"}
			}
		},
		{
			"from": [2, 5, 0.5],
			"to": [4, 7, 0.75],
			"rotation": {"angle": 0, "axis": "y", "origin": [8, 8.25, 8]},
			"faces": {
				"north": {"uv": [12, 9, 14, 11], "texture": "#0", "cullface": "north"},
				"east": {"uv": [12, 9, 13, 11], "texture": "#0", "cullface": "north"},
				"west": {"uv": [13, 9, 14, 11], "texture": "#0", "cullface": "north"},
				"up": {"uv": [12, 9, 14, 10], "rotation": 180, "texture": "#0", "cullface": "north"},
				"down": {"uv": [12, 10, 14, 11], "rotation": 180, "texture": "#0", "cullface": "north"}
			}
		},
		{
			"from": [2, 3, 0.5],
			"to": [3, 5, 0.75],
			"rotation": {"angle": 0, "axis": "y", "origin": [8, 8.25, 8]},
			"faces": {
				"north": {"uv": [13, 11, 14, 13], "texture": "#0", "cullface": "north"},
				"east": {"uv": [13, 11, 14, 13], "texture": "#0", "cullface": "north"},
				"west": {"uv": [13, 11, 14, 13], "texture": "#0", "cullface": "north"},
				"up": {"uv": [13, 11, 14, 12], "rotation": 180, "texture": "#0", "cullface": "north"},
				"down": {"uv": [13, 12, 14, 13], "rotation": 180, "texture": "#0", "cullface": "north"}
			}
		},
		{
			"from": [2, 10, 0.25],
			"to": [5, 11, 1],
			"rotation": {"angle": 0, "axis": "y", "origin": [8, 8.25, 8]},
			"faces": {
				"north": {"uv": [11, 5, 14, 6], "texture": "#0", "cullface": "north"},
				"east": {"uv": [11, 5, 12, 6], "texture": "#0", "cullface": "north"},
				"west": {"uv": [13, 5, 14, 6], "texture": "#0", "cullface": "north"},
				"up": {"uv": [11, 5, 14, 6], "rotation": 180, "texture": "#0", "cullface": "north"},
				"down": {"uv": [11, 5, 14, 6], "rotation": 180, "texture": "#0", "cullface": "north"}
			}
		},
		{
			"from": [2, 12, 0.25],
			"to": [5, 13, 1],
			"rotation": {"angle": 0, "axis": "y", "origin": [8, 8.25, 8]},
			"faces": {
				"north": {"uv": [11, 3, 14, 4], "texture": "#0", "cullface": "north"},
				"east": {"uv": [11, 3, 12, 4], "texture": "#0", "cullface": "north"},
				"west": {"uv": [13, 3, 14, 4], "texture": "#0", "cullface": "north"},
				"up": {"uv": [11, 3, 14, 4], "rotation": 180, "texture": "#0", "cullface": "north"},
				"down": {"uv": [11, 3, 14, 4], "rotation": 180, "texture": "#0", "cullface": "north"}
			}
		},
		{
			"from": [2, 10, 0.25],
			"to": [3, 13, 1],
			"rotation": {"angle": 0, "axis": "y", "origin": [8, 8.25, 8]},
			"faces": {
				"north": {"uv": [13, 3, 14, 6], "texture": "#0", "cullface": "north"},
				"east": {"uv": [13, 3, 14, 6], "texture": "#0", "cullface": "north"},
				"west": {"uv": [13, 3, 14, 6], "texture": "#0", "cullface": "north"},
				"up": {"uv": [13, 3, 14, 4], "rotation": 90, "texture": "#0", "cullface": "north"},
				"down": {"uv": [13, 5, 14, 6], "rotation": 90, "texture": "#0", "cullface": "north"}
			}
		},
		{
			"from": [4, 10, 0.25],
			"to": [5, 13, 1],
			"rotation": {"angle": 0, "axis": "y", "origin": [8, 8.25, 8]},
			"faces": {
				"north": {"uv": [11, 3, 12, 6], "texture": "#0", "cullface": "north"},
				"east": {"uv": [11, 3, 12, 6], "texture": "#0", "cullface": "north"},
				"west": {"uv": [11, 3, 12, 6], "texture": "#0", "cullface": "north"},
				"up": {"uv": [11, 3, 12, 4], "rotation": 90, "texture": "#0", "cullface": "north"},
				"down": {"uv": [11, 5, 12, 6], "rotation": 90, "texture": "#0", "cullface": "north"}
			}
		},
		{
			"from": [0, 1, 15],
			"to": [1, 16, 16],
			"rotation": {"angle": 0, "axis": "y", "origin": [-1, 0, 1]},
			"faces": {
				"north": {"uv": [15, 0, 16, 15], "texture": "#0", "cullface": "west"},
				"east": {"uv": [15, 0, 16, 15], "texture": "#1", "cullface": "south"},
				"south": {"uv": [15, 0, 16, 15], "texture": "#0", "cullface": "south"},
				"west": {"uv": [15, 0, 16, 15], "texture": "#1", "cullface": "west"},
				"up": {"uv": [0, 15, 1, 16], "texture": "#2", "cullface": "up"},
				"down": {"uv": [1, 1, 15, 15], "texture": "#3"}
			}
		},
		{
			"from": [1, 15, 15],
			"to": [15, 16, 16],
			"rotation": {"angle": 0, "axis": "y", "origin": [8, 15.5, 8]},
			"faces": {
				"north": {"uv": [15, 0, 16, 15], "rotation": 270, "texture": "#0", "cullface": "south"},
				"east": {"uv": [0, 15, 1, 16], "rotation": 90, "texture": "#2", "cullface": "south"},
				"south": {"uv": [15, 0, 16, 15], "rotation": 90, "texture": "#0", "cullface": "south"},
				"west": {"uv": [1, 1, 15, 15], "rotation": 90, "texture": "#3", "cullface": "south"},
				"up": {"uv": [15, 0, 16, 15], "rotation": 90, "texture": "#1", "cullface": "up"},
				"down": {"uv": [15, 0, 16, 15], "rotation": 90, "texture": "#1", "cullface": "south"}
			}
		},
		{
			"from": [0, 15, 1],
			"to": [1, 16, 15],
			"rotation": {"angle": 0, "axis": "y", "origin": [8, 15.5, 8]},
			"faces": {
				"north": {"uv": [1, 1, 15, 15], "rotation": 90, "texture": "#3", "cullface": "west"},
				"east": {"uv": [15, 0, 16, 15], "rotation": 270, "texture": "#0", "cullface": "west"},
				"south": {"uv": [0, 15, 1, 16], "rotation": 90, "texture": "#2", "cullface": "west"},
				"west": {"uv": [15, 0, 16, 15], "rotation": 90, "texture": "#0", "cullface": "west"},
				"up": {"uv": [15, 0, 16, 15], "rotation": 180, "texture": "#1", "cullface": "up"},
				"down": {"uv": [15, 0, 16, 15], "texture": "#1", "cullface": "west"}
			}
		},
		{
			"from": [1, 15, 0],
			"to": [15, 16, 1],
			"rotation": {"angle": 0, "axis": "y", "origin": [8, 15.5, 8]},
			"faces": {
				"north": {"uv": [15, 0, 16, 15], "rotation": 90, "texture": "#0", "cullface": "north"},
				"east": {"uv": [1, 1, 15, 15], "rotation": 90, "texture": "#3", "cullface": "north"},
				"south": {"uv": [15, 0, 16, 15], "rotation": 270, "texture": "#0", "cullface": "north"},
				"west": {"uv": [0, 15, 1, 16], "rotation": 90, "texture": "#2", "cullface": "north"},
				"up": {"uv": [15, 0, 16, 15], "rotation": 270, "texture": "#1", "cullface": "up"},
				"down": {"uv": [15, 0, 16, 15], "rotation": 270, "texture": "#1", "cullface": "north"}
			}
		},
		{
			"from": [15, 15, 1],
			"to": [16, 16, 15],
			"rotation": {"angle": 0, "axis": "y", "origin": [8, 15.5, 8]},
			"faces": {
				"north": {"uv": [0, 15, 1, 16], "rotation": 90, "texture": "#2", "cullface": "east"},
				"east": {"uv": [15, 0, 16, 15], "rotation": 90, "texture": "#0", "cullface": "east"},
				"south": {"uv": [1, 1, 15, 15], "rotation": 90, "texture": "#3", "cullface": "east"},
				"west": {"uv": [15, 0, 16, 15], "rotation": 270, "texture": "#0", "cullface": "east"},
				"up": {"uv": [15, 0, 16, 15], "texture": "#1", "cullface": "up"},
				"down": {"uv": [15, 0, 16, 15], "rotation": 180, "texture": "#1", "cullface": "east"}
			}
		},
		{
			"from": [15, 1, 15],
			"to": [16, 16, 16],
			"rotation": {"angle": 0, "axis": "y", "origin": [14, 0, 1]},
			"faces": {
				"north": {"uv": [15, 0, 16, 15], "texture": "#0", "cullface": "east"},
				"east": {"uv": [15, 0, 16, 15], "texture": "#1", "cullface": "east"},
				"south": {"uv": [15, 0, 16, 15], "texture": "#0", "cullface": "south"},
				"west": {"uv": [15, 0, 16, 15], "texture": "#1", "cullface": "south"},
				"up": {"uv": [0, 15, 1, 16], "texture": "#2", "cullface": "up"},
				"down": {"uv": [1, 1, 15, 15], "texture": "#3"}
			}
		},
		{
			"from": [15, 1, 0],
			"to": [16, 16, 1],
			"rotation": {"angle": 0, "axis": "y", "origin": [14, 0, -14]},
			"faces": {
				"north": {"uv": [15, 0, 16, 15], "texture": "#0", "cullface": "north"},
				"east": {"uv": [15, 0, 16, 15], "texture": "#1", "cullface": "east"},
				"south": {"uv": [15, 0, 16, 15], "texture": "#0", "cullface": "east"},
				"west": {"uv": [15, 0, 16, 15], "texture": "#1", "cullface": "north"},
				"up": {"uv": [0, 15, 1, 16], "texture": "#2", "cullface": "up"},
				"down": {"uv": [1, 1, 15, 15], "texture": "#3"}
			}
		},
		{
			"from": [0, 1, 0],
			"to": [1, 16, 1],
			"rotation": {"angle": 0, "axis": "y", "origin": [-1, 0, -14]},
			"faces": {
				"north": {"uv": [15, 0, 16, 15], "texture": "#0", "cullface": "north"},
				"east": {"uv": [15, 0, 16, 15], "texture": "#1", "cullface": "north"},
				"south": {"uv": [15, 0, 16, 15], "texture": "#0", "cullface": "west"},
				"west": {"uv": [15, 0, 16, 15], "texture": "#1", "cullface": "west"},
				"up": {"uv": [0, 15, 1, 16], "texture": "#2", "cullface": "up"},
				"down": {"uv": [1, 1, 15, 15], "texture": "#3"}
			}
		},
		{
			"from": [0, 0, 0],
			"to": [16, 1, 16],
			"faces": {
				"north": {"uv": [0, 15, 16, 16], "texture": "#3", "cullface": "north"},
				"east": {"uv": [0, 15, 16, 16], "texture": "#3", "cullface": "east"},
				"south": {"uv": [0, 15, 16, 16], "texture": "#3", "cullface": "south"},
				"west": {"uv": [0, 15, 16, 16], "texture": "#3", "cullface": "west"},
				"up": {"uv": [0, 0, 16, 16], "texture": "#3"},
				"down": {"uv": [0, 0, 16, 16], "texture": "#3", "cullface": "down"}
			}
		},
		{
			"from": [7, 1, 0.5],
			"to": [9, 14, 1],
			"rotation": {"angle": 0, "axis": "y", "origin": [7, 1, 0]},
			"faces": {
				"north": {"uv": [7, 2, 9, 15], "texture": "#1", "cullface": "north"},
				"east": {"uv": [7, 2, 7.5, 15], "texture": "#1", "cullface": "north"},
				"west": {"uv": [8, 2, 8.5, 15], "texture": "#1", "cullface": "north"}
			}
		},
		{
			"from": [15, 1, 7],
			"to": [15.5, 14, 9],
			"rotation": {"angle": 0, "axis": "y", "origin": [16, 1, 7]},
			"faces": {
				"north": {"uv": [8, 2, 8.5, 15], "texture": "#1", "cullface": "east"},
				"east": {"uv": [7, 2, 9, 15], "texture": "#1", "cullface": "east"},
				"south": {"uv": [7, 2, 7.5, 15], "texture": "#1", "cullface": "east"}
			}
		},
		{
			"from": [0.5, 1, 7],
			"to": [1, 14, 9],
			"rotation": {"angle": 0, "axis": "y", "origin": [4.625, 7.5, 11.375]},
			"faces": {
				"north": {"uv": [7, 2, 7.5, 15], "texture": "#1", "cullface": "west"},
				"south": {"uv": [8, 2, 8.5, 15], "texture": "#1", "cullface": "west"},
				"west": {"uv": [7, 2, 9, 15], "texture": "#1", "cullface": "west"}
			}
		},
		{
			"from": [0.5, 14, 7],
			"to": [1, 15, 9],
			"rotation": {"angle": 0, "axis": "y", "origin": [8, 14.5, 8]},
			"faces": {
				"north": {"uv": [7, 2, 7.5, 3], "texture": "#1", "cullface": "west"},
				"south": {"uv": [8, 2, 8.5, 3], "texture": "#1", "cullface": "west"},
				"west": {"uv": [7, 2, 9, 3], "texture": "#1", "cullface": "west"}
			}
		},
		{
			"from": [7, 14, 15],
			"to": [9, 15, 15.5],
			"rotation": {"angle": 0, "axis": "y", "origin": [8, 14.5, 8]},
			"faces": {
				"east": {"uv": [8, 2, 8.5, 3], "texture": "#1", "cullface": "west"},
				"south": {"uv": [7, 2, 9, 3], "texture": "#1", "cullface": "west"},
				"west": {"uv": [7, 2, 7.5, 3], "texture": "#1", "cullface": "west"}
			}
		},
		{
			"from": [7, 14, 0.5],
			"to": [9, 15, 1],
			"rotation": {"angle": 0, "axis": "y", "origin": [8, 14.5, 8]},
			"faces": {
				"north": {"uv": [7, 2, 9, 3], "texture": "#1", "cullface": "west"},
				"east": {"uv": [7, 2, 7.5, 3], "texture": "#1", "cullface": "west"},
				"west": {"uv": [8, 2, 8.5, 3], "texture": "#1", "cullface": "west"}
			}
		},
		{
			"from": [15, 14, 7],
			"to": [15.5, 15, 9],
			"rotation": {"angle": 0, "axis": "y", "origin": [8, 14.5, 8]},
			"faces": {
				"north": {"uv": [8, 2, 8.5, 3], "texture": "#1", "cullface": "west"},
				"east": {"uv": [7, 2, 9, 3], "texture": "#1", "cullface": "west"},
				"south": {"uv": [7, 2, 7.5, 3], "texture": "#1", "cullface": "west"}
			}
		},
		{
			"from": [-0.5, 14, 6],
			"to": [0, 15, 10],
			"rotation": {"angle": 0, "axis": "y", "origin": [3.625, 7.5, 11.375]},
			"faces": {
				"north": {"uv": [6, 1, 6.5, 2], "texture": "#1", "cullface": "west"},
				"south": {"uv": [9, 1, 9.5, 2], "texture": "#1", "cullface": "west"},
				"west": {"uv": [6, 1, 10, 2], "texture": "#1", "cullface": "west"},
				"down": {"uv": [6, 1, 10, 2], "rotation": 90, "texture": "#1", "cullface": "west"}
			}
		},
		{
			"from": [-0.5, 15, 5],
			"to": [0, 16.5, 11],
			"rotation": {"angle": 0, "axis": "y", "origin": [8, 15.75, 8]},
			"faces": {
				"north": {"uv": [5, 0, 5.5, 1], "texture": "#1", "cullface": "west"},
				"south": {"uv": [11, 0, 10.5, 1], "texture": "#1", "cullface": "west"},
				"west": {"uv": [5, 0, 11, 1], "texture": "#1", "cullface": "west"},
				"up": {"uv": [5, 0, 11, 1], "rotation": 270, "texture": "#0", "cullface": "west"},
				"down": {"uv": [5, 0, 11, 1], "rotation": 90, "texture": "#1", "cullface": "west"}
			}
		},
		{
			"from": [5, 15, 16],
			"to": [11, 16.5, 16.5],
			"rotation": {"angle": 0, "axis": "y", "origin": [8, 15.75, 8]},
			"faces": {
				"east": {"uv": [11, 0, 10.5, 1], "texture": "#1", "cullface": "south"},
				"south": {"uv": [5, 0, 11, 1], "texture": "#1", "cullface": "south"},
				"west": {"uv": [5, 0, 5.5, 1], "texture": "#1", "cullface": "south"},
				"up": {"uv": [5, 0, 11, 1], "rotation": 180, "texture": "#0", "cullface": "south"},
				"down": {"uv": [5, 0, 11, 1], "rotation": 180, "texture": "#1", "cullface": "south"}
			}
		},
		{
			"from": [5, 15, -0.5],
			"to": [11, 16.5, 0],
			"rotation": {"angle": 0, "axis": "y", "origin": [8, 15.75, 8]},
			"faces": {
				"north": {"uv": [5, 0, 11, 1], "texture": "#1", "cullface": "north"},
				"east": {"uv": [5, 0, 5.5, 1], "texture": "#1", "cullface": "north"},
				"west": {"uv": [11, 0, 10.5, 1], "texture": "#1", "cullface": "north"},
				"up": {"uv": [5, 0, 11, 1], "texture": "#0", "cullface": "north"},
				"down": {"uv": [5, 0, 11, 1], "texture": "#1", "cullface": "north"}
			}
		},
		{
			"from": [16, 15, 5],
			"to": [16.5, 16.5, 11],
			"rotation": {"angle": 0, "axis": "y", "origin": [8, 15.75, 8]},
			"faces": {
				"north": {"uv": [11, 0, 10.5, 1], "texture": "#1", "cullface": "east"},
				"east": {"uv": [5, 0, 11, 1], "texture": "#1", "cullface": "east"},
				"south": {"uv": [5, 0, 5.5, 1], "texture": "#1", "cullface": "east"},
				"up": {"uv": [5, 0, 11, 1], "rotation": 90, "texture": "#0", "cullface": "east"},
				"down": {"uv": [5, 0, 11, 1], "rotation": 270, "texture": "#1", "cullface": "east"}
			}
		},
		{
			"from": [6, 14, 16],
			"to": [10, 15, 16.5],
			"rotation": {"angle": 0, "axis": "y", "origin": [8, 15, 16.25]},
			"faces": {
				"east": {"uv": [9, 1, 9.5, 2], "texture": "#1", "cullface": "south"},
				"south": {"uv": [6, 1, 10, 2], "texture": "#1", "cullface": "south"},
				"west": {"uv": [6, 1, 6.5, 2], "texture": "#1", "cullface": "south"},
				"down": {"uv": [6, 1, 10, 2], "rotation": 180, "texture": "#1", "cullface": "south"}
			}
		},
		{
			"from": [16, 14, 6],
			"to": [16.5, 15, 10],
			"rotation": {"angle": 0, "axis": "y", "origin": [16.25, 15, 8]},
			"faces": {
				"north": {"uv": [9, 1, 9.5, 2], "texture": "#1", "cullface": "east"},
				"east": {"uv": [6, 1, 10, 2], "texture": "#1", "cullface": "east"},
				"south": {"uv": [6, 1, 6.5, 2], "texture": "#1", "cullface": "east"},
				"down": {"uv": [6, 1, 10, 2], "rotation": 270, "texture": "#1", "cullface": "east"}
			}
		},
		{
			"from": [6, 14, -0.5],
			"to": [10, 15, 0],
			"rotation": {"angle": 0, "axis": "y", "origin": [8, 15, -0.25]},
			"faces": {
				"north": {"uv": [6, 1, 10, 2], "texture": "#1", "cullface": "north"},
				"east": {"uv": [6, 1, 6.5, 2], "texture": "#1", "cullface": "north"},
				"west": {"uv": [9, 1, 9.5, 2], "texture": "#1", "cullface": "north"},
				"down": {"uv": [6, 1, 10, 2], "texture": "#1", "cullface": "north"}
			}
		},
		{
			"from": [7, 1, 15],
			"to": [9, 14, 15.5],
			"rotation": {"angle": 0, "axis": "y", "origin": [4.625, 7.5, 19.375]},
			"faces": {
				"east": {"uv": [8, 2, 8.5, 15], "texture": "#1", "cullface": "south"},
				"south": {"uv": [7, 2, 9, 15], "texture": "#1", "cullface": "south"},
				"west": {"uv": [7, 2, 7.5, 15], "texture": "#1", "cullface": "south"}
			}
		},
		{
			"from": [4, 16, 0],
			"to": [12, 16.5, 16],
			"rotation": {"angle": 0, "axis": "y", "origin": [8, 16.25, 8]},
			"faces": {
				"north": {"uv": [4, 0, 12, 0.5], "texture": "#2", "cullface": "up"},
				"east": {"uv": [0, 4, 16, 4.5], "texture": "#2", "cullface": "up"},
				"south": {"uv": [4, 0, 12, 0.5], "texture": "#2", "cullface": "up"},
				"west": {"uv": [0, 4, 16, 4.5], "texture": "#2", "cullface": "up"},
				"up": {"uv": [4, 0, 12, 16], "texture": "#2", "cullface": "up"}
			}
		},
		{
			"from": [12, 16, 3],
			"to": [15, 16.5, 4],
			"rotation": {"angle": 0, "axis": "y", "origin": [13, 16.25, 3]},
			"faces": {
				"north": {"uv": [12, 12, 15, 13], "texture": "#2", "cullface": "up"},
				"east": {"uv": [14, 12, 15, 13], "texture": "#2", "cullface": "up"},
				"up": {"uv": [12, 12, 15, 13], "rotation": 180, "texture": "#2", "cullface": "up"}
			}
		},
		{
			"from": [13, 16, 2],
			"to": [14, 16.5, 3],
			"rotation": {"angle": 0, "axis": "y", "origin": [13, 16.25, 3]},
			"faces": {
				"north": {"uv": [13, 13, 14, 14], "texture": "#2", "cullface": "up"},
				"east": {"uv": [13, 13, 14, 14], "texture": "#2", "cullface": "up"},
				"up": {"uv": [13, 13, 14, 14], "rotation": 180, "texture": "#2", "cullface": "up"}
			}
		},
		{
			"from": [12, 16, 1],
			"to": [13, 16.5, 4],
			"rotation": {"angle": 0, "axis": "y", "origin": [13, 16.25, 3]},
			"faces": {
				"north": {"uv": [14, 12, 15, 13], "texture": "#2", "cullface": "up"},
				"east": {"uv": [12, 12, 15, 13], "texture": "#2", "cullface": "up"},
				"up": {"uv": [12, 12, 15, 13], "rotation": 90, "texture": "#2", "cullface": "up"}
			}
		},
		{
			"from": [13, 16, 13],
			"to": [14, 16.5, 14],
			"rotation": {"angle": 0, "axis": "y", "origin": [13, 16.25, 13]},
			"faces": {
				"east": {"uv": [13, 13, 14, 14], "texture": "#2", "cullface": "up"},
				"south": {"uv": [13, 13, 14, 14], "texture": "#2", "cullface": "up"},
				"up": {"uv": [13, 13, 14, 14], "rotation": 270, "texture": "#2", "cullface": "up"}
			}
		},
		{
			"from": [12, 16, 12],
			"to": [15, 16.5, 13],
			"rotation": {"angle": 0, "axis": "y", "origin": [13, 16.25, 13]},
			"faces": {
				"east": {"uv": [14, 12, 15, 13], "texture": "#2", "cullface": "up"},
				"south": {"uv": [12, 12, 15, 13], "texture": "#2", "cullface": "up"},
				"up": {"uv": [12, 12, 15, 13], "rotation": 180, "texture": "#2", "cullface": "up"}
			}
		},
		{
			"from": [12, 16, 12],
			"to": [13, 16.5, 15],
			"rotation": {"angle": 0, "axis": "y", "origin": [13, 16.25, 13]},
			"faces": {
				"east": {"uv": [12, 12, 15, 13], "texture": "#2", "cullface": "up"},
				"south": {"uv": [14, 12, 15, 13], "texture": "#2", "cullface": "up"},
				"up": {"uv": [12, 12, 15, 13], "rotation": 270, "texture": "#2", "cullface": "up"}
			}
		},
		{
			"from": [2, 16, 13],
			"to": [3, 16.5, 14],
			"rotation": {"angle": 0, "axis": "y", "origin": [3, 16.25, 13]},
			"faces": {
				"south": {"uv": [13, 13, 14, 14], "texture": "#2", "cullface": "up"},
				"west": {"uv": [13, 13, 14, 14], "texture": "#2", "cullface": "up"},
				"up": {"uv": [13, 13, 14, 14], "texture": "#2", "cullface": "up"}
			}
		},
		{
			"from": [3, 16, 12],
			"to": [4, 16.5, 15],
			"rotation": {"angle": 0, "axis": "y", "origin": [3, 16.25, 13]},
			"faces": {
				"south": {"uv": [14, 12, 15, 13], "texture": "#2", "cullface": "up"},
				"west": {"uv": [12, 12, 15, 13], "texture": "#2", "cullface": "up"},
				"up": {"uv": [12, 12, 15, 13], "rotation": 270, "texture": "#2", "cullface": "up"}
			}
		},
		{
			"from": [1, 16, 12],
			"to": [4, 16.5, 13],
			"rotation": {"angle": 0, "axis": "y", "origin": [3, 16.25, 13]},
			"faces": {
				"south": {"uv": [12, 12, 15, 13], "texture": "#2", "cullface": "up"},
				"west": {"uv": [14, 12, 15, 13], "texture": "#2", "cullface": "up"},
				"up": {"uv": [12, 12, 15, 13], "texture": "#2", "cullface": "up"}
			}
		},
		{
			"from": [2, 16, 2],
			"to": [3, 16.5, 3],
			"rotation": {"angle": 0, "axis": "y", "origin": [3, 16.25, 3]},
			"faces": {
				"north": {"uv": [13, 13, 14, 14], "texture": "#2", "cullface": "up"},
				"west": {"uv": [13, 13, 14, 14], "texture": "#2", "cullface": "up"},
				"up": {"uv": [13, 13, 14, 14], "rotation": 90, "texture": "#2", "cullface": "up"}
			}
		},
		{
			"from": [1, 16, 3],
			"to": [4, 16.5, 4],
			"rotation": {"angle": 0, "axis": "y", "origin": [3, 16.25, 3]},
			"faces": {
				"north": {"uv": [12, 12, 15, 13], "texture": "#2", "cullface": "up"},
				"west": {"uv": [14, 12, 15, 13], "texture": "#2", "cullface": "up"},
				"up": {"uv": [12, 12, 15, 13], "texture": "#2", "cullface": "up"}
			}
		},
		{
			"from": [3, 16, 1],
			"to": [4, 16.5, 4],
			"rotation": {"angle": 0, "axis": "y", "origin": [3, 16.25, 3]},
			"faces": {
				"north": {"uv": [14, 12, 15, 13], "texture": "#2", "cullface": "up"},
				"west": {"uv": [12, 12, 15, 13], "texture": "#2", "cullface": "up"},
				"up": {"uv": [12, 12, 15, 13], "rotation": 90, "texture": "#2", "cullface": "up"}
			}
		},
		{
			"from": [0, 16, 4],
			"to": [16, 16.5, 12],
			"rotation": {"angle": 0, "axis": "y", "origin": [8, 16.25, 8]},
			"faces": {
				"north": {"uv": [0, 4, 16, 4.5], "texture": "#2", "cullface": "up"},
				"east": {"uv": [4, 0, 12, 0.5], "texture": "#2", "cullface": "up"},
				"south": {"uv": [0, 4, 16, 4.5], "texture": "#2", "cullface": "up"},
				"west": {"uv": [4, 0, 12, 0.5], "texture": "#2", "cullface": "up"},
				"up": {"uv": [0, 4, 16, 12], "texture": "#2", "cullface": "up"}
			}
		},
		{
			"from": [3, 16.5, 3],
			"to": [4, 17, 13],
			"rotation": {"angle": 0, "axis": "y", "origin": [7.5, 16.75, 8]},
			"faces": {
				"north": {"uv": [3, 3, 4, 3.5], "rotation": 180, "texture": "#2", "cullface": "up"},
				"east": {"uv": [3, 3, 3.5, 13], "rotation": 90, "texture": "#2", "cullface": "up"},
				"south": {"uv": [3, 12, 4, 12.5], "texture": "#2", "cullface": "up"},
				"west": {"uv": [3, 3, 3.5, 13], "rotation": 270, "texture": "#2", "cullface": "up"},
				"up": {"uv": [3, 3, 4, 13], "texture": "#2", "cullface": "up"}
			}
		},
		{
			"from": [3, 16.5, 12],
			"to": [13, 17, 13],
			"rotation": {"angle": 0, "axis": "y", "origin": [7.5, 16.75, 8]},
			"faces": {
				"north": {"uv": [3, 12, 13, 12.5], "rotation": 180, "texture": "#2", "cullface": "up"},
				"east": {"uv": [12, 12, 12.5, 13], "rotation": 90, "texture": "#2", "cullface": "up"},
				"south": {"uv": [3, 12, 13, 12.5], "texture": "#2", "cullface": "up"},
				"west": {"uv": [3, 12, 3.5, 13], "rotation": 270, "texture": "#2", "cullface": "up"},
				"up": {"uv": [3, 12, 13, 13], "texture": "#2", "cullface": "up"}
			}
		},
		{
			"from": [3, 16.5, 9],
			"to": [13, 17, 10],
			"rotation": {"angle": 0, "axis": "y", "origin": [7.5, 16.75, 5]},
			"faces": {
				"north": {"uv": [3, 9, 13, 9.5], "rotation": 180, "texture": "#2", "cullface": "up"},
				"east": {"uv": [12, 9, 12.5, 10], "rotation": 90, "texture": "#2", "cullface": "up"},
				"south": {"uv": [3, 9, 13, 9.5], "texture": "#2", "cullface": "up"},
				"west": {"uv": [3, 9, 3.5, 10], "rotation": 270, "texture": "#2", "cullface": "up"},
				"up": {"uv": [3, 9, 13, 10], "texture": "#2", "cullface": "up"}
			}
		},
		{
			"from": [3, 16.5, 6],
			"to": [13, 17, 7],
			"rotation": {"angle": 0, "axis": "y", "origin": [7.5, 16.75, 2]},
			"faces": {
				"north": {"uv": [3, 6, 13, 6.5], "rotation": 180, "texture": "#2", "cullface": "up"},
				"east": {"uv": [12, 6, 12.5, 7], "rotation": 90, "texture": "#2", "cullface": "up"},
				"south": {"uv": [3, 6, 13, 6.5], "texture": "#2", "cullface": "up"},
				"west": {"uv": [3, 6, 3.5, 7], "rotation": 270, "texture": "#2", "cullface": "up"},
				"up": {"uv": [3, 6, 13, 7], "texture": "#2", "cullface": "up"}
			}
		},
		{
			"from": [3, 16.5, 3],
			"to": [13, 17, 4],
			"rotation": {"angle": 0, "axis": "y", "origin": [7.5, 16.75, -1]},
			"faces": {
				"north": {"uv": [3, 3, 13, 3.5], "rotation": 180, "texture": "#2", "cullface": "up"},
				"east": {"uv": [12, 3, 12.5, 4], "rotation": 90, "texture": "#2", "cullface": "up"},
				"south": {"uv": [3, 3, 13, 3.5], "texture": "#2", "cullface": "up"},
				"west": {"uv": [3, 3, 3.5, 4], "rotation": 270, "texture": "#2", "cullface": "up"},
				"up": {"uv": [3, 3, 13, 4], "texture": "#2", "cullface": "up"}
			}
		},
		{
			"from": [12, 16.5, 3],
			"to": [13, 17, 13],
			"rotation": {"angle": 0, "axis": "y", "origin": [7.5, 16.75, 8]},
			"faces": {
				"north": {"uv": [12, 3, 13, 3.5], "rotation": 180, "texture": "#2", "cullface": "up"},
				"east": {"uv": [12, 3, 12.5, 13], "rotation": 90, "texture": "#2", "cullface": "up"},
				"south": {"uv": [12, 12, 13, 12.5], "texture": "#2", "cullface": "up"},
				"west": {"uv": [12, 3, 12.5, 13], "rotation": 270, "texture": "#2", "cullface": "up"},
				"up": {"uv": [12, 3, 13, 13], "texture": "#2", "cullface": "up"}
			}
		},
		{
			"from": [9, 16.5, 3],
			"to": [10, 17, 13],
			"rotation": {"angle": 0, "axis": "y", "origin": [4.5, 16.75, 8]},
			"faces": {
				"north": {"uv": [9, 3, 10, 3.5], "rotation": 180, "texture": "#2", "cullface": "up"},
				"east": {"uv": [9, 3, 9.5, 13], "rotation": 90, "texture": "#2", "cullface": "up"},
				"south": {"uv": [9, 12, 10, 12.5], "texture": "#2", "cullface": "up"},
				"west": {"uv": [9, 3, 9.5, 13], "rotation": 270, "texture": "#2", "cullface": "up"},
				"up": {"uv": [9, 3, 10, 13], "texture": "#2", "cullface": "up"}
			}
		},
		{
			"from": [6, 16.5, 3],
			"to": [7, 17, 13],
			"rotation": {"angle": 0, "axis": "y", "origin": [1.5, 16.75, 8]},
			"faces": {
				"north": {"uv": [6, 3, 7, 3.5], "rotation": 180, "texture": "#2", "cullface": "up"},
				"east": {"uv": [6, 3, 6.5, 13], "rotation": 90, "texture": "#2", "cullface": "up"},
				"south": {"uv": [6, 12, 7, 12.5], "texture": "#2", "cullface": "up"},
				"west": {"uv": [6, 3, 6.5, 13], "rotation": 270, "texture": "#2", "cullface": "up"},
				"up": {"uv": [6, 3, 7, 13], "texture": "#2", "cullface": "up"}
			}
		}
	],
	"display": {
		"thirdperson_righthand": {
			"rotation": [99, 38, 0],
			"translation": [0, 4.25, 0],
			"scale": [0.5, 0.5, 0.5]
		},
		"thirdperson_lefthand": {
			"rotation": [99, 38, 0],
			"translation": [0, 4.25, 0],
			"scale": [0.5, 0.5, 0.5]
		},
		"firstperson_righthand": {
			"rotation": [19.5, 33.25, 0],
			"scale": [0.5, 0.5, 0.5]
		},
		"firstperson_lefthand": {
			"rotation": [19.5, 33.25, 0],
			"scale": [0.5, 0.5, 0.5]
		},
		"ground": {
			"scale": [0.5, 0.5, 0.5]
		},
		"gui": {
			"rotation": [16.75, 153, 0],
			"scale": [0.6, 0.6, 0.6]
		},
		"head": {
			"scale": [0.9, 0.9, 0.9]
		},
		"fixed": {
			"scale": [0.7, 0.7, 0.7]
		}
	}
}