{
	"credit": "Made with Blockbench",
	"ambientocclusion": false,
	"textures": {
		"rail": "block/custom_rail_rails",
		"plank": "block/rail_sleeper"
	},
	"elements": [
		{
			"name": "rail_west_top",
			"from": [2.5, 1.2, 0],
			"to": [3.5, 2.5, 16],
			"faces": {
				"north": {"uv": [7.5, 6.5, 8.5, 8], "rotation": 180, "texture": "#rail"},
				"east": {"uv": [11, 0, 12.5, 16], "rotation": 270, "texture": "#rail"},
				"south": {"uv": [10, 9.5, 11, 11], "texture": "#rail"},
				"west": {"uv": [15, 0, 13.5, 16], "rotation": 90, "texture": "#rail"},
				"up": {"uv": [12.5, 0, 13.5, 16], "texture": "#rail"},
				"down": {"uv": [5.5, 0, 6.5, 16], "texture": "#rail"}
			}
		},
		{
			"name": "rail_east_top",
			"from": [12.5, 1.2, 0],
			"to": [13.5, 2.5, 16],
			"faces": {
				"north": {"uv": [7.5, 9.5, 8.5, 11], "texture": "#rail"},
				"east": {"uv": [1, 0, 2.5, 16], "rotation": 270, "texture": "#rail"},
				"south": {"uv": [10, 13.5, 11, 15], "texture": "#rail"},
				"west": {"uv": [5, 0, 3.5, 16], "rotation": 90, "texture": "#rail"},
				"up": {"uv": [2.5, 0, 3.5, 16], "rotation": 180, "texture": "#rail"},
				"down": {"uv": [8.5, 0, 9.5, 16], "rotation": 180, "texture": "#rail"}
			}
		},
		{
			"name": "plank_1_thin",
			"from": [0.3, 0, 2.9],
			"to": [15.3, 1, 5.2],
			"faces": {
				"north": {"uv": [0, 14.5, 15, 15.5], "rotation": 180, "texture": "#plank"},
				"east": {"uv": [4.5, 10.5, 5.5, 12.5], "rotation": 90, "texture": "#plank"},
				"south": {"uv": [15, 4.5, 0, 5.5], "rotation": 180, "texture": "#plank"},
				"west": {"uv": [14.5, 9, 15.5, 11], "rotation": 270, "texture": "#plank"},
				"up": {"uv": [0, 10.5, 15, 12.5], "texture": "#plank"},
				"down": {"uv": [0.5, 6.5, 15.5, 8.5], "rotation": 180, "texture": "#plank"}
			}
		},
		{
			"name": "plank_2_thin",
			"from": [-0.2, 0, 14.7],
			"to": [14.8, 1.006, 16.6],
			"rotation": {"angle": 22.5, "axis": "y", "origin": [1, 0, 11.5]},
			"faces": {
				"north": {"uv": [1, 12, 16, 11], "rotation": 180, "texture": "#plank"},
				"east": {"uv": [2.5, 8, 3.5, 10], "rotation": 90, "texture": "#plank"},
				"south": {"uv": [15, 6.5, 0, 5.5], "rotation": 180, "texture": "#plank"},
				"west": {"uv": [14.5, 12.5, 15.5, 14.5], "rotation": 270, "texture": "#plank"},
				"up": {"uv": [0.5, 13, 15.5, 15], "texture": "#plank"},
				"down": {"uv": [0.5, 5.5, 15.5, 7.5], "rotation": 180, "texture": "#plank"}
			}
		},
		{
			"from": [6.5, 1, 14.7],
			"to": [9.5, 1.2, 15.7],
			"rotation": {"angle": 22.5, "axis": "y", "origin": [0, 0, 0]},
			"faces": {
				"north": {"uv": [5.5, 1.5, 8.5, 2], "texture": "#rail"},
				"east": {"uv": [6.5, 5.5, 7.5, 6], "texture": "#rail"},
				"south": {"uv": [7, 5.5, 10, 6], "texture": "#rail"},
				"west": {"uv": [9, 9.5, 10, 10], "texture": "#rail"},
				"up": {"uv": [5.5, 7, 8.5, 8], "texture": "#rail"},
				"down": {"uv": [6.5, 9.5, 9.5, 10.5], "texture": "#rail"}
			}
		},
		{
			"from": [7.9, 0, 6.5],
			"to": [10.9, 0.2, 7.5],
			"rotation": {"angle": -45, "axis": "y", "origin": [0, 0, 0]},
			"faces": {
				"north": {"uv": [6, 0, 9, 0.5], "texture": "#rail"},
				"east": {"uv": [7.5, 6, 8.5, 6.5], "texture": "#rail"},
				"south": {"uv": [6, 1, 9, 1.5], "texture": "#rail"},
				"west": {"uv": [8.5, 10.5, 9.5, 11], "texture": "#rail"},
				"up": {"uv": [5.5, 7.5, 8.5, 8.5], "texture": "#rail"},
				"down": {"uv": [6.5, 10.5, 9.5, 11.5], "texture": "#rail"}
			}
		},
		{
			"from": [11.5, 1, 3.5],
			"to": [14.5, 1.2, 4.6],
			"faces": {
				"north": {"uv": [7, 6, 10, 6.5], "texture": "#rail"},
				"east": {"uv": [8.5, 11.5, 9.5, 12], "texture": "#rail"},
				"south": {"uv": [6.5, 5, 9.5, 5.5], "texture": "#rail"},
				"west": {"uv": [6, 7, 7, 7.5], "texture": "#rail"},
				"up": {"uv": [6.5, 14.5, 9.5, 15.5], "texture": "#rail"},
				"down": {"uv": [0, 0, 3, 1], "texture": "#rail"}
			}
		},
		{
			"from": [1.5, 1, 3.6],
			"to": [4.5, 1.2, 4.5],
			"faces": {
				"north": {"uv": [6.5, 5.5, 9.5, 6], "texture": "#rail"},
				"east": {"uv": [5, 8, 6, 8.5], "texture": "#rail"},
				"south": {"uv": [6.5, 5, 9.5, 5.5], "texture": "#rail"},
				"west": {"uv": [8, 9, 9, 9.5], "texture": "#rail"},
				"up": {"uv": [6.5, 0, 9.5, 1], "texture": "#rail"},
				"down": {"uv": [0, 0, 3, 1], "texture": "#rail"}
			}
		},
		{
			"from": [13.5, 1.5, -1],
			"to": [13.7, 2.3, 1],
			"faces": {
				"north": {"uv": [6, 8, 6.5, 9], "texture": "#rail"},
				"east": {"uv": [6, 2, 8, 3], "texture": "#rail"},
				"south": {"uv": [6.5, 1, 7, 2], "texture": "#rail"},
				"west": {"uv": [5, 9.5, 7, 10.5], "texture": "#rail"},
				"up": {"uv": [8.5, 6.5, 9, 8.5], "texture": "#rail"},
				"down": {"uv": [7, 1.5, 7.5, 3.5], "texture": "#rail"}
			}
		},
		{
			"from": [12.3, 1.4, -1],
			"to": [12.5, 2.2, 1],
			"faces": {
				"north": {"uv": [6, 8, 6.5, 9], "texture": "#rail"},
				"east": {"uv": [6, 2, 8, 3], "texture": "#rail"},
				"south": {"uv": [6.5, 1, 7, 2], "texture": "#rail"},
				"west": {"uv": [5, 9.5, 7, 10.5], "texture": "#rail"},
				"up": {"uv": [8.5, 6.5, 9, 8.5], "texture": "#rail"},
				"down": {"uv": [7, 1.5, 7.5, 3.5], "texture": "#rail"}
			}
		},
		{
			"from": [2.3, 1.5, 15],
			"to": [2.5, 2.3, 17],
			"faces": {
				"north": {"uv": [6, 8, 6.5, 9], "texture": "#rail"},
				"east": {"uv": [6, 2, 8, 3], "texture": "#rail"},
				"south": {"uv": [6.5, 1, 7, 2], "texture": "#rail"},
				"west": {"uv": [5, 9.5, 7, 10.5], "texture": "#rail"},
				"up": {"uv": [8.5, 6.5, 9, 8.5], "texture": "#rail"},
				"down": {"uv": [7, 1.5, 7.5, 3.5], "texture": "#rail"}
			}
		},
		{
			"from": [3.5, 1.4, 15],
			"to": [3.7, 2.2, 16.9],
			"faces": {
				"north": {"uv": [6, 8, 6.5, 9], "texture": "#rail"},
				"east": {"uv": [6, 2, 8, 3], "texture": "#rail"},
				"south": {"uv": [6.5, 1, 7, 2], "texture": "#rail"},
				"west": {"uv": [5, 9.5, 7, 10.5], "texture": "#rail"},
				"up": {"uv": [8.5, 6.5, 9, 8.5], "texture": "#rail"},
				"down": {"uv": [7, 1.5, 7.5, 3.5], "texture": "#rail"}
			}
		},
		{
			"from": [4.3, 0.1, 1.1],
			"to": [4.6, 1.6, 1.4],
			"rotation": {"angle": -45, "axis": "y", "origin": [0, 0, 0]},
			"faces": {
				"north": {"uv": [9.5, 8, 10, 9.5], "texture": "#rail"},
				"east": {"uv": [8.5, 5.5, 9, 7], "texture": "#rail"},
				"south": {"uv": [9, 2, 9.5, 3.5], "texture": "#rail"},
				"west": {"uv": [8, 8, 8.5, 9.5], "texture": "#rail"},
				"up": {"uv": [6.5, 4.5, 7, 5], "texture": "#rail"},
				"down": {"uv": [7, 5.5, 7.5, 6], "texture": "#rail"}
			}
		},
		{
			"from": [9.4, -8.2, 11.2],
			"to": [9.7, -6.7, 11.5],
			"rotation": {"angle": 45, "axis": "z", "origin": [0, 0, 0]},
			"faces": {
				"north": {"uv": [8, 8, 8.5, 9.5], "texture": "#rail"},
				"east": {"uv": [9.5, 8, 10, 9.5], "texture": "#rail"},
				"south": {"uv": [8.5, 5.5, 9, 7], "texture": "#rail"},
				"west": {"uv": [9, 2, 9.5, 3.5], "texture": "#rail"},
				"up": {"uv": [6.5, 4.5, 7, 5], "rotation": 90, "texture": "#rail"},
				"down": {"uv": [7, 5.5, 7.5, 6], "rotation": 270, "texture": "#rail"}
			}
		},
		{
			"from": [13.6, -3.8, 10.1],
			"to": [13.9, -2.3, 10.4],
			"rotation": {"angle": -22.5, "axis": "x", "origin": [0, 0, 0]},
			"faces": {
				"north": {"uv": [9.5, 8, 10, 9.5], "texture": "#rail"},
				"east": {"uv": [8.5, 5.5, 9, 7], "texture": "#rail"},
				"south": {"uv": [9, 2, 9.5, 3.5], "texture": "#rail"},
				"west": {"uv": [8, 8, 8.5, 9.5], "texture": "#rail"},
				"up": {"uv": [6.5, 4.5, 7, 5], "texture": "#rail"},
				"down": {"uv": [7, 5.5, 7.5, 6], "texture": "#rail"}
			}
		},
		{
			"from": [5.3, 0.2, 0],
			"to": [5.6, 1.7, 0.3],
			"rotation": {"angle": -45, "axis": "y", "origin": [0, 0, 0]},
			"faces": {
				"north": {"uv": [9.5, 8, 10, 9.5], "texture": "#rail"},
				"east": {"uv": [8.5, 5.5, 9, 7], "texture": "#rail"},
				"south": {"uv": [9, 2, 9.5, 3.5], "texture": "#rail"},
				"west": {"uv": [8, 8, 8.5, 9.5], "texture": "#rail"},
				"up": {"uv": [6.5, 4.5, 7, 5], "texture": "#rail"},
				"down": {"uv": [7, 5.5, 7.5, 6], "texture": "#rail"}
			}
		},
		{
			"from": [11.3, 0.1, -5.9],
			"to": [11.6, 1.6, -5.6],
			"rotation": {"angle": -45, "axis": "y", "origin": [0, 0, 0]},
			"faces": {
				"north": {"uv": [9.5, 8, 10, 9.5], "texture": "#rail"},
				"east": {"uv": [8.5, 5.5, 9, 7], "texture": "#rail"},
				"south": {"uv": [9, 2, 9.5, 3.5], "texture": "#rail"},
				"west": {"uv": [8, 8, 8.5, 9.5], "texture": "#rail"},
				"up": {"uv": [6.5, 4.5, 7, 5], "texture": "#rail"},
				"down": {"uv": [7, 5.5, 7.5, 6], "texture": "#rail"}
			}
		},
		{
			"from": [12.4, 0.1, -7],
			"to": [12.7, 1.6, -6.7],
			"rotation": {"angle": -45, "axis": "y", "origin": [0, 0, 0]},
			"faces": {
				"north": {"uv": [9.5, 8, 10, 9.5], "texture": "#rail"},
				"east": {"uv": [8.5, 5.5, 9, 7], "texture": "#rail"},
				"south": {"uv": [9, 2, 9.5, 3.5], "texture": "#rail"},
				"west": {"uv": [8, 8, 8.5, 9.5], "texture": "#rail"},
				"up": {"uv": [6.5, 4.5, 7, 5], "texture": "#rail"},
				"down": {"uv": [7, 5.5, 7.5, 6], "texture": "#rail"}
			}
		},
		{
			"from": [6.2, 0, 11.8],
			"to": [6.5, 0.3, 13.3],
			"rotation": {"angle": -22.5, "axis": "y", "origin": [0, 0, 0]},
			"faces": {
				"north": {"uv": [7, 5.5, 7.5, 6], "rotation": 180, "texture": "#rail"},
				"east": {"uv": [8.5, 5.5, 9, 7], "rotation": 270, "texture": "#rail"},
				"south": {"uv": [6.5, 4.5, 7, 5], "texture": "#rail"},
				"west": {"uv": [8, 8, 8.5, 9.5], "rotation": 90, "texture": "#rail"},
				"up": {"uv": [9.5, 8, 10, 9.5], "rotation": 180, "texture": "#rail"},
				"down": {"uv": [9, 2, 9.5, 3.5], "texture": "#rail"}
			}
		},
		{
			"from": [5, 0, 11.5],
			"to": [6.5, 0.3, 11.8],
			"faces": {
				"north": {"uv": [8, 8, 8.5, 9.5], "rotation": 270, "texture": "#rail"},
				"east": {"uv": [6.5, 4.5, 7, 5], "rotation": 180, "texture": "#rail"},
				"south": {"uv": [8.5, 5.5, 9, 7], "rotation": 90, "texture": "#rail"},
				"west": {"uv": [7, 5.5, 7.5, 6], "texture": "#rail"},
				"up": {"uv": [9, 2, 9.5, 3.5], "rotation": 90, "texture": "#rail"},
				"down": {"uv": [9.5, 8, 10, 9.5], "rotation": 90, "texture": "#rail"}
			}
		},
		{
			"from": [12, 1.4, -1.1],
			"to": [14, 1.8, -0.7],
			"rotation": {"angle": 45, "axis": "x", "origin": [0, 0, 0]},
			"faces": {
				"north": {"uv": [6, 6, 8, 6.5], "texture": "#rail"},
				"east": {"uv": [7.5, 6, 8, 6.5], "texture": "#rail"},
				"south": {"uv": [6.5, 5, 8.5, 5.5], "texture": "#rail"},
				"west": {"uv": [8, 5.5, 8.5, 6], "texture": "#rail"},
				"up": {"uv": [6.5, 4, 8.5, 4.5], "texture": "#rail"},
				"down": {"uv": [5, 6.5, 7, 7], "texture": "#rail"}
			}
		},
		{
			"from": [2, 7.5, 13.4],
			"to": [4, 7.9, 13.8],
			"rotation": {"angle": 22.5, "axis": "x", "origin": [0, 0, 0]},
			"faces": {
				"north": {"uv": [6, 6, 8, 6.5], "texture": "#rail"},
				"east": {"uv": [7.5, 6, 8, 6.5], "texture": "#rail"},
				"south": {"uv": [6.5, 5, 8.5, 5.5], "texture": "#rail"},
				"west": {"uv": [8, 5.5, 8.5, 6], "texture": "#rail"},
				"up": {"uv": [6.5, 4, 8.5, 4.5], "texture": "#rail"},
				"down": {"uv": [5, 6.5, 7, 7], "texture": "#rail"}
			}
		},
		{
			"from": [12, 12.1, 9.4],
			"to": [14, 12.5, 9.8],
			"rotation": {"angle": 45, "axis": "x", "origin": [0, 0, 0]},
			"faces": {
				"north": {"uv": [6, 6, 8, 6.5], "texture": "#rail"},
				"east": {"uv": [7.5, 6, 8, 6.5], "texture": "#rail"},
				"south": {"uv": [6.5, 5, 8.5, 5.5], "texture": "#rail"},
				"west": {"uv": [8, 5.5, 8.5, 6], "texture": "#rail"},
				"up": {"uv": [6.5, 4, 8.5, 4.5], "texture": "#rail"},
				"down": {"uv": [5, 6.5, 7, 7], "texture": "#rail"}
			}
		}
	],
	"display": {
		"thirdperson_righthand": {
			"rotation": [91, 3, -90],
			"translation": [5.3, -1.5, 2]
		},
		"thirdperson_lefthand": {
			"rotation": [90, 0, -90],
			"translation": [5.4, -1.5, 2]
		},
		"firstperson_righthand": {
			"rotation": [40, 0, 80],
			"translation": [-6.2, 4, 2.8],
			"scale": [0.8, 0.8, 0.8]
		},
		"firstperson_lefthand": {
			"rotation": [40, 0, 80],
			"translation": [-3.5, 4, 2.8],
			"scale": [0.8, 0.8, 0.8]
		},
		"ground": {
			"translation": [0, 1.8, 0],
			"scale": [0.5, 0.5, 0.5]
		},
		"gui": {
			"rotation": [30, 225, 0],
			"scale": [0.625, 0.625, 0.625]
		},
		"fixed": {
			"rotation": [-90, 0, 0],
			"translation": [0, 0, -7.5]
		}
	}
}