{
	"credit": "Made with Blockbench",
	"ambientocclusion": false,
	"textures": {
		"1": "block/custom_rail_rails",
		"2": "block/rail_sleeper"
	},
	"elements": [
		{
			"name": "rail_west_top",
			"from": [2.5, 1.2, 0],
			"to": [3.5, 2.5, 0.9],
			"faces": {
				"north": {"uv": [7.5, 6.5, 8.5, 8], "rotation": 180, "texture": "#1"},
				"east": {"uv": [3.5, 0, 5, 1], "rotation": 270, "texture": "#1"},
				"south": {"uv": [10, 9.5, 11, 11], "texture": "#1"},
				"west": {"uv": [2.5, 0, 1, 1], "rotation": 90, "texture": "#1"},
				"up": {"uv": [2.5, 0, 3.5, 1], "texture": "#1"},
				"down": {"uv": [5.5, 0, 6.5, 1], "texture": "#1"}
			}
		},
		{
			"name": "rail_west_top",
			"from": [2.6, 1.2, -0.8],
			"to": [3.6, 2.5, 0.7],
			"rotation": {"angle": -45, "axis": "y", "origin": [0, 0, 0]},
			"faces": {
				"north": {"uv": [7.5, 6.5, 8.5, 8], "rotation": 180, "texture": "#1"},
				"east": {"uv": [3.5, 0, 5, 1.5], "rotation": 270, "texture": "#1"},
				"south": {"uv": [10, 9.5, 11, 11], "texture": "#1"},
				"west": {"uv": [2.5, 0, 1, 1.5], "rotation": 90, "texture": "#1"},
				"up": {"uv": [2.5, 0, 3.5, 1.5], "texture": "#1"},
				"down": {"uv": [5.5, 0, 6.5, 1.5], "texture": "#1"}
			}
		},
		{
			"name": "rail_west_top",
			"from": [2.6, 1.2, -0.5],
			"to": [3.6, 2.5, 0.7],
			"rotation": {"angle": -22.5, "axis": "y", "origin": [0, 0, 0]},
			"faces": {
				"north": {"uv": [7.5, 6.5, 8.5, 8], "rotation": 180, "texture": "#1"},
				"east": {"uv": [3.5, 0, 5, 1.5], "rotation": 270, "texture": "#1"},
				"south": {"uv": [10, 9.5, 11, 11], "texture": "#1"},
				"west": {"uv": [2.5, 0, 1, 1.5], "rotation": 90, "texture": "#1"},
				"up": {"uv": [2.5, 0, 3.5, 1.5], "texture": "#1"},
				"down": {"uv": [5.5, 0, 6.5, 1.5], "texture": "#1"}
			}
		},
		{
			"name": "rail_west_top",
			"from": [-0.5, 1.2, 2.6],
			"to": [0.8, 2.5, 3.6],
			"rotation": {"angle": 22.5, "axis": "y", "origin": [0, 0, 0]},
			"faces": {
				"north": {"uv": [2.5, 0, 1, 1.5], "rotation": 90, "texture": "#1"},
				"east": {"uv": [7.5, 6.5, 8.5, 8], "rotation": 180, "texture": "#1"},
				"south": {"uv": [3.5, 0, 5, 1.5], "rotation": 270, "texture": "#1"},
				"west": {"uv": [10, 9.5, 11, 11], "texture": "#1"},
				"up": {"uv": [2.5, 0, 3.5, 1.5], "rotation": 90, "texture": "#1"},
				"down": {"uv": [5.5, 0, 6.5, 1.5], "rotation": 270, "texture": "#1"}
			}
		},
		{
			"name": "rail_east_top",
			"from": [12.5, 1.2, 0],
			"to": [13.5, 2.5, 3.2],
			"faces": {
				"north": {"uv": [7.5, 9.5, 8.5, 11], "texture": "#1"},
				"east": {"uv": [13.5, 0, 15, 3.5], "rotation": 270, "texture": "#1"},
				"south": {"uv": [10, 13.5, 11, 15], "texture": "#1"},
				"west": {"uv": [12.5, 0, 11, 3.5], "rotation": 90, "texture": "#1"},
				"up": {"uv": [12.5, 0, 13.5, 2.5], "rotation": 180, "texture": "#1"},
				"down": {"uv": [8.5, 0, 9.5, 3.5], "rotation": 180, "texture": "#1"}
			}
		},
		{
			"name": "rail_east_top",
			"from": [0, 1.2, 12.5],
			"to": [3.2, 2.5, 13.5],
			"faces": {
				"north": {"uv": [12.5, 0, 11, 3.5], "rotation": 90, "texture": "#1"},
				"east": {"uv": [7.5, 9.5, 8.5, 11], "texture": "#1"},
				"south": {"uv": [13.5, 0, 15, 3.5], "rotation": 270, "texture": "#1"},
				"west": {"uv": [10, 13.5, 11, 15], "texture": "#1"},
				"up": {"uv": [12.5, 0, 13.5, 2.5], "rotation": 270, "texture": "#1"},
				"down": {"uv": [8.5, 13, 9.5, 16], "rotation": 90, "texture": "#1"}
			}
		},
		{
			"name": "rail_east_top",
			"from": [-2.2, 1.2, 12.7],
			"to": [3, 2.5, 13.7],
			"rotation": {"angle": 22.5, "axis": "y", "origin": [0, 0, 0]},
			"faces": {
				"north": {"uv": [12.5, 0, 11, 5], "rotation": 90, "texture": "#1"},
				"east": {"uv": [7.5, 9.5, 8.5, 11], "texture": "#1"},
				"south": {"uv": [13.5, 0, 15, 5], "rotation": 270, "texture": "#1"},
				"west": {"uv": [10, 13.5, 11, 15], "texture": "#1"},
				"up": {"uv": [12.5, 0, 13.5, 5], "rotation": 270, "texture": "#1"},
				"down": {"uv": [8.5, 10.5, 9.5, 16], "rotation": 90, "texture": "#1"}
			}
		},
		{
			"name": "rail_east_top",
			"from": [-2.5, 1.2, 12.8],
			"to": [2.5, 2.5, 13.8],
			"rotation": {"angle": 45, "axis": "y", "origin": [0, 0, 0]},
			"faces": {
				"north": {"uv": [12.5, 0, 11, 5], "rotation": 90, "texture": "#1"},
				"east": {"uv": [7.5, 9.5, 8.5, 11], "texture": "#1"},
				"south": {"uv": [13.5, 0, 15, 5], "rotation": 270, "texture": "#1"},
				"west": {"uv": [10, 13.5, 11, 15], "texture": "#1"},
				"up": {"uv": [12.5, 0, 13.5, 5], "rotation": 270, "texture": "#1"},
				"down": {"uv": [8.5, 11.5, 9.5, 16], "rotation": 90, "texture": "#1"}
			}
		},
		{
			"name": "rail_east_top",
			"from": [12.7, 1.2, -2.2],
			"to": [13.7, 2.5, 3],
			"rotation": {"angle": -22.5, "axis": "y", "origin": [0, 0, 0]},
			"faces": {
				"north": {"uv": [7.5, 9.5, 8.5, 11], "texture": "#1"},
				"east": {"uv": [13.5, 0, 15, 5], "rotation": 270, "texture": "#1"},
				"south": {"uv": [10, 13.5, 11, 15], "texture": "#1"},
				"west": {"uv": [12.5, 0, 11, 5], "rotation": 90, "texture": "#1"},
				"up": {"uv": [12.5, 0, 13.5, 5], "rotation": 180, "texture": "#1"},
				"down": {"uv": [8.5, 0, 9.5, 4.5], "rotation": 180, "texture": "#1"}
			}
		},
		{
			"name": "plank_2_thin",
			"from": [3, 0, 1.8],
			"to": [5, 1.006, 15.9],
			"rotation": {"angle": 22.5, "axis": "y", "origin": [1, 0, 11.5]},
			"faces": {
				"north": {"uv": [14.5, 12.5, 15.5, 14.5], "rotation": 270, "texture": "#2"},
				"east": {"uv": [1, 12, 16, 11], "rotation": 180, "texture": "#2"},
				"south": {"uv": [2.5, 8, 3.5, 10], "rotation": 90, "texture": "#2"},
				"west": {"uv": [15, 6.5, 0, 5.5], "rotation": 180, "texture": "#2"},
				"up": {"uv": [0.5, 13, 15.5, 15], "rotation": 90, "texture": "#2"},
				"down": {"uv": [0.5, 5.5, 15.5, 7.5], "rotation": 90, "texture": "#2"}
			}
		},
		{
			"name": "plank_2_thin",
			"from": [8.4, 0, 4.2],
			"to": [10.4, 1.006, 18],
			"rotation": {"angle": 45, "axis": "y", "origin": [1, 0, 11.5]},
			"faces": {
				"north": {"uv": [14.5, 12.5, 15.5, 14.5], "rotation": 270, "texture": "#2"},
				"east": {"uv": [1, 12, 15, 11], "rotation": 180, "texture": "#2"},
				"south": {"uv": [2.5, 8, 3.5, 10], "rotation": 90, "texture": "#2"},
				"west": {"uv": [15, 6.5, 1, 5.5], "rotation": 180, "texture": "#2"},
				"up": {"uv": [0, 8, 14.5, 10], "rotation": 90, "texture": "#2"},
				"down": {"uv": [1, 9.5, 15, 11.5], "rotation": 90, "texture": "#2"}
			}
		},
		{
			"name": "rail_west_top",
			"from": [0, 1.2, 2.5],
			"to": [0.9, 2.5, 3.5],
			"faces": {
				"north": {"uv": [2.5, 0, 1, 1], "rotation": 90, "texture": "#1"},
				"east": {"uv": [7.5, 6.5, 8.5, 8], "rotation": 180, "texture": "#1"},
				"south": {"uv": [3.5, 0, 5, 1], "rotation": 270, "texture": "#1"},
				"west": {"uv": [10, 9.5, 11, 11], "texture": "#1"},
				"up": {"uv": [2.5, 0, 3.5, 1], "rotation": 90, "texture": "#1"},
				"down": {"uv": [5.5, 0, 6.5, 1.5], "rotation": 270, "texture": "#1"}
			}
		},
		{
			"from": [-0.9, 1, 12],
			"to": [0.1, 1.2, 14.7],
			"rotation": {"angle": 22.5, "axis": "y", "origin": [0, 0, 0]},
			"faces": {
				"north": {"uv": [8, 5, 9, 5.5], "texture": "#1"},
				"east": {"uv": [6, 9, 9, 9.5], "texture": "#1"},
				"south": {"uv": [7, 7, 8, 7.5], "texture": "#1"},
				"west": {"uv": [5.5, 7.5, 8.5, 8], "texture": "#1"},
				"up": {"uv": [7.5, 6.5, 8.5, 9.5], "texture": "#1"},
				"down": {"uv": [0, 0, 1, 3], "texture": "#1"}
			}
		},
		{
			"from": [-0.7, 1, 1.7],
			"to": [0.3, 1.2, 4.7],
			"rotation": {"angle": 22.5, "axis": "y", "origin": [0, 0, 0]},
			"faces": {
				"north": {"uv": [8, 5, 9, 5.5], "texture": "#1"},
				"east": {"uv": [6, 9, 9, 9.5], "texture": "#1"},
				"south": {"uv": [6.5, 6.5, 7.5, 7], "texture": "#1"},
				"west": {"uv": [5.5, 7.5, 8.5, 8], "texture": "#1"},
				"up": {"uv": [6.5, 6.5, 7.5, 9.5], "texture": "#1"},
				"down": {"uv": [0, 0, 1, 3], "texture": "#1"}
			}
		},
		{
			"from": [11.9, 1, -1.6],
			"to": [14.7, 1.2, -0.6],
			"rotation": {"angle": -45, "axis": "y", "origin": [0, 0, 0]},
			"faces": {
				"north": {"uv": [6, 9, 9, 9.5], "texture": "#1"},
				"east": {"uv": [9, 7, 10, 7.5], "texture": "#1"},
				"south": {"uv": [5.5, 7.5, 8.5, 8], "texture": "#1"},
				"west": {"uv": [8, 5, 9, 5.5], "texture": "#1"},
				"up": {"uv": [7, 8, 8, 11], "rotation": 270, "texture": "#1"},
				"down": {"uv": [0, 0, 1, 3], "rotation": 90, "texture": "#1"}
			}
		},
		{
			"from": [1.7, 1, -1.2],
			"to": [4.7, 1.2, -0.2],
			"rotation": {"angle": -45, "axis": "y", "origin": [0, 0, 0]},
			"faces": {
				"north": {"uv": [6, 9, 9, 9.5], "texture": "#1"},
				"east": {"uv": [8, 6, 9, 6.5], "texture": "#1"},
				"south": {"uv": [5.5, 7.5, 8.5, 8], "texture": "#1"},
				"west": {"uv": [8, 5, 9, 5.5], "texture": "#1"},
				"up": {"uv": [6.5, 7, 7.5, 10], "rotation": 270, "texture": "#1"},
				"down": {"uv": [7, 4.5, 8, 7.5], "rotation": 90, "texture": "#1"}
			}
		},
		{
			"from": [2, 0, 0.9],
			"to": [2.3, 1.6, 1.2],
			"faces": {
				"north": {"uv": [8.5, 8, 9, 10], "texture": "#1"},
				"east": {"uv": [5.5, 10.5, 6, 12.5], "texture": "#1"},
				"south": {"uv": [7, 4.5, 7.5, 6.5], "texture": "#1"},
				"west": {"uv": [6, 6.5, 6.5, 8.5], "texture": "#1"},
				"up": {"uv": [7, 5, 7.5, 5.5], "texture": "#1"},
				"down": {"uv": [8, 10.5, 8.5, 11], "texture": "#1"}
			}
		},
		{
			"from": [3.1, 0, 2],
			"to": [3.4, 1.6, 2.3],
			"faces": {
				"north": {"uv": [8.5, 8, 9, 10], "texture": "#1"},
				"east": {"uv": [5.5, 10.5, 6, 12.5], "texture": "#1"},
				"south": {"uv": [7, 4.5, 7.5, 6.5], "texture": "#1"},
				"west": {"uv": [6, 6.5, 6.5, 8.5], "texture": "#1"},
				"up": {"uv": [7, 5, 7.5, 5.5], "texture": "#1"},
				"down": {"uv": [8, 10.5, 8.5, 11], "texture": "#1"}
			}
		},
		{
			"from": [4.2, 0, 11.6],
			"to": [4.5, 1.7, 11.9],
			"faces": {
				"north": {"uv": [8.5, 8, 9, 10], "texture": "#1"},
				"east": {"uv": [5.5, 10.5, 6, 12.5], "texture": "#1"},
				"south": {"uv": [7, 4.5, 7.5, 6.5], "texture": "#1"},
				"west": {"uv": [6, 6.5, 6.5, 8.5], "texture": "#1"},
				"up": {"uv": [7, 5, 7.5, 5.5], "texture": "#1"},
				"down": {"uv": [8, 10.5, 8.5, 11], "texture": "#1"}
			}
		},
		{
			"from": [1.4, 0, 1.6],
			"to": [1.7, 1.5, 1.9],
			"rotation": {"angle": -22.5, "axis": "y", "origin": [0, 0, 0]},
			"faces": {
				"north": {"uv": [8.5, 8, 9, 10], "texture": "#1"},
				"east": {"uv": [5.5, 10.5, 6, 12.5], "texture": "#1"},
				"south": {"uv": [7, 4.5, 7.5, 6.5], "texture": "#1"},
				"west": {"uv": [6, 6.5, 6.5, 8.5], "texture": "#1"},
				"up": {"uv": [7, 5, 7.5, 5.5], "texture": "#1"},
				"down": {"uv": [8, 10.5, 8.5, 11], "texture": "#1"}
			}
		},
		{
			"from": [6.2, 0, 12.4],
			"to": [6.5, 1.6, 12.7],
			"rotation": {"angle": 22.5, "axis": "y", "origin": [0, 0, 0]},
			"faces": {
				"north": {"uv": [8.5, 8, 9, 10], "texture": "#1"},
				"east": {"uv": [5.5, 10.5, 6, 12.5], "texture": "#1"},
				"south": {"uv": [7, 4.5, 7.5, 6.5], "texture": "#1"},
				"west": {"uv": [6, 6.5, 6.5, 8.5], "texture": "#1"},
				"up": {"uv": [7, 5, 7.5, 5.5], "texture": "#1"},
				"down": {"uv": [8, 10.5, 8.5, 11], "texture": "#1"}
			}
		},
		{
			"from": [5.7, 0, 11],
			"to": [6, 1.5, 11.3],
			"rotation": {"angle": 22.5, "axis": "y", "origin": [0, 0, 0]},
			"faces": {
				"north": {"uv": [8, 8, 8.5, 10], "texture": "#1"},
				"east": {"uv": [5.5, 10.5, 6, 12.5], "texture": "#1"},
				"south": {"uv": [7, 4.5, 7.5, 6.5], "texture": "#1"},
				"west": {"uv": [6, 6.5, 6.5, 8.5], "texture": "#1"},
				"up": {"uv": [7, 5, 7.5, 5.5], "texture": "#1"},
				"down": {"uv": [8, 10.5, 8.5, 11], "texture": "#1"}
			}
		},
		{
			"from": [9.4, 0, 10],
			"to": [9.7, 1.5, 10.3],
			"rotation": {"angle": -22.5, "axis": "y", "origin": [0, 0, 0]},
			"faces": {
				"north": {"uv": [8.5, 8, 9, 10], "texture": "#1"},
				"east": {"uv": [5.5, 10.5, 6, 12.5], "texture": "#1"},
				"south": {"uv": [7, 4.5, 7.5, 6.5], "texture": "#1"},
				"west": {"uv": [6, 6.5, 6.5, 8.5], "texture": "#1"},
				"up": {"uv": [7, 5, 7.5, 5.5], "texture": "#1"},
				"down": {"uv": [8, 10.5, 8.5, 11], "texture": "#1"}
			}
		},
		{
			"from": [2.4, 0, 2.7],
			"to": [2.7, 1.5, 3],
			"rotation": {"angle": -22.5, "axis": "y", "origin": [0, 0, 0]},
			"faces": {
				"north": {"uv": [8.5, 8, 9, 10], "texture": "#1"},
				"east": {"uv": [5.5, 10.5, 6, 12.5], "texture": "#1"},
				"south": {"uv": [7, 4.5, 7.5, 6.5], "texture": "#1"},
				"west": {"uv": [6, 6.5, 6.5, 8.5], "texture": "#1"},
				"up": {"uv": [7, 5, 7.5, 5.5], "texture": "#1"},
				"down": {"uv": [8, 10.5, 8.5, 11], "texture": "#1"}
			}
		},
		{
			"from": [13.5, 1.5, -0.8],
			"to": [13.7, 2.3, 1],
			"faces": {
				"north": {"uv": [5, 4, 5.5, 5], "texture": "#1"},
				"east": {"uv": [7, 12, 9, 13], "texture": "#1"},
				"south": {"uv": [7, 8.5, 7.5, 9.5], "texture": "#1"},
				"west": {"uv": [6.5, 5.5, 8.5, 6.5], "texture": "#1"},
				"up": {"uv": [6.5, 3, 7, 5], "texture": "#1"},
				"down": {"uv": [6, 7.5, 6.5, 9.5], "texture": "#1"}
			}
		},
		{
			"from": [-1.1, 1.5, 3.5],
			"to": [1, 2.3, 3.7],
			"faces": {
				"north": {"uv": [6.5, 5.5, 8.5, 6.5], "texture": "#1"},
				"east": {"uv": [5, 4, 5.5, 5], "texture": "#1"},
				"south": {"uv": [7, 12, 9, 13], "texture": "#1"},
				"west": {"uv": [7, 8.5, 7.5, 9.5], "texture": "#1"},
				"up": {"uv": [6.5, 3, 7, 5], "rotation": 90, "texture": "#1"},
				"down": {"uv": [6, 7.5, 6.5, 9.5], "rotation": 270, "texture": "#1"}
			}
		},
		{
			"from": [12.3, 1.5, -0.9],
			"to": [12.5, 2.3, 1],
			"faces": {
				"north": {"uv": [5, 4, 5.5, 5], "texture": "#1"},
				"east": {"uv": [7, 12, 9, 13], "texture": "#1"},
				"south": {"uv": [7, 8.5, 7.5, 9.5], "texture": "#1"},
				"west": {"uv": [6.5, 5.5, 8.5, 6.5], "texture": "#1"},
				"up": {"uv": [6.5, 3, 7, 5], "texture": "#1"},
				"down": {"uv": [6, 7.5, 6.5, 9.5], "texture": "#1"}
			}
		},
		{
			"from": [-1, 1.5, 2.3],
			"to": [1, 2.3, 2.5],
			"faces": {
				"north": {"uv": [6.5, 5.5, 8.5, 6.5], "texture": "#1"},
				"east": {"uv": [5, 4, 5.5, 5], "texture": "#1"},
				"south": {"uv": [7, 12, 9, 13], "texture": "#1"},
				"west": {"uv": [7, 8.5, 7.5, 9.5], "texture": "#1"},
				"up": {"uv": [6.5, 3, 7, 5], "rotation": 90, "texture": "#1"},
				"down": {"uv": [6, 7.5, 6.5, 9.5], "rotation": 270, "texture": "#1"}
			}
		},
		{
			"from": [12, 0.8, 1.6],
			"to": [14, 1.2, 2],
			"rotation": {"angle": -45, "axis": "x", "origin": [0, 0, 0]},
			"faces": {
				"north": {"uv": [6, 8.5, 8, 9], "texture": "#1"},
				"east": {"uv": [7, 7, 7.5, 7.5], "texture": "#1"},
				"south": {"uv": [8, 8.5, 10, 9], "texture": "#1"},
				"west": {"uv": [8, 12, 8.5, 12.5], "texture": "#1"},
				"up": {"uv": [5.5, 5.5, 7.5, 6], "texture": "#1"},
				"down": {"uv": [6, 8.5, 8, 9], "texture": "#1"}
			}
		},
		{
			"from": [2.1, 1.4, -1.2],
			"to": [4, 1.8, -0.8],
			"rotation": {"angle": 45, "axis": "x", "origin": [0, 0, 0]},
			"faces": {
				"north": {"uv": [6, 8.5, 8, 9], "texture": "#1"},
				"east": {"uv": [7, 7, 7.5, 7.5], "texture": "#1"},
				"south": {"uv": [8, 8.5, 10, 9], "texture": "#1"},
				"west": {"uv": [8, 12, 8.5, 12.5], "texture": "#1"},
				"up": {"uv": [5.5, 5.5, 7.5, 6], "texture": "#1"},
				"down": {"uv": [6, 8.5, 8, 9], "texture": "#1"}
			}
		},
		{
			"from": [0.9, 1.4, 12],
			"to": [1.3, 1.8, 13.9],
			"rotation": {"angle": 22.5, "axis": "z", "origin": [0, 0, 0]},
			"faces": {
				"north": {"uv": [6, 4, 6.5, 4.5], "texture": "#1"},
				"east": {"uv": [7.5, 7.5, 9.5, 8], "texture": "#1"},
				"south": {"uv": [6.5, 3, 7, 3.5], "texture": "#1"},
				"west": {"uv": [5.5, 7.5, 7.5, 8], "texture": "#1"},
				"up": {"uv": [5.5, 9, 6, 11], "texture": "#1"},
				"down": {"uv": [0.5, 1.5, 1, 3.5], "texture": "#1"}
			}
		},
		{
			"from": [1.1, 1.3, 2],
			"to": [1.5, 1.7, 4],
			"rotation": {"angle": 22.5, "axis": "z", "origin": [0, 0, 0]},
			"faces": {
				"north": {"uv": [6, 4, 6.5, 4.5], "texture": "#1"},
				"east": {"uv": [7.5, 7.5, 9.5, 8], "texture": "#1"},
				"south": {"uv": [6.5, 3, 7, 3.5], "texture": "#1"},
				"west": {"uv": [5.5, 7.5, 7.5, 8], "texture": "#1"},
				"up": {"uv": [5.5, 9, 6, 11], "texture": "#1"},
				"down": {"uv": [0.5, 1.5, 1, 3.5], "texture": "#1"}
			}
		}
	],
	"display": {
		"thirdperson_righthand": {
			"rotation": [91, 3, -90],
			"translation": [5.3, -1.5, 2]
		},
		"thirdperson_lefthand": {
			"rotation": [90, 0, -90],
			"translation": [5.4, -1.5, 2]
		},
		"firstperson_righthand": {
			"rotation": [40, 0, 80],
			"translation": [-6.2, 4, 2.8],
			"scale": [0.8, 0.8, 0.8]
		},
		"firstperson_lefthand": {
			"rotation": [40, 0, 80],
			"translation": [-3.5, 4, 2.8],
			"scale": [0.8, 0.8, 0.8]
		},
		"ground": {
			"translation": [0, 1.8, 0],
			"scale": [0.5, 0.5, 0.5]
		},
		"gui": {
			"rotation": [30, 225, 0],
			"scale": [0.625, 0.625, 0.625]
		}
	}
}