{
	"credit": "Made with Blockbench",
	"ambientocclusion": false,
	"textures": {
		"3": "block/custom_golden_rail_rails",
		"particle": "block/custom_golden_rail_rails",
		"rail": "block/custom_rail_rails",
		"plank": "block/rail_planks",
		"sleeper": "block/rail_sleeper"
	},
	"elements": [
		{
			"name": "plank_1_thin",
			"from": [0.3, -0.0979, 1.5],
			"to": [15.7, 0.9001, 3.8],
			"rotation": {"angle": -45, "axis": "x", "origin": [0, -0.2, 0]},
			"faces": {
				"north": {"uv": [0.5, 5, 15.5, 6], "rotation": 180, "texture": "#sleeper"},
				"east": {"uv": [3.5, 7, 4.5, 9], "rotation": 90, "texture": "#sleeper"},
				"south": {"uv": [0.5, 3, 15.5, 4], "rotation": 180, "texture": "#sleeper"},
				"west": {"uv": [8.5, 11, 9.5, 13], "rotation": 270, "texture": "#sleeper"},
				"up": {"uv": [0.5, 6.5, 15.5, 8.5], "rotation": 180, "texture": "#sleeper"},
				"down": {"uv": [0.5, 6.5, 15.5, 8.5], "rotation": 180, "texture": "#sleeper"}
			}
		},
		{
			"name": "rail_east_up_1",
			"from": [12.505, 1.3516, 0.3536],
			"to": [13.495, 2.6516, 23.2536],
			"rotation": {"angle": -45, "axis": "x", "origin": [0, 0.5, 0]},
			"faces": {
				"north": {"uv": [7.5, 8.5, 8.5, 10], "texture": "#rail"},
				"east": {"uv": [1, 0, 2.5, 16], "rotation": 90, "texture": "#rail"},
				"south": {"uv": [12.5, 10, 13.5, 10.5], "texture": "#rail"},
				"west": {"uv": [5, 0, 3.5, 16], "rotation": 90, "texture": "#rail"},
				"up": {"uv": [2.5, 0, 3.5, 16], "rotation": 180, "texture": "#rail"},
				"down": {"uv": [9.5, 0, 10.5, 16], "rotation": 180, "texture": "#rail"}
			}
		},
		{
			"name": "rail_west_up_1",
			"from": [2.505, 1.3516, 0.3536],
			"to": [3.495, 2.6516, 23.2536],
			"rotation": {"angle": -45, "axis": "x", "origin": [0, 0.5, 0]},
			"faces": {
				"north": {"uv": [6, 10.5, 7, 12], "rotation": 180, "texture": "#rail"},
				"east": {"uv": [11, 0, 12.5, 16], "rotation": 90, "texture": "#rail"},
				"south": {"uv": [12, 8.5, 13, 9], "texture": "#rail"},
				"west": {"uv": [15, 0, 13.5, 16], "rotation": 90, "texture": "#rail"},
				"up": {"uv": [12.5, 0, 13.5, 16], "texture": "#rail"},
				"down": {"uv": [5, 0, 6, 16], "texture": "#rail"}
			}
		},
		{
			"name": "plank_2_thin",
			"from": [0.6, -0.0978, 7.5001],
			"to": [15.6, 0.9002, 9.9001],
			"rotation": {"angle": -45, "axis": "x", "origin": [0, -0.2, 0]},
			"faces": {
				"north": {"uv": [0.5, 3, 15.5, 4], "rotation": 180, "texture": "#sleeper"},
				"east": {"uv": [3.5, 9.5, 4.5, 11.5], "rotation": 90, "texture": "#sleeper"},
				"south": {"uv": [0.5, 3, 15.5, 4], "rotation": 180, "texture": "#sleeper"},
				"west": {"uv": [11, 6, 12, 8], "rotation": 270, "texture": "#sleeper"},
				"up": {"uv": [0.5, 8.5, 15.5, 11], "rotation": 180, "texture": "#sleeper"},
				"down": {"uv": [0.5, 8.5, 15.5, 11], "rotation": 180, "texture": "#sleeper"}
			}
		},
		{
			"name": "plank_4_thin",
			"from": [0.5, -0.0981, 14.2999],
			"to": [15.8, 0.8899, 16.1999],
			"rotation": {"angle": -45, "axis": "x", "origin": [0, -0.2, 0]},
			"faces": {
				"north": {"uv": [0.5, 4, 15.5, 3], "rotation": 180, "texture": "#sleeper"},
				"east": {"uv": [2.5, 10.5, 3.5, 12.5], "rotation": 90, "texture": "#sleeper"},
				"south": {"uv": [0.5, 3, 15.5, 4], "rotation": 180, "texture": "#sleeper"},
				"west": {"uv": [10, 4, 11, 6], "rotation": 270, "texture": "#sleeper"},
				"up": {"uv": [0.5, 13.5, 15.5, 15.5], "rotation": 180, "texture": "#sleeper"},
				"down": {"uv": [0.5, 13.5, 15.5, 15.5], "rotation": 180, "texture": "#sleeper"}
			}
		},
		{
			"name": "plank_5_thin",
			"from": [0.3, -0.0025, 19.1956],
			"to": [15.2, 0.9955, 21.3956],
			"rotation": {"angle": -45, "axis": "x", "origin": [0, 0, 0]},
			"faces": {
				"north": {"uv": [0.5, 4, 15.5, 3], "rotation": 180, "texture": "#sleeper"},
				"east": {"uv": [0.5, 9, 1.5, 11], "rotation": 90, "texture": "#sleeper"},
				"south": {"uv": [0.5, 4, 15.5, 3], "rotation": 180, "texture": "#sleeper"},
				"west": {"uv": [11.5, 4.5, 12.5, 6.5], "rotation": 270, "texture": "#sleeper"},
				"up": {"uv": [0.5, 6, 15.5, 8], "rotation": 180, "texture": "#sleeper"},
				"down": {"uv": [0.5, 6.5, 15.5, 8.5], "rotation": 180, "texture": "#sleeper"}
			}
		},
		{
			"from": [1.4, 1, 2],
			"to": [4.4, 1.2, 3],
			"rotation": {"angle": -45, "axis": "x", "origin": [0, 0, 0]},
			"faces": {
				"north": {"uv": [7, 10, 10, 10.5], "texture": "#rail"},
				"east": {"uv": [6.5, 8, 7.5, 8.5], "texture": "#rail"},
				"south": {"uv": [6.5, 2.5, 9.5, 3], "texture": "#rail"},
				"west": {"uv": [9.5, 15, 10.5, 15.5], "texture": "#rail"},
				"up": {"uv": [5.5, 4.5, 8.5, 5.5], "texture": "#rail"},
				"down": {"uv": [0, 0, 3, 1], "texture": "#rail"}
			}
		},
		{
			"from": [11.5, 1, 1.9],
			"to": [14.5, 1.2, 2.9],
			"rotation": {"angle": -45, "axis": "x", "origin": [0, 0, 0]},
			"faces": {
				"north": {"uv": [5.5, 4, 8.5, 4.5], "texture": "#rail"},
				"east": {"uv": [6.5, 5, 7.5, 5.5], "texture": "#rail"},
				"south": {"uv": [6.5, 2.5, 9.5, 3], "texture": "#rail"},
				"west": {"uv": [6.5, 12, 7.5, 12.5], "texture": "#rail"},
				"up": {"uv": [5.5, 3.5, 8.5, 4.5], "texture": "#rail"},
				"down": {"uv": [0, 0, 3, 1], "texture": "#rail"}
			}
		},
		{
			"from": [1.5, 1, 7.8],
			"to": [4.6, 1.2, 8.9],
			"rotation": {"angle": -45, "axis": "x", "origin": [0, 0, 0]},
			"faces": {
				"north": {"uv": [7, 10, 10, 10.5], "texture": "#rail"},
				"east": {"uv": [7.5, 8.5, 8.5, 9], "texture": "#rail"},
				"south": {"uv": [7, 2.5, 10, 3], "texture": "#rail"},
				"west": {"uv": [5.5, 13, 6.5, 13.5], "texture": "#rail"},
				"up": {"uv": [6.5, 8, 9.5, 9], "texture": "#rail"},
				"down": {"uv": [0, 0, 3, 1], "texture": "#rail"}
			}
		},
		{
			"from": [11.5, 1, 7.7],
			"to": [14.5, 1.2, 8.9],
			"rotation": {"angle": -45, "axis": "x", "origin": [0, 0, 0]},
			"faces": {
				"north": {"uv": [7, 1, 10, 1.5], "texture": "#rail"},
				"east": {"uv": [5, 1, 6, 1.5], "texture": "#rail"},
				"south": {"uv": [6.5, 4.5, 9.5, 5], "texture": "#rail"},
				"west": {"uv": [7.5, 13.5, 8.5, 14], "texture": "#rail"},
				"up": {"uv": [6.5, 10.5, 9.5, 11.5], "texture": "#rail"},
				"down": {"uv": [0, 0, 3, 1], "texture": "#rail"}
			}
		},
		{
			"from": [1.6, 1, 14.8],
			"to": [4.5, 1.2, 15.7],
			"rotation": {"angle": -45, "axis": "x", "origin": [0, 0, 0]},
			"faces": {
				"north": {"uv": [5, 2.5, 8, 3], "texture": "#rail"},
				"east": {"uv": [5.5, 1, 6.5, 1.5], "texture": "#rail"},
				"south": {"uv": [7.5, 1.5, 10.5, 2], "texture": "#rail"},
				"west": {"uv": [7.5, 10.5, 8.5, 11], "texture": "#rail"},
				"up": {"uv": [6.5, 5.5, 9.5, 6.5], "texture": "#rail"},
				"down": {"uv": [0, 0, 3, 1], "texture": "#rail"}
			}
		},
		{
			"from": [11.4, 1, 14.6],
			"to": [14.4, 1.2, 15.6],
			"rotation": {"angle": -45, "axis": "x", "origin": [0, 0, 0]},
			"faces": {
				"north": {"uv": [7.5, 10, 10.5, 10.5], "texture": "#rail"},
				"east": {"uv": [9.5, 14.5, 10.5, 15], "texture": "#rail"},
				"south": {"uv": [5.5, 5.5, 8.5, 6], "texture": "#rail"},
				"west": {"uv": [6.5, 4.5, 7.5, 5], "texture": "#rail"},
				"up": {"uv": [6.5, 6.5, 9.5, 7.5], "texture": "#rail"},
				"down": {"uv": [0, 0, 3, 1], "texture": "#rail"}
			}
		},
		{
			"from": [1.5, 1, 20],
			"to": [4.5, 1.2, 21],
			"rotation": {"angle": -45, "axis": "x", "origin": [0, 0, 0]},
			"faces": {
				"north": {"uv": [6.5, 5, 9.5, 5.5], "texture": "#rail"},
				"east": {"uv": [7, 8.5, 8, 9], "texture": "#rail"},
				"south": {"uv": [5.5, 6, 8.5, 6.5], "texture": "#rail"},
				"west": {"uv": [8.5, 8.5, 9.5, 9], "texture": "#rail"},
				"up": {"uv": [7.5, 0.5, 10.5, 1.5], "texture": "#rail"},
				"down": {"uv": [0, 0, 3, 1], "texture": "#rail"}
			}
		},
		{
			"from": [11.5, 1, 19.9],
			"to": [14.5, 1.2, 20.9],
			"rotation": {"angle": -45, "axis": "x", "origin": [0, 0, 0]},
			"faces": {
				"north": {"uv": [7, 5.5, 10, 6], "texture": "#rail"},
				"east": {"uv": [6.5, 14, 7.5, 14.5], "texture": "#rail"},
				"south": {"uv": [6, 4.5, 9, 5], "texture": "#rail"},
				"west": {"uv": [8.5, 5, 9.5, 5.5], "texture": "#rail"},
				"up": {"uv": [6, 0, 9, 1], "texture": "#rail"},
				"down": {"uv": [0, 0, 3, 1], "texture": "#rail"}
			}
		},
		{
			"from": [1, 0, 10],
			"to": [5, 9, 14],
			"faces": {
				"north": {"uv": [0, 0, 4, 9], "texture": "#plank"},
				"east": {"uv": [0, 0, 4, 9], "texture": "#plank"},
				"south": {"uv": [0, 0, 4, 9], "texture": "#plank"},
				"west": {"uv": [0, 0, 4, 9], "texture": "#plank"},
				"up": {"uv": [8, 0, 12, 4], "texture": "#plank"},
				"down": {"uv": [12, 0, 16, 4], "texture": "#plank"}
			}
		},
		{
			"from": [11, 0, 10],
			"to": [15, 9, 14],
			"faces": {
				"north": {"uv": [0, 0, 4, 9], "texture": "#plank"},
				"east": {"uv": [0, 0, 4, 9], "texture": "#plank"},
				"south": {"uv": [0, 0, 4, 9], "texture": "#plank"},
				"west": {"uv": [0, 0, 4, 9], "texture": "#plank"},
				"up": {"uv": [12, 0, 16, 4], "texture": "#plank"},
				"down": {"uv": [8, 0, 12, 4], "texture": "#plank"}
			}
		},
		{
			"from": [8.1, -7.6, 10.5],
			"to": [9.6, 2.9, 12],
			"rotation": {"angle": 45, "axis": "z", "origin": [0, 0, 0]},
			"faces": {
				"north": {"uv": [12.5, 5, 14, 15], "texture": "#plank"},
				"east": {"uv": [13, 4.5, 14.5, 14.5], "texture": "#plank"},
				"south": {"uv": [12, 5, 13.5, 15], "texture": "#plank"},
				"west": {"uv": [13, 5.5, 14.5, 15.5], "texture": "#plank"},
				"up": {"uv": [13, 6.5, 14.5, 8], "texture": "#plank"},
				"down": {"uv": [12.5, 9, 14, 10.5], "texture": "#plank"}
			}
		},
		{
			"from": [1.7, 3.3, 12],
			"to": [3.2, 13.9, 13.5],
			"rotation": {"angle": -45, "axis": "z", "origin": [0, 0, 0]},
			"faces": {
				"north": {"uv": [12, 5, 13.5, 15], "texture": "#plank"},
				"east": {"uv": [13.5, 5, 15, 15], "texture": "#plank"},
				"south": {"uv": [13.5, 5, 15, 15], "texture": "#plank"},
				"west": {"uv": [14, 5, 15.5, 15], "texture": "#plank"},
				"up": {"uv": [14, 7, 15.5, 8.5], "texture": "#plank"},
				"down": {"uv": [14, 12, 15.5, 13.5], "texture": "#plank"}
			}
		},
		{
			"from": [1.9, -1.8, 1.1],
			"to": [4, 0, 22.1],
			"rotation": {"angle": -45, "axis": "x", "origin": [0, 0, 0]},
			"faces": {
				"north": {"uv": [0, 0, 2, 2], "texture": "#sleeper"},
				"east": {"uv": [0, 0, 16, 2], "texture": "#sleeper"},
				"south": {"uv": [0, 0, 2, 2], "texture": "#sleeper"},
				"west": {"uv": [0, 0, 16, 2], "texture": "#sleeper"},
				"up": {"uv": [6.5, 0, 8.5, 16], "texture": "#sleeper"},
				"down": {"uv": [0, 0, 2, 16], "texture": "#sleeper"}
			}
		},
		{
			"from": [11.9, -2, 1],
			"to": [14.3, 0, 21.7],
			"rotation": {"angle": -45, "axis": "x", "origin": [0, 0, 0]},
			"faces": {
				"north": {"uv": [0, 0, 2, 2], "texture": "#sleeper"},
				"east": {"uv": [0, 0, 16, 2], "texture": "#sleeper"},
				"south": {"uv": [0, 0, 2, 2], "texture": "#sleeper"},
				"west": {"uv": [0, 0, 16, 2], "texture": "#sleeper"},
				"up": {"uv": [8, 0, 10, 16], "texture": "#sleeper"},
				"down": {"uv": [0, 0, 2, 16], "texture": "#sleeper"}
			}
		},
		{
			"from": [5.5, 7.1, 10.2],
			"to": [5.8, 7.4, 13.8],
			"rotation": {"angle": -22.5, "axis": "z", "origin": [0, 0, 0]},
			"faces": {
				"north": {"uv": [6, 6.5, 6.5, 7], "texture": "#rail"},
				"east": {"uv": [5.5, 10, 9.5, 10.5], "texture": "#rail"},
				"south": {"uv": [7, 7, 7.5, 7.5], "texture": "#rail"},
				"west": {"uv": [5.5, 4, 9.5, 4.5], "texture": "#rail"},
				"up": {"uv": [7.5, 5, 8, 9], "texture": "#rail"},
				"down": {"uv": [7, 8, 7.5, 12], "texture": "#rail"}
			}
		},
		{
			"from": [8.9, 1.5, 11],
			"to": [9.9, 1.8, 11.3],
			"rotation": {"angle": 45, "axis": "z", "origin": [0, 0, 0]},
			"faces": {
				"north": {"uv": [9, 0, 10, 0.5], "texture": "#rail"},
				"east": {"uv": [6.5, 1, 6.9, 1.5], "texture": "#rail"},
				"south": {"uv": [7, 1, 8, 1.5], "texture": "#rail"},
				"west": {"uv": [7, 0.5, 7.4, 1], "texture": "#rail"},
				"up": {"uv": [7.5, 2, 8.5, 2.4], "texture": "#rail"},
				"down": {"uv": [7.5, 7, 8.5, 7.4], "texture": "#rail"}
			}
		},
		{
			"from": [7.9, -7, 11],
			"to": [8.9, -6.7, 11.3],
			"rotation": {"angle": 45, "axis": "z", "origin": [0, 0, 0]},
			"faces": {
				"north": {"uv": [9, 0, 10, 0.5], "texture": "#rail"},
				"east": {"uv": [6.5, 1, 6.9, 1.5], "texture": "#rail"},
				"south": {"uv": [7, 1, 8, 1.5], "texture": "#rail"},
				"west": {"uv": [7, 0.5, 7.4, 1], "texture": "#rail"},
				"up": {"uv": [7.5, 2, 8.5, 2.4], "texture": "#rail"},
				"down": {"uv": [7.5, 7, 8.5, 7.4], "texture": "#rail"}
			}
		},
		{
			"from": [4.4, -3.5, 12.6],
			"to": [4.7, -2.5, 12.9],
			"rotation": {"angle": 45, "axis": "z", "origin": [0, 0, 0]},
			"faces": {
				"north": {"uv": [9, 0, 10, 0.5], "rotation": 90, "texture": "#rail"},
				"east": {"uv": [7.5, 7, 8.5, 7.4], "rotation": 270, "texture": "#rail"},
				"south": {"uv": [7, 1, 8, 1.5], "rotation": 270, "texture": "#rail"},
				"west": {"uv": [7.5, 2, 8.5, 2.4], "rotation": 270, "texture": "#rail"},
				"up": {"uv": [6.5, 1, 6.9, 1.5], "rotation": 270, "texture": "#rail"},
				"down": {"uv": [7, 0.5, 7.4, 1], "rotation": 270, "texture": "#rail"}
			}
		},
		{
			"from": [13, -2.5, 12.6],
			"to": [13.3, -1.5, 12.9],
			"rotation": {"angle": 45, "axis": "z", "origin": [0, 0, 0]},
			"faces": {
				"north": {"uv": [9, 0, 10, 0.5], "rotation": 90, "texture": "#rail"},
				"east": {"uv": [7.5, 7, 8.5, 7.4], "rotation": 270, "texture": "#rail"},
				"south": {"uv": [7, 1, 8, 1.5], "rotation": 270, "texture": "#rail"},
				"west": {"uv": [7.5, 2, 8.5, 2.4], "rotation": 270, "texture": "#rail"},
				"up": {"uv": [6.5, 1, 6.9, 1.5], "rotation": 270, "texture": "#rail"},
				"down": {"uv": [7, 0.5, 7.4, 1], "rotation": 270, "texture": "#rail"}
			}
		},
		{
			"from": [2.9, 13.3, -0.2],
			"to": [3.2, 13.6, 0.8],
			"rotation": {"angle": 45, "axis": "x", "origin": [0, 0, 0]},
			"faces": {
				"north": {"uv": [10, 0.5, 10.5, 1], "texture": "#rail"},
				"east": {"uv": [7.5, 2, 8.5, 2.5], "texture": "#rail"},
				"south": {"uv": [5.5, 2, 6, 2.5], "texture": "#rail"},
				"west": {"uv": [6, 0, 7, 0.5], "texture": "#rail"},
				"up": {"uv": [8, 0, 8.5, 1], "texture": "#rail"},
				"down": {"uv": [9, 0.5, 9.5, 1.5], "texture": "#rail"}
			}
		},
		{
			"from": [12.9, 13.4, -0.3],
			"to": [13.2, 13.7, 0.7],
			"rotation": {"angle": 45, "axis": "x", "origin": [0, 0, 0]},
			"faces": {
				"north": {"uv": [10, 0.5, 10.5, 1], "texture": "#rail"},
				"east": {"uv": [7.5, 2, 8.5, 2.5], "texture": "#rail"},
				"south": {"uv": [5.5, 2, 6, 2.5], "texture": "#rail"},
				"west": {"uv": [6, 0, 7, 0.5], "texture": "#rail"},
				"up": {"uv": [8, 0, 8.5, 1], "texture": "#rail"},
				"down": {"uv": [9, 0.5, 9.5, 1.5], "texture": "#rail"}
			}
		},
		{
			"from": [2.1, 2.2, -1.5],
			"to": [2.4, 2.5, 0.5],
			"rotation": {"angle": 45, "axis": "x", "origin": [0, 0, 0]},
			"faces": {
				"north": {"uv": [10.5, 13, 11, 13.5], "texture": "#rail"},
				"east": {"uv": [7.5, 12, 9.5, 12.5], "texture": "#rail"},
				"south": {"uv": [5, 14, 5.5, 14.5], "texture": "#rail"},
				"west": {"uv": [7, 8.5, 9, 9], "texture": "#rail"},
				"up": {"uv": [10.5, 14, 11, 16], "texture": "#rail"},
				"down": {"uv": [5.5, 12, 6, 14], "texture": "#rail"}
			}
		},
		{
			"from": [2.1, 8.3, -1.5],
			"to": [2.4, 8.6, 0.5],
			"rotation": {"angle": 45, "axis": "x", "origin": [0, 0, 0]},
			"faces": {
				"north": {"uv": [10.5, 13, 11, 13.5], "texture": "#rail"},
				"east": {"uv": [7.5, 12, 9.5, 12.5], "texture": "#rail"},
				"south": {"uv": [5, 14, 5.5, 14.5], "texture": "#rail"},
				"west": {"uv": [7, 8.5, 9, 9], "texture": "#rail"},
				"up": {"uv": [10.5, 14, 11, 16], "texture": "#rail"},
				"down": {"uv": [5.5, 12, 6, 14], "texture": "#rail"}
			}
		},
		{
			"from": [3.5, 2.4, -1.5],
			"to": [3.8, 2.7, 0.5],
			"rotation": {"angle": 45, "axis": "x", "origin": [0, 0, 0]},
			"faces": {
				"north": {"uv": [10.5, 13, 11, 13.5], "texture": "#rail"},
				"east": {"uv": [7.5, 12, 9.5, 12.5], "texture": "#rail"},
				"south": {"uv": [5, 14, 5.5, 14.5], "texture": "#rail"},
				"west": {"uv": [7, 8.5, 9, 9], "texture": "#rail"},
				"up": {"uv": [10.5, 14, 11, 16], "texture": "#rail"},
				"down": {"uv": [5.5, 12, 6, 14], "texture": "#rail"}
			}
		},
		{
			"from": [12.2, 2.2, -1.5],
			"to": [12.5, 2.5, 0.5],
			"rotation": {"angle": 45, "axis": "x", "origin": [0, 0, 0]},
			"faces": {
				"north": {"uv": [10.5, 13, 11, 13.5], "texture": "#rail"},
				"east": {"uv": [7.5, 12, 9.5, 12.5], "texture": "#rail"},
				"south": {"uv": [5, 14, 5.5, 14.5], "texture": "#rail"},
				"west": {"uv": [7, 8.5, 9, 9], "texture": "#rail"},
				"up": {"uv": [10.5, 14, 11, 16], "texture": "#rail"},
				"down": {"uv": [5.5, 12, 6, 14], "texture": "#rail"}
			}
		},
		{
			"from": [13.5, 2.2, -1.4],
			"to": [13.8, 2.5, 0.6],
			"rotation": {"angle": 45, "axis": "x", "origin": [0, 0, 0]},
			"faces": {
				"north": {"uv": [10.5, 13, 11, 13.5], "texture": "#rail"},
				"east": {"uv": [7.5, 12, 9.5, 12.5], "texture": "#rail"},
				"south": {"uv": [5, 14, 5.5, 14.5], "texture": "#rail"},
				"west": {"uv": [7, 8.5, 9, 9], "texture": "#rail"},
				"up": {"uv": [10.5, 14, 11, 16], "texture": "#rail"},
				"down": {"uv": [5.5, 12, 6, 14], "texture": "#rail"}
			}
		},
		{
			"from": [13.5, 8.1, -1.6],
			"to": [13.8, 8.4, 0.4],
			"rotation": {"angle": 45, "axis": "x", "origin": [0, 0, 0]},
			"faces": {
				"north": {"uv": [10.5, 13, 11, 13.5], "texture": "#rail"},
				"east": {"uv": [7.5, 12, 9.5, 12.5], "texture": "#rail"},
				"south": {"uv": [5, 14, 5.5, 14.5], "texture": "#rail"},
				"west": {"uv": [7, 8.5, 9, 9], "texture": "#rail"},
				"up": {"uv": [10.5, 14, 11, 16], "texture": "#rail"},
				"down": {"uv": [5.5, 12, 6, 14], "texture": "#rail"}
			}
		},
		{
			"from": [12.2, -0.6, 8.1],
			"to": [12.5, 1.4, 8.4],
			"rotation": {"angle": -45, "axis": "x", "origin": [0, 0, 0]},
			"faces": {
				"north": {"uv": [5.5, 12, 6, 14], "rotation": 180, "texture": "#rail"},
				"east": {"uv": [7.5, 12, 9.5, 12.5], "rotation": 270, "texture": "#rail"},
				"south": {"uv": [10.5, 14, 11, 16], "texture": "#rail"},
				"west": {"uv": [7, 8.5, 9, 9], "rotation": 90, "texture": "#rail"},
				"up": {"uv": [10.5, 13, 11, 13.5], "rotation": 180, "texture": "#rail"},
				"down": {"uv": [5, 14, 5.5, 14.5], "texture": "#rail"}
			}
		},
		{
			"from": [3.5, 8.2, -1.4],
			"to": [3.8, 8.5, 0.6],
			"rotation": {"angle": 45, "axis": "x", "origin": [0, 0, 0]},
			"faces": {
				"north": {"uv": [10.5, 13, 11, 13.5], "texture": "#rail"},
				"east": {"uv": [7.5, 12, 9.5, 12.5], "texture": "#rail"},
				"south": {"uv": [5, 14, 5.5, 14.5], "texture": "#rail"},
				"west": {"uv": [7, 8.5, 9, 9], "texture": "#rail"},
				"up": {"uv": [10.5, 14, 11, 16], "texture": "#rail"},
				"down": {"uv": [5.5, 12, 6, 14], "texture": "#rail"}
			}
		},
		{
			"from": [3.5, 15.1, -1.4],
			"to": [3.8, 15.4, 0.6],
			"rotation": {"angle": 45, "axis": "x", "origin": [0, 0, 0]},
			"faces": {
				"north": {"uv": [10.5, 13, 11, 13.5], "texture": "#rail"},
				"east": {"uv": [7.5, 12, 9.5, 12.5], "texture": "#rail"},
				"south": {"uv": [5, 14, 5.5, 14.5], "texture": "#rail"},
				"west": {"uv": [7, 8.5, 9, 9], "texture": "#rail"},
				"up": {"uv": [10.5, 14, 11, 16], "texture": "#rail"},
				"down": {"uv": [5.5, 12, 6, 14], "texture": "#rail"}
			}
		},
		{
			"from": [2.2, 15.1, -1.6],
			"to": [2.5, 15.4, 0.4],
			"rotation": {"angle": 45, "axis": "x", "origin": [0, 0, 0]},
			"faces": {
				"north": {"uv": [10.5, 13, 11, 13.5], "texture": "#rail"},
				"east": {"uv": [7.5, 12, 9.5, 12.5], "texture": "#rail"},
				"south": {"uv": [5, 14, 5.5, 14.5], "texture": "#rail"},
				"west": {"uv": [7, 8.5, 9, 9], "texture": "#rail"},
				"up": {"uv": [10.5, 14, 11, 16], "texture": "#rail"},
				"down": {"uv": [5.5, 12, 6, 14], "texture": "#rail"}
			}
		},
		{
			"from": [2.2, 20.4, -1.5],
			"to": [2.5, 20.7, 0.5],
			"rotation": {"angle": 45, "axis": "x", "origin": [0, 0, 0]},
			"faces": {
				"north": {"uv": [10.5, 13, 11, 13.5], "texture": "#rail"},
				"east": {"uv": [7.5, 12, 9.5, 12.5], "texture": "#rail"},
				"south": {"uv": [5, 14, 5.5, 14.5], "texture": "#rail"},
				"west": {"uv": [7, 8.5, 9, 9], "texture": "#rail"},
				"up": {"uv": [10.5, 14, 11, 16], "texture": "#rail"},
				"down": {"uv": [5.5, 12, 6, 14], "texture": "#rail"}
			}
		},
		{
			"from": [3.5, 20.3, -1.6],
			"to": [3.8, 20.6, 0.4],
			"rotation": {"angle": 45, "axis": "x", "origin": [0, 0, 0]},
			"faces": {
				"north": {"uv": [10.5, 13, 11, 13.5], "texture": "#rail"},
				"east": {"uv": [7.5, 12, 9.5, 12.5], "texture": "#rail"},
				"south": {"uv": [5, 14, 5.5, 14.5], "texture": "#rail"},
				"west": {"uv": [7, 8.5, 9, 9], "texture": "#rail"},
				"up": {"uv": [10.5, 14, 11, 16], "texture": "#rail"},
				"down": {"uv": [5.5, 12, 6, 14], "texture": "#rail"}
			}
		},
		{
			"from": [12.2, 20.3, -1.5],
			"to": [12.5, 20.6, 0.5],
			"rotation": {"angle": 45, "axis": "x", "origin": [0, 0, 0]},
			"faces": {
				"north": {"uv": [10.5, 13, 11, 13.5], "texture": "#rail"},
				"east": {"uv": [7.5, 12, 9.5, 12.5], "texture": "#rail"},
				"south": {"uv": [5, 14, 5.5, 14.5], "texture": "#rail"},
				"west": {"uv": [7, 8.5, 9, 9], "texture": "#rail"},
				"up": {"uv": [10.5, 14, 11, 16], "texture": "#rail"},
				"down": {"uv": [5.5, 12, 6, 14], "texture": "#rail"}
			}
		},
		{
			"from": [13.5, 19, 6.1],
			"to": [13.8, 19.3, 8.1],
			"rotation": {"angle": 22.5, "axis": "x", "origin": [0, 0, 0]},
			"faces": {
				"north": {"uv": [10.5, 13, 11, 13.5], "texture": "#rail"},
				"east": {"uv": [7.5, 12, 9.5, 12.5], "texture": "#rail"},
				"south": {"uv": [5, 14, 5.5, 14.5], "texture": "#rail"},
				"west": {"uv": [7, 8.5, 9, 9], "texture": "#rail"},
				"up": {"uv": [10.5, 14, 11, 16], "texture": "#rail"},
				"down": {"uv": [5.5, 12, 6, 14], "texture": "#rail"}
			}
		},
		{
			"from": [13.5, 14.9, -1.6],
			"to": [13.8, 15.2, 0.4],
			"rotation": {"angle": 45, "axis": "x", "origin": [0, 0, 0]},
			"faces": {
				"north": {"uv": [10.5, 13, 11, 13.5], "texture": "#rail"},
				"east": {"uv": [7.5, 12, 9.5, 12.5], "texture": "#rail"},
				"south": {"uv": [5, 14, 5.5, 14.5], "texture": "#rail"},
				"west": {"uv": [7, 8.5, 9, 9], "texture": "#rail"},
				"up": {"uv": [10.5, 14, 11, 16], "texture": "#rail"},
				"down": {"uv": [5.5, 12, 6, 14], "texture": "#rail"}
			}
		},
		{
			"from": [12.2, 15, -1.4],
			"to": [12.5, 15.3, 0.6],
			"rotation": {"angle": 45, "axis": "x", "origin": [0, 0, 0]},
			"faces": {
				"north": {"uv": [10.5, 13, 11, 13.5], "texture": "#rail"},
				"east": {"uv": [7.5, 12, 9.5, 12.5], "texture": "#rail"},
				"south": {"uv": [5, 14, 5.5, 14.5], "texture": "#rail"},
				"west": {"uv": [7, 8.5, 9, 9], "texture": "#rail"},
				"up": {"uv": [10.5, 14, 11, 16], "texture": "#rail"},
				"down": {"uv": [5.5, 12, 6, 14], "texture": "#rail"}
			}
		},
		{
			"from": [2.3, 17.4, 15.5],
			"to": [2.5, 18.2, 17.5],
			"faces": {
				"north": {"uv": [9.5, 13.5, 10, 14.5], "texture": "#rail"},
				"east": {"uv": [6.5, 0.5, 8.5, 1.5], "texture": "#rail"},
				"south": {"uv": [7, 14.5, 7.5, 15.5], "texture": "#rail"},
				"west": {"uv": [7.5, 1.5, 9.5, 2.5], "texture": "#rail"},
				"up": {"uv": [6.5, 6.5, 7, 8.5], "texture": "#rail"},
				"down": {"uv": [8, 6.5, 8.5, 8.5], "texture": "#rail"}
			}
		},
		{
			"from": [3.5, 17.4, 15.5],
			"to": [3.7, 18.2, 17.5],
			"faces": {
				"north": {"uv": [9.5, 13.5, 10, 14.5], "texture": "#rail"},
				"east": {"uv": [6.5, 0.5, 8.5, 1.5], "texture": "#rail"},
				"south": {"uv": [7, 14.5, 7.5, 15.5], "texture": "#rail"},
				"west": {"uv": [7.5, 1.5, 9.5, 2.5], "texture": "#rail"},
				"up": {"uv": [6.5, 6.5, 7, 8.5], "texture": "#rail"},
				"down": {"uv": [8, 6.5, 8.5, 8.5], "texture": "#rail"}
			}
		},
		{
			"from": [13.5, 1.4, -1],
			"to": [13.7, 2.2, 0.5],
			"faces": {
				"north": {"uv": [6, 8, 6.5, 9], "texture": "#rail"},
				"east": {"uv": [6, 2, 8, 3], "texture": "#rail"},
				"south": {"uv": [6.5, 1, 7, 2], "texture": "#rail"},
				"west": {"uv": [5, 9.5, 7, 10.5], "texture": "#rail"},
				"up": {"uv": [8.5, 6.5, 9, 8.5], "texture": "#rail"},
				"down": {"uv": [7, 1.5, 7.5, 3.5], "texture": "#rail"}
			}
		},
		{
			"from": [12.3, 1.4, -0.9],
			"to": [12.5, 2.2, 0.4],
			"faces": {
				"north": {"uv": [6, 8, 6.5, 9], "texture": "#rail"},
				"east": {"uv": [6, 2, 8, 3], "texture": "#rail"},
				"south": {"uv": [6.5, 1, 7, 2], "texture": "#rail"},
				"west": {"uv": [5, 9.5, 7, 10.5], "texture": "#rail"},
				"up": {"uv": [8.5, 6.5, 9, 8.5], "texture": "#rail"},
				"down": {"uv": [7, 1.5, 7.5, 3.5], "texture": "#rail"}
			}
		},
		{
			"from": [12, 1, 1.3],
			"to": [13.9, 1.4, 1.7],
			"rotation": {"angle": -45, "axis": "x", "origin": [0, 0, 0]},
			"faces": {
				"north": {"uv": [6.5, 3.5, 8.5, 4], "texture": "#rail"},
				"east": {"uv": [7.5, 11.5, 8, 12], "texture": "#rail"},
				"south": {"uv": [7, 14, 9, 14.5], "texture": "#rail"},
				"west": {"uv": [6.5, 12.5, 7, 13], "texture": "#rail"},
				"up": {"uv": [6, 15, 8, 15.5], "texture": "#rail"},
				"down": {"uv": [7.5, 15.5, 9.5, 16], "texture": "#rail"}
			}
		},
		{
			"from": [1.9, 1, 1.2],
			"to": [4, 1.4, 1.6],
			"rotation": {"angle": -45, "axis": "x", "origin": [0, 0, 0]},
			"faces": {
				"north": {"uv": [6.5, 3.5, 8.5, 4], "texture": "#rail"},
				"east": {"uv": [7.5, 11.5, 8, 12], "texture": "#rail"},
				"south": {"uv": [7, 14, 9, 14.5], "texture": "#rail"},
				"west": {"uv": [6.5, 12.5, 7, 13], "texture": "#rail"},
				"up": {"uv": [6, 15, 8, 15.5], "texture": "#rail"},
				"down": {"uv": [7.5, 15.5, 9.5, 16], "texture": "#rail"}
			}
		},
		{
			"from": [2, 10.2, 21.2],
			"to": [3.9, 10.6, 21.6],
			"rotation": {"angle": -22.5, "axis": "x", "origin": [0, 0, 0]},
			"faces": {
				"north": {"uv": [6.5, 3.5, 8.5, 4], "texture": "#rail"},
				"east": {"uv": [7.5, 11.5, 8, 12], "texture": "#rail"},
				"south": {"uv": [7, 14, 9, 14.5], "texture": "#rail"},
				"west": {"uv": [6.5, 12.5, 7, 13], "texture": "#rail"},
				"up": {"uv": [6, 15, 8, 15.5], "texture": "#rail"},
				"down": {"uv": [7.5, 15.5, 9.5, 16], "texture": "#rail"}
			}
		},
		{
			"from": [12, 1.2, 23.7],
			"to": [14, 1.6, 24.1],
			"rotation": {"angle": -45, "axis": "x", "origin": [0, 0, 0]},
			"faces": {
				"north": {"uv": [6.5, 3.5, 8.5, 4], "texture": "#rail"},
				"east": {"uv": [7.5, 11.5, 8, 12], "texture": "#rail"},
				"south": {"uv": [7, 14, 9, 14.5], "texture": "#rail"},
				"west": {"uv": [6.5, 12.5, 7, 13], "texture": "#rail"},
				"up": {"uv": [6, 15, 8, 15.5], "texture": "#rail"},
				"down": {"uv": [7.5, 15.5, 9.5, 16], "texture": "#rail"}
			}
		},
		{
			"from": [2.5, 17, 15],
			"to": [3.5, 18.5, 16.5],
			"faces": {
				"north": {"uv": [7.5, 6.5, 8.5, 8], "texture": "#rail"},
				"east": {"uv": [11, 0, 12.5, 1.5], "texture": "#rail"},
				"south": {"uv": [7, 7.5, 8, 9], "texture": "#rail"},
				"west": {"uv": [13.5, 0, 15, 1.5], "texture": "#rail"},
				"up": {"uv": [12.5, 0, 13.5, 1.5], "texture": "#rail"},
				"down": {"uv": [5.5, 9.5, 6.5, 11], "texture": "#rail"}
			}
		},
		{
			"from": [12.5, 17, 15],
			"to": [13.5, 18.5, 16.5],
			"faces": {
				"north": {"uv": [7.5, 6.5, 8.5, 8], "texture": "#rail"},
				"east": {"uv": [1, 0, 2.5, 1.5], "texture": "#rail"},
				"south": {"uv": [7, 7.5, 8, 9], "texture": "#rail"},
				"west": {"uv": [3.5, 0, 5, 1.5], "texture": "#rail"},
				"up": {"uv": [2.5, 0, 3.5, 1.5], "texture": "#rail"},
				"down": {"uv": [5.5, 9.5, 6.5, 11], "texture": "#rail"}
			}
		},
		{
			"from": [7.5, 9.7, 0.8],
			"to": [8.5, 11.3, 2.6],
			"rotation": {"angle": 45, "axis": "x", "origin": [0, 2.5, 2.6]},
			"faces": {
				"north": {"uv": [6.5, 9, 7.5, 11], "rotation": 180, "texture": "#rail"},
				"east": {"uv": [6, 11, 8, 13], "rotation": 90, "texture": "#rail"},
				"south": {"uv": [8, 10.5, 9, 12.5], "texture": "#rail"},
				"west": {"uv": [8, 2.5, 10, 4.5], "rotation": 270, "texture": "#rail"},
				"up": {"uv": [7.5, 4, 8.5, 6], "texture": "#rail"},
				"down": {"uv": [9, 6, 10, 8], "rotation": 180, "texture": "#rail"}
			}
		},
		{
			"from": [0, 0, 7.7],
			"to": [7, 0.5, 8.3],
			"faces": {
				"north": {"uv": [15.5, 6, 16, 13.5], "rotation": 270, "texture": "#rail"},
				"east": {"uv": [15.5, 5.5, 16, 6], "rotation": 90, "texture": "#rail"},
				"south": {"uv": [15.5, 1.5, 16, 9], "rotation": 90, "texture": "#rail"},
				"west": {"uv": [15.5, 3, 16, 3.5], "rotation": 90, "texture": "#rail"},
				"up": {"uv": [15.5, 4, 16, 11.5], "rotation": 90, "texture": "#rail"},
				"down": {"uv": [15.5, 2, 16, 9.5], "rotation": 90, "texture": "#rail"}
			}
		},
		{
			"from": [7.7, 1, 7.7],
			"to": [8.3, 9, 8.3],
			"faces": {
				"north": {"uv": [15.5, 4, 16, 11.5], "texture": "#rail"},
				"east": {"uv": [15.5, 3, 16, 10.5], "texture": "#rail"},
				"south": {"uv": [15.5, 2, 16, 9.5], "texture": "#rail"},
				"west": {"uv": [15.5, 2.5, 16, 10], "texture": "#rail"},
				"up": {"uv": [0, 0, 0.5, 0.5], "texture": "#rail"},
				"down": {"uv": [0, 0, 0.5, 0.5], "texture": "#rail"}
			}
		},
		{
			"from": [6, 13.5, 1.1],
			"to": [10, 14, 1.6],
			"rotation": {"angle": 45, "axis": "x", "origin": [0, 2.5, 2.6]},
			"faces": {
				"north": {"uv": [15.5, 3.5, 16, 7.5], "rotation": 270, "texture": "#rail"},
				"east": {"uv": [15.5, 2, 16, 2.5], "rotation": 180, "texture": "#rail"},
				"south": {"uv": [15.5, 4, 16, 8], "rotation": 90, "texture": "#rail"},
				"west": {"uv": [15.5, 4.5, 16, 5], "texture": "#rail"},
				"up": {"uv": [15.5, 1.5, 16, 5.5], "rotation": 90, "texture": "#rail"},
				"down": {"uv": [15.5, 2.5, 16, 6.5], "rotation": 90, "texture": "#rail"}
			}
		},
		{
			"from": [6, 7, 1.1],
			"to": [10, 7.5, 1.6],
			"rotation": {"angle": 45, "axis": "x", "origin": [0, 2.5, 2.6]},
			"faces": {
				"north": {"uv": [15.5, 2.5, 16, 6.5], "rotation": 270, "texture": "#rail"},
				"east": {"uv": [15.5, 3.5, 16, 4], "rotation": 180, "texture": "#rail"},
				"south": {"uv": [15.5, 6.5, 16, 10.5], "rotation": 90, "texture": "#rail"},
				"west": {"uv": [15.5, 0.5, 16, 1], "texture": "#rail"},
				"up": {"uv": [15.5, 2, 16, 6], "rotation": 90, "texture": "#rail"},
				"down": {"uv": [15.5, 3.5, 16, 7.5], "rotation": 90, "texture": "#rail"}
			}
		},
		{
			"from": [7.7, 7.5, 1.1],
			"to": [8.3, 13.5, 1.6],
			"rotation": {"angle": 45, "axis": "x", "origin": [0, 2.5, 2.6]},
			"faces": {
				"north": {"uv": [15.5, 3, 16, 9], "texture": "#rail"},
				"east": {"uv": [15.5, 4, 16, 10], "texture": "#rail"},
				"south": {"uv": [15.5, 3.5, 16, 9.5], "texture": "#rail"},
				"west": {"uv": [15.5, 4.5, 16, 10.5], "texture": "#rail"},
				"up": {"uv": [15.5, 4, 16, 4.5], "rotation": 90, "texture": "#rail"},
				"down": {"uv": [15.5, 2.5, 16, 3], "rotation": 270, "texture": "#rail"}
			}
		},
		{
			"from": [9, 0, 7.7],
			"to": [16, 0.5, 8.3],
			"faces": {
				"north": {"uv": [15.5, 6.5, 16, 14], "rotation": 270, "texture": "#rail"},
				"east": {"uv": [15.5, 8.5, 16, 9], "rotation": 90, "texture": "#rail"},
				"south": {"uv": [15.5, 5, 16, 12.5], "rotation": 90, "texture": "#rail"},
				"west": {"uv": [15.5, 2.5, 16, 3], "rotation": 90, "texture": "#rail"},
				"up": {"uv": [15.5, 2.5, 16, 10], "rotation": 90, "texture": "#rail"},
				"down": {"uv": [15.5, 8.5, 16, 16], "rotation": 90, "texture": "#rail"}
			}
		},
		{
			"from": [11.5, 4.5, 0.1],
			"to": [12, 8.5, 1.1],
			"rotation": {"angle": 45, "axis": "x", "origin": [0, 2.5, 2.6]},
			"faces": {
				"north": {"uv": [3.5, 0, 3.9, 4], "rotation": 180, "texture": "#3"},
				"east": {"uv": [0, 1.5, 3.5, 2.5], "rotation": 90, "texture": "#3"},
				"south": {"uv": [0, 0, 0.4, 4], "texture": "#3"},
				"west": {"uv": [0, 0, 3.5, 1], "rotation": 270, "texture": "#3"},
				"up": {"uv": [0, 0, 0.4, 1], "texture": "#3"},
				"down": {"uv": [0, 0, 0.4, 1], "rotation": 180, "texture": "#3"}
			}
		},
		{
			"from": [4, 4.5, 0.1],
			"to": [4.5, 8.5, 1.1],
			"rotation": {"angle": 45, "axis": "x", "origin": [0, 2.5, 2.6]},
			"faces": {
				"north": {"uv": [4, 0, 4.4, 4], "rotation": 180, "texture": "#3"},
				"east": {"uv": [0, 1.5, 3.5, 2.5], "rotation": 90, "texture": "#3"},
				"south": {"uv": [0, 0, 0.4, 4], "texture": "#3"},
				"west": {"uv": [0, 0, 3.5, 1], "rotation": 270, "texture": "#3"},
				"up": {"uv": [0, 0, 0.4, 1], "texture": "#3"},
				"down": {"uv": [0, 0, 0.4, 1], "rotation": 180, "texture": "#3"}
			}
		},
		{
			"from": [11.5, 12.5, 0.1],
			"to": [12, 16.5, 1.1],
			"rotation": {"angle": 45, "axis": "x", "origin": [0, 2.5, 2.6]},
			"faces": {
				"north": {"uv": [3.5, 3.5, 3.9, 7.5], "rotation": 180, "texture": "#3"},
				"east": {"uv": [0, 1.5, 3.5, 2.5], "rotation": 90, "texture": "#3"},
				"south": {"uv": [0, 0, 0.4, 4], "texture": "#3"},
				"west": {"uv": [0, 0, 3.5, 1], "rotation": 270, "texture": "#3"},
				"up": {"uv": [0, 0, 0.4, 1], "texture": "#3"},
				"down": {"uv": [0, 0, 0.4, 1], "rotation": 180, "texture": "#3"}
			}
		},
		{
			"from": [4, 12.5, 0.1],
			"to": [4.5, 16.5, 1.1],
			"rotation": {"angle": 45, "axis": "x", "origin": [0, 2.5, 2.6]},
			"faces": {
				"north": {"uv": [4, 4, 4.4, 8], "rotation": 180, "texture": "#3"},
				"east": {"uv": [0, 1.5, 3.5, 2.5], "rotation": 90, "texture": "#3"},
				"south": {"uv": [0, 0, 0.4, 4], "texture": "#3"},
				"west": {"uv": [0, 0, 3.5, 1], "rotation": 270, "texture": "#3"},
				"up": {"uv": [0, 0, 0.4, 1], "texture": "#3"},
				"down": {"uv": [0, 0, 0.4, 1], "rotation": 180, "texture": "#3"}
			}
		},
		{
			"from": [9.4, 4.5, 0.1],
			"to": [11, 8.5, 1.6],
			"rotation": {"angle": 45, "axis": "x", "origin": [0, 2.5, 2.6]},
			"faces": {
				"north": {"uv": [6, 3.5, 7.5, 7.5], "rotation": 180, "texture": "#rail"},
				"east": {"uv": [6, 3, 10, 4.5], "rotation": 90, "texture": "#rail"},
				"south": {"uv": [7, 4.5, 8.5, 8.5], "texture": "#rail"},
				"west": {"uv": [6, 11, 10, 12.5], "rotation": 270, "texture": "#rail"},
				"up": {"uv": [6.5, 10.5, 8, 12], "texture": "#rail"},
				"down": {"uv": [8, 12.5, 9.5, 14], "rotation": 180, "texture": "#rail"}
			}
		},
		{
			"from": [9.5, 12.5, 0.1],
			"to": [11, 16.5, 1.6],
			"rotation": {"angle": 45, "axis": "x", "origin": [0, 2.5, 2.6]},
			"faces": {
				"north": {"uv": [6, 3.5, 7.5, 7.5], "rotation": 180, "texture": "#rail"},
				"east": {"uv": [6, 3, 10, 4.5], "rotation": 90, "texture": "#rail"},
				"south": {"uv": [7, 4.5, 8.5, 8.5], "texture": "#rail"},
				"west": {"uv": [6, 11, 10, 12.5], "rotation": 270, "texture": "#rail"},
				"up": {"uv": [6.5, 10.5, 8, 12], "texture": "#rail"},
				"down": {"uv": [8, 12.5, 9.5, 14], "rotation": 180, "texture": "#rail"}
			}
		},
		{
			"from": [5, 4.5, 0.1],
			"to": [6.5, 8.5, 1.6],
			"rotation": {"angle": 45, "axis": "x", "origin": [0, 2.5, 2.6]},
			"faces": {
				"north": {"uv": [6, 3.5, 7.5, 7.5], "rotation": 180, "texture": "#rail"},
				"east": {"uv": [6, 3, 10, 4.5], "rotation": 90, "texture": "#rail"},
				"south": {"uv": [7, 4.5, 8.5, 8.5], "texture": "#rail"},
				"west": {"uv": [6, 11, 10, 12.5], "rotation": 270, "texture": "#rail"},
				"up": {"uv": [6.5, 10.5, 8, 12], "texture": "#rail"},
				"down": {"uv": [8, 12.5, 9.5, 14], "rotation": 180, "texture": "#rail"}
			}
		},
		{
			"from": [5, 12.5, 0.1],
			"to": [6.5, 16.5, 1.6],
			"rotation": {"angle": 45, "axis": "x", "origin": [0, 2.5, 2.6]},
			"faces": {
				"north": {"uv": [6, 3.5, 7.5, 7.5], "rotation": 180, "texture": "#rail"},
				"east": {"uv": [6, 3, 10, 4.5], "rotation": 90, "texture": "#rail"},
				"south": {"uv": [7, 4.5, 8.5, 8.5], "texture": "#rail"},
				"west": {"uv": [6, 11, 10, 12.5], "rotation": 270, "texture": "#rail"},
				"up": {"uv": [6.5, 10.5, 8, 12], "texture": "#rail"},
				"down": {"uv": [8, 12.5, 9.5, 14], "rotation": 180, "texture": "#rail"}
			}
		},
		{
			"from": [4.7, 5.4, 2.7],
			"to": [5.2, 6.1, 3.4],
			"rotation": {"angle": 0, "axis": "y", "origin": [0, 2.5, 2.6]},
			"faces": {
				"north": {"uv": [13, 11, 13.5, 12], "texture": "#rail"},
				"east": {"uv": [6, 8, 7, 9], "texture": "#rail"},
				"south": {"uv": [13, 14, 13.5, 15], "texture": "#rail"},
				"west": {"uv": [9, 9, 10, 10], "texture": "#rail"},
				"up": {"uv": [2.5, 5.5, 3, 6.5], "texture": "#rail"},
				"down": {"uv": [2.5, 11, 3, 12], "texture": "#rail"}
			}
		},
		{
			"from": [10.8, 5.4, 2.7],
			"to": [11.3, 6.1, 3.4],
			"rotation": {"angle": 0, "axis": "y", "origin": [0, 2.5, 2.6]},
			"faces": {
				"north": {"uv": [13, 11, 13.5, 12], "texture": "#rail"},
				"east": {"uv": [6, 8, 7, 9], "texture": "#rail"},
				"south": {"uv": [13, 14, 13.5, 15], "texture": "#rail"},
				"west": {"uv": [9, 9, 10, 10], "texture": "#rail"},
				"up": {"uv": [2.5, 5.5, 3, 6.5], "texture": "#rail"},
				"down": {"uv": [2.5, 11, 3, 12], "texture": "#rail"}
			}
		},
		{
			"from": [4.5, 5.5, 2.8],
			"to": [5, 6, 3.3],
			"rotation": {"angle": 0, "axis": "y", "origin": [0, 2.5, 2.6]},
			"faces": {
				"north": {"uv": [13, 11, 13.5, 12], "texture": "#rail"},
				"east": {"uv": [6, 8, 7, 9], "texture": "#rail"},
				"south": {"uv": [13, 14, 13.5, 15], "texture": "#rail"},
				"west": {"uv": [9, 9, 10, 10], "texture": "#rail"},
				"up": {"uv": [2.5, 5.5, 3, 6.5], "texture": "#rail"},
				"down": {"uv": [2.5, 11, 3, 12], "texture": "#rail"}
			}
		},
		{
			"from": [11, 5.5, 2.8],
			"to": [11.5, 6, 3.3],
			"rotation": {"angle": 0, "axis": "y", "origin": [0, 2.5, 2.6]},
			"faces": {
				"north": {"uv": [13, 11, 13.5, 12], "texture": "#rail"},
				"east": {"uv": [6, 8, 7, 9], "texture": "#rail"},
				"south": {"uv": [13, 14, 13.5, 15], "texture": "#rail"},
				"west": {"uv": [9, 9, 10, 10], "texture": "#rail"},
				"up": {"uv": [2.5, 5.5, 3, 6.5], "texture": "#rail"},
				"down": {"uv": [2.5, 11, 3, 12], "texture": "#rail"}
			}
		},
		{
			"from": [4.7, 11.1, 8.4],
			"to": [5.2, 11.8, 9.1],
			"rotation": {"angle": 0, "axis": "y", "origin": [0, 2.5, 2.6]},
			"faces": {
				"north": {"uv": [13, 9.5, 13.5, 10.5], "texture": "#rail"},
				"east": {"uv": [6, 8, 7, 9], "texture": "#rail"},
				"south": {"uv": [13, 13.5, 13.5, 14.5], "texture": "#rail"},
				"west": {"uv": [9, 9, 10, 10], "texture": "#rail"},
				"up": {"uv": [2.5, 6, 3, 7], "texture": "#rail"},
				"down": {"uv": [2.5, 10.5, 3, 11.5], "texture": "#rail"}
			}
		},
		{
			"from": [10.8, 11.1, 8.4],
			"to": [11.3, 11.8, 9.1],
			"rotation": {"angle": 0, "axis": "y", "origin": [0, 2.5, 2.6]},
			"faces": {
				"north": {"uv": [13, 9.5, 13.5, 10.5], "texture": "#rail"},
				"east": {"uv": [6, 8, 7, 9], "texture": "#rail"},
				"south": {"uv": [13, 13.5, 13.5, 14.5], "texture": "#rail"},
				"west": {"uv": [9, 9, 10, 10], "texture": "#rail"},
				"up": {"uv": [2.5, 6, 3, 7], "texture": "#rail"},
				"down": {"uv": [2.5, 10.5, 3, 11.5], "texture": "#rail"}
			}
		},
		{
			"from": [4.5, 11.2, 8.5],
			"to": [5, 11.7, 9],
			"rotation": {"angle": 0, "axis": "y", "origin": [0, 2.5, 2.6]},
			"faces": {
				"north": {"uv": [13, 9.5, 13.5, 10.5], "texture": "#rail"},
				"east": {"uv": [6, 8, 7, 9], "texture": "#rail"},
				"south": {"uv": [13, 13.5, 13.5, 14.5], "texture": "#rail"},
				"west": {"uv": [9, 9, 10, 10], "texture": "#rail"},
				"up": {"uv": [2.5, 6, 3, 7], "texture": "#rail"},
				"down": {"uv": [2.5, 10.5, 3, 11.5], "texture": "#rail"}
			}
		},
		{
			"from": [11, 11.2, 8.5],
			"to": [11.5, 11.7, 9],
			"rotation": {"angle": 0, "axis": "y", "origin": [0, 2.5, 2.6]},
			"faces": {
				"north": {"uv": [13, 9.5, 13.5, 10.5], "texture": "#rail"},
				"east": {"uv": [6, 8, 7, 9], "texture": "#rail"},
				"south": {"uv": [13, 13.5, 13.5, 14.5], "texture": "#rail"},
				"west": {"uv": [9, 9, 10, 10], "texture": "#rail"},
				"up": {"uv": [2.5, 6, 3, 7], "texture": "#rail"},
				"down": {"uv": [2.5, 10.5, 3, 11.5], "texture": "#rail"}
			}
		},
		{
			"from": [4.7, 13, 10.3],
			"to": [5.2, 13.7, 11],
			"rotation": {"angle": 0, "axis": "y", "origin": [0, 2.5, 2.6]},
			"faces": {
				"north": {"uv": [12.5, 9.5, 13, 10.5], "texture": "#rail"},
				"east": {"uv": [6, 8, 7, 9], "texture": "#rail"},
				"south": {"uv": [12.5, 13, 13, 14], "texture": "#rail"},
				"west": {"uv": [9, 9, 10, 10], "texture": "#rail"},
				"up": {"uv": [2.5, 11, 3, 12], "texture": "#rail"},
				"down": {"uv": [3, 11.5, 3.5, 12.5], "texture": "#rail"}
			}
		},
		{
			"from": [10.8, 13, 10.3],
			"to": [11.3, 13.7, 11],
			"rotation": {"angle": 0, "axis": "y", "origin": [0, 2.5, 2.6]},
			"faces": {
				"north": {"uv": [12.5, 9.5, 13, 10.5], "texture": "#rail"},
				"east": {"uv": [6, 8, 7, 9], "texture": "#rail"},
				"south": {"uv": [12.5, 13, 13, 14], "texture": "#rail"},
				"west": {"uv": [9, 9, 10, 10], "texture": "#rail"},
				"up": {"uv": [2.5, 11, 3, 12], "texture": "#rail"},
				"down": {"uv": [3, 11.5, 3.5, 12.5], "texture": "#rail"}
			}
		},
		{
			"from": [4.5, 13.1, 10.4],
			"to": [5, 13.6, 10.9],
			"rotation": {"angle": 0, "axis": "y", "origin": [0, 2.5, 2.6]},
			"faces": {
				"north": {"uv": [12.5, 9.5, 13, 10.5], "texture": "#rail"},
				"east": {"uv": [6, 8, 7, 9], "texture": "#rail"},
				"south": {"uv": [12.5, 13, 13, 14], "texture": "#rail"},
				"west": {"uv": [9, 9, 10, 10], "texture": "#rail"},
				"up": {"uv": [2.5, 11, 3, 12], "texture": "#rail"},
				"down": {"uv": [3, 11.5, 3.5, 12.5], "texture": "#rail"}
			}
		},
		{
			"from": [11, 13.1, 10.4],
			"to": [11.5, 13.6, 10.9],
			"rotation": {"angle": 0, "axis": "y", "origin": [0, 2.5, 2.6]},
			"faces": {
				"north": {"uv": [12.5, 9.5, 13, 10.5], "texture": "#rail"},
				"east": {"uv": [6, 8, 7, 9], "texture": "#rail"},
				"south": {"uv": [12.5, 13, 13, 14], "texture": "#rail"},
				"west": {"uv": [9, 9, 10, 10], "texture": "#rail"},
				"up": {"uv": [2.5, 11, 3, 12], "texture": "#rail"},
				"down": {"uv": [3, 11.5, 3.5, 12.5], "texture": "#rail"}
			}
		},
		{
			"from": [4.7, 7.3, 4.6],
			"to": [5.2, 8, 5.3],
			"rotation": {"angle": 0, "axis": "y", "origin": [0, 2.5, 2.6]},
			"faces": {
				"north": {"uv": [13, 11, 13.5, 12], "texture": "#rail"},
				"east": {"uv": [6, 8, 7, 9], "texture": "#rail"},
				"south": {"uv": [13, 14, 13.5, 15], "texture": "#rail"},
				"west": {"uv": [9, 9, 10, 10], "texture": "#rail"},
				"up": {"uv": [2.5, 4.5, 3, 5.5], "texture": "#rail"},
				"down": {"uv": [2.5, 10.5, 3, 11.5], "texture": "#rail"}
			}
		},
		{
			"from": [10.8, 7.3, 4.6],
			"to": [11.3, 8, 5.3],
			"rotation": {"angle": 0, "axis": "y", "origin": [0, 2.5, 2.6]},
			"faces": {
				"north": {"uv": [13, 11, 13.5, 12], "texture": "#rail"},
				"east": {"uv": [6, 8, 7, 9], "texture": "#rail"},
				"south": {"uv": [13, 14, 13.5, 15], "texture": "#rail"},
				"west": {"uv": [9, 9, 10, 10], "texture": "#rail"},
				"up": {"uv": [2.5, 4.5, 3, 5.5], "texture": "#rail"},
				"down": {"uv": [2.5, 10.5, 3, 11.5], "texture": "#rail"}
			}
		},
		{
			"from": [4.5, 7.4, 4.7],
			"to": [5, 7.9, 5.2],
			"rotation": {"angle": 0, "axis": "y", "origin": [0, 2.5, 2.6]},
			"faces": {
				"north": {"uv": [13, 11, 13.5, 12], "texture": "#rail"},
				"east": {"uv": [6, 8, 7, 9], "texture": "#rail"},
				"south": {"uv": [13, 14, 13.5, 15], "texture": "#rail"},
				"west": {"uv": [9, 9, 10, 10], "texture": "#rail"},
				"up": {"uv": [2.5, 4.5, 3, 5.5], "texture": "#rail"},
				"down": {"uv": [2.5, 10.5, 3, 11.5], "texture": "#rail"}
			}
		},
		{
			"from": [11, 7.4, 4.7],
			"to": [11.5, 7.9, 5.2],
			"rotation": {"angle": 0, "axis": "y", "origin": [0, 2.5, 2.6]},
			"faces": {
				"north": {"uv": [13, 11, 13.5, 12], "texture": "#rail"},
				"east": {"uv": [6, 8, 7, 9], "texture": "#rail"},
				"south": {"uv": [13, 14, 13.5, 15], "texture": "#rail"},
				"west": {"uv": [9, 9, 10, 10], "texture": "#rail"},
				"up": {"uv": [2.5, 4.5, 3, 5.5], "texture": "#rail"},
				"down": {"uv": [2.5, 10.5, 3, 11.5], "texture": "#rail"}
			}
		},
		{
			"from": [7, 0, 7],
			"to": [9, 1, 9],
			"faces": {
				"north": {"uv": [5.5, 7, 7.5, 8], "texture": "#rail"},
				"east": {"uv": [8.5, 14, 10.5, 15], "texture": "#rail"},
				"south": {"uv": [8, 3, 10, 4], "texture": "#rail"},
				"west": {"uv": [6.5, 11, 8.5, 12], "texture": "#rail"},
				"up": {"uv": [6.5, 7.5, 8.5, 9.5], "texture": "#rail"},
				"down": {"uv": [6, 11, 8, 13], "texture": "#rail"}
			}
		}
	],
	"display": {
		"thirdperson_righthand": {
			"rotation": [91, 3, -90],
			"translation": [5.3, -1.5, 2]
		},
		"thirdperson_lefthand": {
			"rotation": [90, 0, -90],
			"translation": [5.4, -1.5, 2]
		},
		"firstperson_righthand": {
			"rotation": [40, 0, 80],
			"translation": [-6.2, 4, 2.8],
			"scale": [0.8, 0.8, 0.8]
		},
		"firstperson_lefthand": {
			"rotation": [40, 0, 80],
			"translation": [-3.5, 4, 2.8],
			"scale": [0.8, 0.8, 0.8]
		},
		"ground": {
			"translation": [0, 1.8, 0],
			"scale": [0.5, 0.5, 0.5]
		},
		"gui": {
			"rotation": [30, 225, 0],
			"scale": [0.625, 0.625, 0.625]
		},
		"fixed": {
			"rotation": [-90, 0, 0],
			"translation": [0, 0, -7.5]
		}
	}
}