{
	"credit": "Made with Blockbench",
	"parent": "block/custom_detector_rail",
	"textures": {
		"1": "block/custom_rail_rails",
		"particle": "block/custom_rail_rails",
		"plank": "block/rail_sleeper"
	},
	"elements": [
		{
			"from": [5, 1, 4],
			"to": [11, 2, 12],
			"faces": {
				"north": {"uv": [5, 10, 11, 11], "texture": "#1"},
				"east": {"uv": [4, 6.5, 12, 7.5], "texture": "#1"},
				"south": {"uv": [5, 2.5, 11, 3.5], "texture": "#1"},
				"west": {"uv": [4, 10, 12, 11], "texture": "#1"},
				"up": {"uv": [5, 4, 11, 12], "texture": "#1"},
				"down": {"uv": [5, 5, 11, 13], "texture": "#1"}
			}
		},
		{
			"from": [6, 1.6, 5],
			"to": [10, 2.1, 11],
			"faces": {
				"north": {"uv": [6.5, 9, 10.5, 9.5], "texture": "#1"},
				"east": {"uv": [5, 9, 11, 9.5], "texture": "#1"},
				"south": {"uv": [5.5, 5.5, 9.5, 6], "texture": "#1"},
				"west": {"uv": [5, 7, 11, 7.5], "texture": "#1"},
				"up": {"uv": [6, 5.5, 10, 11.5], "texture": "#1"},
				"down": {"uv": [6, 5.5, 10, 11.5], "texture": "#1"}
			}
		},
		{
			"from": [7.5, 0, 7.5],
			"to": [8.5, 1, 8.5],
			"faces": {
				"north": {"uv": [7.5, 6, 8.5, 7], "texture": "#1"},
				"east": {"uv": [8, 11.5, 9, 12.5], "texture": "#1"},
				"south": {"uv": [7.5, 7, 8.5, 8], "texture": "#1"},
				"west": {"uv": [6.5, 10, 7.5, 11], "texture": "#1"},
				"up": {"uv": [6, 9.5, 7, 10.5], "texture": "#1"},
				"down": {"uv": [10, 7.5, 11, 8.5], "texture": "#1"}
			}
		},
		{
			"from": [0, 0, 7.7],
			"to": [7.5, 0.5, 8.3],
			"faces": {
				"north": {"uv": [15.5, 4.5, 16, 12], "rotation": 270, "texture": "#1"},
				"east": {"uv": [0, 0, 0.5, 0.5], "rotation": 90, "texture": "#1"},
				"south": {"uv": [15.5, 5, 16, 12.5], "rotation": 90, "texture": "#1"},
				"west": {"uv": [15.5, 9.5, 16, 10], "rotation": 90, "texture": "#1"},
				"up": {"uv": [15.5, 3.5, 16, 11], "rotation": 90, "texture": "#1"},
				"down": {"uv": [15.5, 5.5, 16, 13], "rotation": 90, "texture": "#1"}
			}
		},
		{
			"from": [8.5, 0, 7.7],
			"to": [16, 0.5, 8.3],
			"faces": {
				"north": {"uv": [15.5, 6, 16, 13.5], "rotation": 270, "texture": "#1"},
				"east": {"uv": [15.5, 4, 16, 4.5], "rotation": 90, "texture": "#1"},
				"south": {"uv": [15.5, 3.5, 16, 11], "rotation": 90, "texture": "#1"},
				"west": {"uv": [0, 0, 0.5, 0.5], "rotation": 90, "texture": "#1"},
				"up": {"uv": [15.5, 5, 16, 12.5], "rotation": 90, "texture": "#1"},
				"down": {"uv": [15.5, 2, 16, 9.5], "rotation": 90, "texture": "#1"}
			}
		},
		{
			"name": "rail_west_top",
			"from": [2.5, 1.2, 0],
			"to": [3.5, 2.5, 16],
			"faces": {
				"north": {"uv": [9, 9, 10, 10.5], "rotation": 180, "texture": "#1"},
				"east": {"uv": [11, 0, 12.5, 16], "rotation": 270, "texture": "#1"},
				"south": {"uv": [8.5, 11.5, 9.5, 13], "texture": "#1"},
				"west": {"uv": [15, 0, 13.5, 16], "rotation": 90, "texture": "#1"},
				"up": {"uv": [12.5, 0, 13.5, 16], "texture": "#1"},
				"down": {"uv": [5.5, 0, 6.5, 16], "texture": "#1"}
			}
		},
		{
			"name": "rail_east_top",
			"from": [12.5, 1.2, 0],
			"to": [13.5, 2.5, 16],
			"faces": {
				"north": {"uv": [7, 7.5, 8, 9], "texture": "#1"},
				"east": {"uv": [1, 0, 2.5, 16], "rotation": 270, "texture": "#1"},
				"south": {"uv": [8, 12.5, 9, 14], "texture": "#1"},
				"west": {"uv": [5, 0, 3.5, 16], "rotation": 90, "texture": "#1"},
				"up": {"uv": [2.5, 0, 3.5, 16], "rotation": 180, "texture": "#1"},
				"down": {"uv": [10, 0, 11, 16], "rotation": 180, "texture": "#1"}
			}
		},
		{
			"name": "plank_1_thin",
			"from": [0.3, 0, 0.8],
			"to": [15.3, 1, 2.9],
			"faces": {
				"north": {"uv": [0.5, 0, 15.5, 1], "rotation": 180, "texture": "#plank"},
				"east": {"uv": [2.5, 13, 3.5, 15], "rotation": 90, "texture": "#plank"},
				"south": {"uv": [15.5, 4, 0.5, 3], "rotation": 180, "texture": "#plank"},
				"west": {"uv": [12, 13, 13, 15], "rotation": 270, "texture": "#plank"},
				"up": {"uv": [0.5, 1, 15.5, 3], "texture": "#plank"},
				"down": {"uv": [0.5, 1, 15.5, 3], "rotation": 180, "texture": "#plank"}
			}
		},
		{
			"name": "plank_2_thin",
			"from": [0.6, 0, 5.1],
			"to": [15.6, 1, 7],
			"faces": {
				"north": {"uv": [0.5, 4, 15.5, 5], "rotation": 180, "texture": "#plank"},
				"east": {"uv": [4, 9, 3, 11], "rotation": 90, "texture": "#plank"},
				"south": {"uv": [15.5, 8, 0.5, 7], "rotation": 180, "texture": "#plank"},
				"west": {"uv": [11.5, 9, 12.5, 11], "rotation": 270, "texture": "#plank"},
				"up": {"uv": [0.5, 5, 15.5, 7], "texture": "#plank"},
				"down": {"uv": [0.5, 5, 15.5, 7], "rotation": 180, "texture": "#plank"}
			}
		},
		{
			"name": "plank_3_thin",
			"from": [0.5, 0, 9.2],
			"to": [15.5, 1, 11],
			"faces": {
				"north": {"uv": [0.5, 10, 15.5, 11], "rotation": 180, "texture": "#plank"},
				"east": {"uv": [3, 5, 4, 7], "rotation": 90, "texture": "#plank"},
				"south": {"uv": [15.5, 13, 0.5, 12], "rotation": 180, "texture": "#plank"},
				"west": {"uv": [11.5, 5, 12.5, 7], "rotation": 270, "texture": "#plank"},
				"up": {"uv": [0.5, 9, 15.5, 11], "texture": "#plank"},
				"down": {"uv": [0.5, 9, 15.5, 11], "rotation": 180, "texture": "#plank"}
			}
		},
		{
			"name": "plank_4_thin",
			"from": [0.6, 0, 12.7],
			"to": [15.4, 1, 14.8],
			"faces": {
				"north": {"uv": [0.5, 13, 15.5, 12], "rotation": 180, "texture": "#plank"},
				"east": {"uv": [3, 1, 4, 3], "rotation": 90, "texture": "#plank"},
				"south": {"uv": [15.5, 15, 0.5, 16], "rotation": 180, "texture": "#plank"},
				"west": {"uv": [12.5, 1, 13.5, 3], "rotation": 270, "texture": "#plank"},
				"up": {"uv": [0.5, 13, 15.5, 15], "texture": "#plank"},
				"down": {"uv": [0.5, 13, 15.5, 15], "rotation": 180, "texture": "#plank"}
			}
		},
		{
			"from": [1.5, 1, 1.4],
			"to": [4.5, 1.2, 2.5],
			"faces": {
				"north": {"uv": [7, 5.5, 10, 6], "texture": "#1"},
				"east": {"uv": [7.5, 10.5, 8.5, 11], "texture": "#1"},
				"south": {"uv": [6.5, 9, 9.5, 9.5], "texture": "#1"},
				"west": {"uv": [5.5, 6.5, 6.5, 7], "texture": "#1"},
				"up": {"uv": [6.5, 7, 9.5, 8], "texture": "#1"},
				"down": {"uv": [0, 0, 3, 1], "texture": "#1"}
			}
		},
		{
			"from": [1.6, 1, 5.4],
			"to": [4.6, 1.2, 6.4],
			"faces": {
				"north": {"uv": [6, 3.5, 9, 4], "texture": "#1"},
				"east": {"uv": [6.5, 2, 7.5, 2.5], "texture": "#1"},
				"south": {"uv": [7, 0.5, 10, 1], "texture": "#1"},
				"west": {"uv": [7.5, 2, 8.5, 2.5], "texture": "#1"},
				"up": {"uv": [6.5, 8, 9.5, 9], "texture": "#1"},
				"down": {"uv": [0, 0, 3, 1], "texture": "#1"}
			}
		},
		{
			"from": [1.2, 1, 9.6],
			"to": [4.4, 1.2, 10.7],
			"faces": {
				"north": {"uv": [6.5, 3, 9.5, 3.5], "texture": "#1"},
				"east": {"uv": [9.5, 7.5, 10.5, 8], "texture": "#1"},
				"south": {"uv": [7, 1, 10, 1.5], "texture": "#1"},
				"west": {"uv": [6.5, 4.5, 7.5, 5], "texture": "#1"},
				"up": {"uv": [7, 9, 10, 10], "texture": "#1"},
				"down": {"uv": [0, 0, 3, 1], "texture": "#1"}
			}
		},
		{
			"from": [1.5, 1, 13.4],
			"to": [4.5, 1.2, 14.4],
			"faces": {
				"north": {"uv": [7, 14, 10, 14.5], "texture": "#1"},
				"east": {"uv": [7, 9, 8, 9.5], "texture": "#1"},
				"south": {"uv": [6.5, 3, 9.5, 3.5], "texture": "#1"},
				"west": {"uv": [9.5, 8, 10.5, 8.5], "texture": "#1"},
				"up": {"uv": [6, 11, 9, 12], "texture": "#1"},
				"down": {"uv": [0, 0, 3, 1], "texture": "#1"}
			}
		},
		{
			"from": [11.6, 1, 13.5],
			"to": [14.6, 1.2, 14.6],
			"faces": {
				"north": {"uv": [6, 4, 9, 4.5], "texture": "#1"},
				"east": {"uv": [6, 2, 7, 2.5], "texture": "#1"},
				"south": {"uv": [6, 1.5, 9, 2], "texture": "#1"},
				"west": {"uv": [6.5, 12, 7.5, 12.5], "texture": "#1"},
				"up": {"uv": [7, 10.5, 10, 11.5], "texture": "#1"},
				"down": {"uv": [0, 0, 3, 1], "texture": "#1"}
			}
		},
		{
			"from": [11.5, 1, 9.5],
			"to": [14.5, 1.2, 10.5],
			"faces": {
				"north": {"uv": [6.5, 5, 9.5, 5.5], "texture": "#1"},
				"east": {"uv": [7, 6.5, 8, 7], "texture": "#1"},
				"south": {"uv": [6.5, 9.5, 9.5, 10], "texture": "#1"},
				"west": {"uv": [7.5, 8.5, 8.5, 9], "texture": "#1"},
				"up": {"uv": [6.5, 5.5, 9.5, 6.5], "texture": "#1"},
				"down": {"uv": [0, 0, 3, 1], "texture": "#1"}
			}
		},
		{
			"from": [11.7, 1, 5.4],
			"to": [14.7, 1.2, 6.4],
			"faces": {
				"north": {"uv": [6, 8.5, 9, 9], "texture": "#1"},
				"east": {"uv": [6.5, 6, 7.5, 6.5], "texture": "#1"},
				"south": {"uv": [7, 12, 10, 12.5], "texture": "#1"},
				"west": {"uv": [7, 14.5, 8, 15], "texture": "#1"},
				"up": {"uv": [7, 4, 10, 5], "texture": "#1"},
				"down": {"uv": [0, 0, 3, 1], "texture": "#1"}
			}
		},
		{
			"from": [11.4, 1, 1.5],
			"to": [14.4, 1.2, 2.5],
			"faces": {
				"north": {"uv": [7, 0.5, 10, 1], "texture": "#1"},
				"east": {"uv": [8.5, 0.5, 9.5, 1], "texture": "#1"},
				"south": {"uv": [6.5, 7.5, 9.5, 8], "texture": "#1"},
				"west": {"uv": [7.5, 15.5, 8.5, 16], "texture": "#1"},
				"up": {"uv": [6.5, 6.5, 9.5, 7.5], "texture": "#1"},
				"down": {"uv": [0, 0, 3, 1], "texture": "#1"}
			}
		},
		{
			"from": [13.5, 1.4, -1],
			"to": [13.7, 2.2, 1],
			"faces": {
				"north": {"uv": [6, 8, 6.5, 9], "texture": "#1"},
				"east": {"uv": [6, 2, 8, 3], "texture": "#1"},
				"south": {"uv": [6.5, 1, 7, 2], "texture": "#1"},
				"west": {"uv": [5, 9.5, 7, 10.5], "texture": "#1"},
				"up": {"uv": [8.5, 6.5, 9, 8.5], "texture": "#1"},
				"down": {"uv": [7, 1.5, 7.5, 3.5], "texture": "#1"}
			}
		},
		{
			"from": [12.3, 1.4, -0.9],
			"to": [12.5, 2.2, 1.1],
			"faces": {
				"north": {"uv": [6, 8, 6.5, 9], "texture": "#1"},
				"east": {"uv": [6, 2, 8, 3], "texture": "#1"},
				"south": {"uv": [6.5, 1, 7, 2], "texture": "#1"},
				"west": {"uv": [5, 9.5, 7, 10.5], "texture": "#1"},
				"up": {"uv": [8.5, 6.5, 9, 8.5], "texture": "#1"},
				"down": {"uv": [7, 1.5, 7.5, 3.5], "texture": "#1"}
			}
		},
		{
			"from": [2.3, 1.5, 14.9],
			"to": [2.5, 2.3, 16.9],
			"faces": {
				"north": {"uv": [6, 8, 6.5, 9], "texture": "#1"},
				"east": {"uv": [6, 2, 8, 3], "texture": "#1"},
				"south": {"uv": [6.5, 1, 7, 2], "texture": "#1"},
				"west": {"uv": [5, 9.5, 7, 10.5], "texture": "#1"},
				"up": {"uv": [8.5, 6.5, 9, 8.5], "texture": "#1"},
				"down": {"uv": [7, 1.5, 7.5, 3.5], "texture": "#1"}
			}
		},
		{
			"from": [3.5, 1.5, 15],
			"to": [3.7, 2.3, 17],
			"faces": {
				"north": {"uv": [6, 8, 6.5, 9], "texture": "#1"},
				"east": {"uv": [6, 2, 8, 3], "texture": "#1"},
				"south": {"uv": [6.5, 1, 7, 2], "texture": "#1"},
				"west": {"uv": [5, 9.5, 7, 10.5], "texture": "#1"},
				"up": {"uv": [8.5, 6.5, 9, 8.5], "texture": "#1"},
				"down": {"uv": [7, 1.5, 7.5, 3.5], "texture": "#1"}
			}
		},
		{
			"from": [2.9, 0.1, -0.3],
			"to": [3.2, 1.6, 0],
			"rotation": {"angle": -45, "axis": "y", "origin": [0, 0, 0]},
			"faces": {
				"north": {"uv": [9.5, 8, 10, 9.5], "texture": "#1"},
				"east": {"uv": [8.5, 5.5, 9, 7], "texture": "#1"},
				"south": {"uv": [9, 2, 9.5, 3.5], "texture": "#1"},
				"west": {"uv": [8, 8, 8.5, 9.5], "texture": "#1"},
				"up": {"uv": [6.5, 4.5, 7, 5], "texture": "#1"},
				"down": {"uv": [7, 5.5, 7.5, 6], "texture": "#1"}
			}
		},
		{
			"from": [5.6, 0.1, 2.4],
			"to": [5.9, 1.6, 2.7],
			"rotation": {"angle": -45, "axis": "y", "origin": [0, 0, 0]},
			"faces": {
				"north": {"uv": [9.5, 8, 10, 9.5], "texture": "#1"},
				"east": {"uv": [8.5, 5.5, 9, 7], "texture": "#1"},
				"south": {"uv": [9, 2, 9.5, 3.5], "texture": "#1"},
				"west": {"uv": [8, 8, 8.5, 9.5], "texture": "#1"},
				"up": {"uv": [6.5, 4.5, 7, 5], "texture": "#1"},
				"down": {"uv": [7, 5.5, 7.5, 6], "texture": "#1"}
			}
		},
		{
			"from": [-1.9, 0.2, 10.1],
			"to": [-1.6, 1.7, 10.4],
			"rotation": {"angle": 22.5, "axis": "y", "origin": [0, 0, 0]},
			"faces": {
				"north": {"uv": [8, 8, 8.5, 9.5], "texture": "#1"},
				"east": {"uv": [9.5, 8, 10, 9.5], "texture": "#1"},
				"south": {"uv": [8.5, 5.5, 9, 7], "texture": "#1"},
				"west": {"uv": [9, 2, 9.5, 3.5], "texture": "#1"},
				"up": {"uv": [6.5, 4.5, 7, 5], "rotation": 90, "texture": "#1"},
				"down": {"uv": [7, 5.5, 7.5, 6], "rotation": 270, "texture": "#1"}
			}
		},
		{
			"from": [11.3, 0, 8.1],
			"to": [11.6, 1.5, 8.4],
			"rotation": {"angle": -45, "axis": "y", "origin": [0, 0, 0]},
			"faces": {
				"north": {"uv": [9.5, 8, 10, 9.5], "texture": "#1"},
				"east": {"uv": [8.5, 5.5, 9, 7], "texture": "#1"},
				"south": {"uv": [9, 2, 9.5, 3.5], "texture": "#1"},
				"west": {"uv": [8, 8, 8.5, 9.5], "texture": "#1"},
				"up": {"uv": [6.5, 4.5, 7, 5], "texture": "#1"},
				"down": {"uv": [7, 5.5, 7.5, 6], "texture": "#1"}
			}
		},
		{
			"from": [12.3, 0, 7],
			"to": [12.6, 1.5, 7.3],
			"rotation": {"angle": -45, "axis": "y", "origin": [0, 0, 0]},
			"faces": {
				"north": {"uv": [9.5, 8, 10, 9.5], "texture": "#1"},
				"east": {"uv": [8.5, 5.5, 9, 7], "texture": "#1"},
				"south": {"uv": [9, 2, 9.5, 3.5], "texture": "#1"},
				"west": {"uv": [8, 8, 8.5, 9.5], "texture": "#1"},
				"up": {"uv": [6.5, 4.5, 7, 5], "texture": "#1"},
				"down": {"uv": [7, 5.5, 7.5, 6], "texture": "#1"}
			}
		},
		{
			"from": [9.6, 0, 4.4],
			"to": [9.9, 1.5, 4.7],
			"rotation": {"angle": -45, "axis": "y", "origin": [0, 0, 0]},
			"faces": {
				"north": {"uv": [9.5, 8, 10, 9.5], "texture": "#1"},
				"east": {"uv": [8.5, 5.5, 9, 7], "texture": "#1"},
				"south": {"uv": [9, 2, 9.5, 3.5], "texture": "#1"},
				"west": {"uv": [8, 8, 8.5, 9.5], "texture": "#1"},
				"up": {"uv": [6.5, 4.5, 7, 5], "texture": "#1"},
				"down": {"uv": [7, 5.5, 7.5, 6], "texture": "#1"}
			}
		},
		{
			"from": [3.5, 0.1, 5.8],
			"to": [3.8, 1.6, 6.1],
			"faces": {
				"north": {"uv": [9.5, 8, 10, 9.5], "texture": "#1"},
				"east": {"uv": [8.5, 5.5, 9, 7], "texture": "#1"},
				"south": {"uv": [9, 2, 9.5, 3.5], "texture": "#1"},
				"west": {"uv": [8, 8, 8.5, 9.5], "texture": "#1"},
				"up": {"uv": [6.5, 4.5, 7, 5], "texture": "#1"},
				"down": {"uv": [7, 5.5, 7.5, 6], "texture": "#1"}
			}
		},
		{
			"from": [3.9, 0.1, -1.4],
			"to": [4.2, 1.6, -1.1],
			"rotation": {"angle": -45, "axis": "y", "origin": [0, 0, 0]},
			"faces": {
				"north": {"uv": [9.5, 8, 10, 9.5], "texture": "#1"},
				"east": {"uv": [8.5, 5.5, 9, 7], "texture": "#1"},
				"south": {"uv": [9, 2, 9.5, 3.5], "texture": "#1"},
				"west": {"uv": [8, 8, 8.5, 9.5], "texture": "#1"},
				"up": {"uv": [6.5, 4.5, 7, 5], "texture": "#1"},
				"down": {"uv": [7, 5.5, 7.5, 6], "texture": "#1"}
			}
		},
		{
			"from": [11.9, 0.1, -3],
			"to": [12.2, 1.6, -2.7],
			"rotation": {"angle": -22.5, "axis": "y", "origin": [0, 0, 0]},
			"faces": {
				"north": {"uv": [9.5, 8, 10, 9.5], "texture": "#1"},
				"east": {"uv": [8.5, 5.5, 9, 7], "texture": "#1"},
				"south": {"uv": [9, 2, 9.5, 3.5], "texture": "#1"},
				"west": {"uv": [8, 8, 8.5, 9.5], "texture": "#1"},
				"up": {"uv": [6.5, 4.5, 7, 5], "texture": "#1"},
				"down": {"uv": [7, 5.5, 7.5, 6], "texture": "#1"}
			}
		},
		{
			"from": [11, 0, -8.4],
			"to": [11.3, 1.5, -8.1],
			"rotation": {"angle": -45, "axis": "y", "origin": [0, 0, 0]},
			"faces": {
				"north": {"uv": [9.5, 8, 10, 9.5], "texture": "#1"},
				"east": {"uv": [8.5, 5.5, 9, 7], "texture": "#1"},
				"south": {"uv": [9, 2, 9.5, 3.5], "texture": "#1"},
				"west": {"uv": [8, 8, 8.5, 9.5], "texture": "#1"},
				"up": {"uv": [6.5, 4.5, 7, 5], "texture": "#1"},
				"down": {"uv": [7, 5.5, 7.5, 6], "texture": "#1"}
			}
		},
		{
			"from": [13.7, 0.2, -5.7],
			"to": [14, 1.7, -5.4],
			"rotation": {"angle": -45, "axis": "y", "origin": [0, 0, 0]},
			"faces": {
				"north": {"uv": [9.5, 8, 10, 9.5], "texture": "#1"},
				"east": {"uv": [8.5, 5.5, 9, 7], "texture": "#1"},
				"south": {"uv": [9, 2, 9.5, 3.5], "texture": "#1"},
				"west": {"uv": [8, 8, 8.5, 9.5], "texture": "#1"},
				"up": {"uv": [6.5, 4.5, 7, 5], "texture": "#1"},
				"down": {"uv": [7, 5.5, 7.5, 6], "texture": "#1"}
			}
		},
		{
			"from": [8.7, 0, 14.4],
			"to": [9, 1.5, 14.7],
			"rotation": {"angle": 22.5, "axis": "y", "origin": [0, 0, 0]},
			"faces": {
				"north": {"uv": [8, 8, 8.5, 9.5], "texture": "#1"},
				"east": {"uv": [9.5, 8, 10, 9.5], "texture": "#1"},
				"south": {"uv": [8.5, 5.5, 9, 7], "texture": "#1"},
				"west": {"uv": [9, 2, 9.5, 3.5], "texture": "#1"},
				"up": {"uv": [6.5, 4.5, 7, 5], "rotation": 90, "texture": "#1"},
				"down": {"uv": [7, 5.5, 7.5, 6], "rotation": 270, "texture": "#1"}
			}
		},
		{
			"from": [15.6, 0.1, -1.7],
			"to": [15.9, 1.6, -1.4],
			"rotation": {"angle": -45, "axis": "y", "origin": [0, 0, 0]},
			"faces": {
				"north": {"uv": [9.5, 8, 10, 9.5], "texture": "#1"},
				"east": {"uv": [8.5, 5.5, 9, 7], "texture": "#1"},
				"south": {"uv": [9, 2, 9.5, 3.5], "texture": "#1"},
				"west": {"uv": [8, 8, 8.5, 9.5], "texture": "#1"},
				"up": {"uv": [6.5, 4.5, 7, 5], "texture": "#1"},
				"down": {"uv": [7, 5.5, 7.5, 6], "texture": "#1"}
			}
		},
		{
			"from": [19.5, 0.1, 0.1],
			"to": [19.8, 1.6, 0.4],
			"rotation": {"angle": -45, "axis": "y", "origin": [0, 0, 0]},
			"faces": {
				"north": {"uv": [9.5, 8, 10, 9.5], "texture": "#1"},
				"east": {"uv": [8.5, 5.5, 9, 7], "texture": "#1"},
				"south": {"uv": [9, 2, 9.5, 3.5], "texture": "#1"},
				"west": {"uv": [8, 8, 8.5, 9.5], "texture": "#1"},
				"up": {"uv": [6.5, 4.5, 7, 5], "texture": "#1"},
				"down": {"uv": [7, 5.5, 7.5, 6], "texture": "#1"}
			}
		},
		{
			"from": [18.5, 0, 1.2],
			"to": [18.8, 1.5, 1.5],
			"rotation": {"angle": -45, "axis": "y", "origin": [0, 0, 0]},
			"faces": {
				"north": {"uv": [9.5, 8, 10, 9.5], "texture": "#1"},
				"east": {"uv": [8.5, 5.5, 9, 7], "texture": "#1"},
				"south": {"uv": [9, 2, 9.5, 3.5], "texture": "#1"},
				"west": {"uv": [8, 8, 8.5, 9.5], "texture": "#1"},
				"up": {"uv": [6.5, 4.5, 7, 5], "texture": "#1"},
				"down": {"uv": [7, 5.5, 7.5, 6], "texture": "#1"}
			}
		},
		{
			"from": [12, 1.6, 0.4],
			"to": [14, 2, 0.8],
			"faces": {
				"north": {"uv": [6, 6, 8, 6.5], "texture": "#1"},
				"east": {"uv": [7.5, 6, 8, 6.5], "texture": "#1"},
				"south": {"uv": [6.5, 5, 8.5, 5.5], "texture": "#1"},
				"west": {"uv": [8, 5.5, 8.5, 6], "texture": "#1"},
				"up": {"uv": [6.5, 4, 8.5, 4.5], "texture": "#1"},
				"down": {"uv": [5, 6.5, 7, 7], "texture": "#1"}
			}
		},
		{
			"from": [2, 1.7, -0.5],
			"to": [4, 2.1, -0.1],
			"rotation": {"angle": 22.5, "axis": "x", "origin": [0, 0, 0]},
			"faces": {
				"north": {"uv": [6, 6, 8, 6.5], "texture": "#1"},
				"east": {"uv": [7.5, 6, 8, 6.5], "texture": "#1"},
				"south": {"uv": [6.5, 5, 8.5, 5.5], "texture": "#1"},
				"west": {"uv": [8, 5.5, 8.5, 6], "texture": "#1"},
				"up": {"uv": [6.5, 4, 8.5, 4.5], "texture": "#1"},
				"down": {"uv": [5, 6.5, 7, 7], "texture": "#1"}
			}
		},
		{
			"from": [2, 12.1, 9.4],
			"to": [4, 12.5, 9.8],
			"rotation": {"angle": 45, "axis": "x", "origin": [0, 0, 0]},
			"faces": {
				"north": {"uv": [6, 6, 8, 6.5], "texture": "#1"},
				"east": {"uv": [7.5, 6, 8, 6.5], "texture": "#1"},
				"south": {"uv": [6.5, 5, 8.5, 5.5], "texture": "#1"},
				"west": {"uv": [8, 5.5, 8.5, 6], "texture": "#1"},
				"up": {"uv": [6.5, 4, 8.5, 4.5], "texture": "#1"},
				"down": {"uv": [5, 6.5, 7, 7], "texture": "#1"}
			}
		},
		{
			"from": [12, 12.1, 9.5],
			"to": [14, 12.5, 9.9],
			"rotation": {"angle": 45, "axis": "x", "origin": [0, 0, 0]},
			"faces": {
				"north": {"uv": [6, 6, 8, 6.5], "texture": "#1"},
				"east": {"uv": [7.5, 6, 8, 6.5], "texture": "#1"},
				"south": {"uv": [6.5, 5, 8.5, 5.5], "texture": "#1"},
				"west": {"uv": [8, 5.5, 8.5, 6], "texture": "#1"},
				"up": {"uv": [6.5, 4, 8.5, 4.5], "texture": "#1"},
				"down": {"uv": [5, 6.5, 7, 7], "texture": "#1"}
			}
		}
	],
	"display": {
		"thirdperson_righthand": {
			"rotation": [91, 3, -90],
			"translation": [5.3, -1.5, 2]
		},
		"thirdperson_lefthand": {
			"rotation": [90, 0, -90],
			"translation": [5.4, -1.5, 2]
		},
		"firstperson_righthand": {
			"rotation": [40, 0, 80],
			"translation": [-6.2, 4, 2.8],
			"scale": [0.8, 0.8, 0.8]
		},
		"firstperson_lefthand": {
			"rotation": [40, 0, 80],
			"translation": [-3.5, 4, 2.8],
			"scale": [0.8, 0.8, 0.8]
		},
		"ground": {
			"translation": [0, 1.8, 0],
			"scale": [0.5, 0.5, 0.5]
		},
		"gui": {
			"rotation": [30, 225, 0],
			"scale": [0.625, 0.625, 0.625]
		},
		"fixed": {
			"rotation": [-90, 0, 0],
			"translation": [0, 0, -7.5]
		}
	}
}