{
	"credit": "Made with Blockbench",
	"ambientocclusion": false,
	"textures": {
		"rail": "block/custom_rail_rails",
		"plank": "block/rail_sleeper"
	},
	"elements": [
		{
			"name": "rail_west_top",
			"from": [2.5, 1.2, 0],
			"to": [3.5, 2.5, 16],
			"faces": {
				"north": {"uv": [6, 12.5, 7, 14], "rotation": 180, "texture": "#rail"},
				"east": {"uv": [13.5, 0, 15, 16], "rotation": 270, "texture": "#rail"},
				"south": {"uv": [8.5, 7.5, 9.5, 9], "texture": "#rail"},
				"west": {"uv": [12.5, 0, 11, 16], "rotation": 90, "texture": "#rail"},
				"up": {"uv": [12.5, 0, 13.5, 16], "texture": "#rail"},
				"down": {"uv": [8.5, 0, 9.5, 16], "texture": "#rail"}
			}
		},
		{
			"name": "rail_east_top",
			"from": [12.5, 1.2, 0],
			"to": [13.5, 2.5, 16],
			"faces": {
				"north": {"uv": [6, 9.5, 7, 11], "texture": "#rail"},
				"east": {"uv": [3.5, 0, 5, 16], "rotation": 270, "texture": "#rail"},
				"south": {"uv": [9, 11, 10, 12.5], "texture": "#rail"},
				"west": {"uv": [2.5, 0, 1, 16], "rotation": 90, "texture": "#rail"},
				"up": {"uv": [2.5, 0, 3.5, 16], "rotation": 180, "texture": "#rail"},
				"down": {"uv": [7, 0, 8, 16], "rotation": 180, "texture": "#rail"}
			}
		},
		{
			"name": "plank_1_thin",
			"from": [0.5, 0, 3],
			"to": [15.5, 1, 5],
			"faces": {
				"north": {"uv": [0.5, 14.5, 15.5, 15.5], "rotation": 180, "texture": "#plank"},
				"east": {"uv": [0.5, 9, 1.5, 11], "rotation": 90, "texture": "#plank"},
				"south": {"uv": [15.5, 6.5, 0.5, 7.5], "rotation": 180, "texture": "#plank"},
				"west": {"uv": [14.5, 9, 15.5, 11], "rotation": 270, "texture": "#plank"},
				"up": {"uv": [0.5, 6, 15.5, 8], "texture": "#plank"},
				"down": {"uv": [0.5, 12, 15.5, 14], "rotation": 180, "texture": "#plank"}
			}
		},
		{
			"name": "plank_2_thin",
			"from": [1.5, 0, 8],
			"to": [16.5, 1.006, 10],
			"rotation": {"angle": -22.5, "axis": "y", "origin": [1.5, 0, 7.5]},
			"faces": {
				"north": {"uv": [0.5, 12.5, 15.5, 13.5], "rotation": 180, "texture": "#plank"},
				"east": {"uv": [0.5, 11, 1.5, 13], "rotation": 90, "texture": "#plank"},
				"south": {"uv": [15.5, 10.5, 0.5, 11.5], "rotation": 180, "texture": "#plank"},
				"west": {"uv": [15, 4, 16, 6], "rotation": 270, "texture": "#plank"},
				"up": {"uv": [0.5, 2, 15.5, 4], "texture": "#plank"},
				"down": {"uv": [0.5, 10.5, 15.5, 12.5], "rotation": 180, "texture": "#plank"}
			}
		},
		{
			"from": [1.4, 1, 3.6],
			"to": [4.5, 1.2, 4.6],
			"faces": {
				"north": {"uv": [5.5, 0.5, 8.5, 1], "texture": "#rail"},
				"east": {"uv": [7, 6, 8, 6.5], "texture": "#rail"},
				"south": {"uv": [6, 7.5, 9, 8], "texture": "#rail"},
				"west": {"uv": [6.5, 10, 7.5, 10.5], "texture": "#rail"},
				"up": {"uv": [6, 4.5, 9, 5.5], "texture": "#rail"},
				"down": {"uv": [0, 0, 3, 1], "texture": "#rail"}
			}
		},
		{
			"from": [1.5, 1, 9.2],
			"to": [4.5, 1.2, 10.3],
			"faces": {
				"north": {"uv": [6, 7, 9, 7.5], "texture": "#rail"},
				"east": {"uv": [7, 3, 8, 3.5], "texture": "#rail"},
				"south": {"uv": [5.5, 7, 8.5, 7.5], "texture": "#rail"},
				"west": {"uv": [7, 7, 8, 7.5], "texture": "#rail"},
				"up": {"uv": [6, 9, 9, 10], "texture": "#rail"},
				"down": {"uv": [0, 0, 3, 1], "texture": "#rail"}
			}
		},
		{
			"from": [11.7, 1, 3.5],
			"to": [14.7, 1.2, 4.5],
			"faces": {
				"north": {"uv": [8, 13.5, 11, 14], "texture": "#rail"},
				"east": {"uv": [5, 6, 6, 6.5], "texture": "#rail"},
				"south": {"uv": [5.5, 8, 8.5, 8.5], "texture": "#rail"},
				"west": {"uv": [7, 14.5, 8, 15], "texture": "#rail"},
				"up": {"uv": [6, 10, 9, 11], "texture": "#rail"},
				"down": {"uv": [0, 0, 3, 1], "texture": "#rail"}
			}
		},
		{
			"from": [6.6, 0, 15.3],
			"to": [9.6, 0.2, 16.2],
			"rotation": {"angle": 22.5, "axis": "y", "origin": [0, 0, 0]},
			"faces": {
				"north": {"uv": [5.5, 7.5, 8.5, 8], "texture": "#rail"},
				"east": {"uv": [6.5, 0, 7.5, 0.5], "texture": "#rail"},
				"south": {"uv": [5.5, 8, 8.5, 8.5], "texture": "#rail"},
				"west": {"uv": [10, 12, 11, 12.5], "texture": "#rail"},
				"up": {"uv": [6, 0, 9, 1], "texture": "#rail"},
				"down": {"uv": [7, 9, 10, 10], "texture": "#rail"}
			}
		},
		{
			"from": [13.5, 1.4, -1],
			"to": [13.7, 2.2, 1],
			"faces": {
				"north": {"uv": [6, 8, 6.5, 9], "texture": "#rail"},
				"east": {"uv": [6, 2, 8, 3], "texture": "#rail"},
				"south": {"uv": [6.5, 1, 7, 2], "texture": "#rail"},
				"west": {"uv": [5, 9.5, 7, 10.5], "texture": "#rail"},
				"up": {"uv": [8.5, 6.5, 9, 8.5], "texture": "#rail"},
				"down": {"uv": [7, 1.5, 7.5, 3.5], "texture": "#rail"}
			}
		},
		{
			"from": [12.3, 1.4, -1],
			"to": [12.5, 2.2, 1],
			"faces": {
				"north": {"uv": [6, 8, 6.5, 9], "texture": "#rail"},
				"east": {"uv": [6, 2, 8, 3], "texture": "#rail"},
				"south": {"uv": [6.5, 1, 7, 2], "texture": "#rail"},
				"west": {"uv": [5, 9.5, 7, 10.5], "texture": "#rail"},
				"up": {"uv": [8.5, 6.5, 9, 8.5], "texture": "#rail"},
				"down": {"uv": [7, 1.5, 7.5, 3.5], "texture": "#rail"}
			}
		},
		{
			"from": [2.3, 1.5, 15],
			"to": [2.5, 2.3, 17],
			"faces": {
				"north": {"uv": [6, 8, 6.5, 9], "texture": "#rail"},
				"east": {"uv": [6, 2, 8, 3], "texture": "#rail"},
				"south": {"uv": [6.5, 1, 7, 2], "texture": "#rail"},
				"west": {"uv": [5, 9.5, 7, 10.5], "texture": "#rail"},
				"up": {"uv": [8.5, 6.5, 9, 8.5], "texture": "#rail"},
				"down": {"uv": [7, 1.5, 7.5, 3.5], "texture": "#rail"}
			}
		},
		{
			"from": [3.5, 1.5, 14.9],
			"to": [3.7, 2.3, 16.9],
			"faces": {
				"north": {"uv": [6, 8, 6.5, 9], "texture": "#rail"},
				"east": {"uv": [6, 2, 8, 3], "texture": "#rail"},
				"south": {"uv": [6.5, 1, 7, 2], "texture": "#rail"},
				"west": {"uv": [5, 9.5, 7, 10.5], "texture": "#rail"},
				"up": {"uv": [8.5, 6.5, 9, 8.5], "texture": "#rail"},
				"down": {"uv": [7, 1.5, 7.5, 3.5], "texture": "#rail"}
			}
		},
		{
			"from": [4.4, 0.1, 1.2],
			"to": [4.7, 1.6, 1.5],
			"rotation": {"angle": -45, "axis": "y", "origin": [0, 0, 0]},
			"faces": {
				"north": {"uv": [9.5, 8, 10, 9.5], "texture": "#rail"},
				"east": {"uv": [8.5, 5.5, 9, 7], "texture": "#rail"},
				"south": {"uv": [9, 2, 9.5, 3.5], "texture": "#rail"},
				"west": {"uv": [8, 8, 8.5, 9.5], "texture": "#rail"},
				"up": {"uv": [6.5, 4.5, 7, 5], "texture": "#rail"},
				"down": {"uv": [7, 5.5, 7.5, 6], "texture": "#rail"}
			}
		},
		{
			"from": [2.2, -1, 9.7],
			"to": [2.5, 0.5, 10],
			"rotation": {"angle": 45, "axis": "z", "origin": [0, 0, 0]},
			"faces": {
				"north": {"uv": [9.5, 8, 10, 9.5], "texture": "#rail"},
				"east": {"uv": [8.5, 5.5, 9, 7], "texture": "#rail"},
				"south": {"uv": [9, 2, 9.5, 3.5], "texture": "#rail"},
				"west": {"uv": [8, 8, 8.5, 9.5], "texture": "#rail"},
				"up": {"uv": [6.5, 4.5, 7, 5], "texture": "#rail"},
				"down": {"uv": [7, 5.5, 7.5, 6], "texture": "#rail"}
			}
		},
		{
			"from": [3.5, -3.4, 9.3],
			"to": [3.8, -1.9, 9.6],
			"rotation": {"angle": -22.5, "axis": "x", "origin": [0, 0, 0]},
			"faces": {
				"north": {"uv": [9.5, 8, 10, 9.5], "texture": "#rail"},
				"east": {"uv": [8.5, 5.5, 9, 7], "texture": "#rail"},
				"south": {"uv": [9, 2, 9.5, 3.5], "texture": "#rail"},
				"west": {"uv": [8, 8, 8.5, 9.5], "texture": "#rail"},
				"up": {"uv": [6.5, 4.5, 7, 5], "texture": "#rail"},
				"down": {"uv": [7, 5.5, 7.5, 6], "texture": "#rail"}
			}
		},
		{
			"from": [5.4, 0.1, 0.1],
			"to": [5.7, 1.6, 0.4],
			"rotation": {"angle": -45, "axis": "y", "origin": [0, 0, 0]},
			"faces": {
				"north": {"uv": [9.5, 8, 10, 9.5], "texture": "#rail"},
				"east": {"uv": [8.5, 5.5, 9, 7], "texture": "#rail"},
				"south": {"uv": [9, 2, 9.5, 3.5], "texture": "#rail"},
				"west": {"uv": [8, 8, 8.5, 9.5], "texture": "#rail"},
				"up": {"uv": [6.5, 4.5, 7, 5], "texture": "#rail"},
				"down": {"uv": [7, 5.5, 7.5, 6], "texture": "#rail"}
			}
		},
		{
			"from": [11.4, 0.1, -6],
			"to": [11.7, 1.6, -5.7],
			"rotation": {"angle": -45, "axis": "y", "origin": [0, 0, 0]},
			"faces": {
				"north": {"uv": [9.5, 8, 10, 9.5], "texture": "#rail"},
				"east": {"uv": [8.5, 5.5, 9, 7], "texture": "#rail"},
				"south": {"uv": [9, 2, 9.5, 3.5], "texture": "#rail"},
				"west": {"uv": [8, 8, 8.5, 9.5], "texture": "#rail"},
				"up": {"uv": [6.5, 4.5, 7, 5], "texture": "#rail"},
				"down": {"uv": [7, 5.5, 7.5, 6], "texture": "#rail"}
			}
		},
		{
			"from": [12.4, 0.1, -7],
			"to": [12.7, 1.6, -6.7],
			"rotation": {"angle": -45, "axis": "y", "origin": [0, 0, 0]},
			"faces": {
				"north": {"uv": [9.5, 8, 10, 9.5], "texture": "#rail"},
				"east": {"uv": [8.5, 5.5, 9, 7], "texture": "#rail"},
				"south": {"uv": [9, 2, 9.5, 3.5], "texture": "#rail"},
				"west": {"uv": [8, 8, 8.5, 9.5], "texture": "#rail"},
				"up": {"uv": [6.5, 4.5, 7, 5], "texture": "#rail"},
				"down": {"uv": [7, 5.5, 7.5, 6], "texture": "#rail"}
			}
		},
		{
			"from": [3.5, 0, 16.4],
			"to": [3.8, 0.3, 17.9],
			"rotation": {"angle": 45, "axis": "y", "origin": [0, 0, 0]},
			"faces": {
				"north": {"uv": [7, 5.5, 7.5, 6], "rotation": 180, "texture": "#rail"},
				"east": {"uv": [8.5, 5.5, 9, 7], "rotation": 270, "texture": "#rail"},
				"south": {"uv": [6.5, 4.5, 7, 5], "texture": "#rail"},
				"west": {"uv": [8, 8, 8.5, 9.5], "rotation": 90, "texture": "#rail"},
				"up": {"uv": [9.5, 8, 10, 9.5], "rotation": 180, "texture": "#rail"},
				"down": {"uv": [9, 2, 9.5, 3.5], "texture": "#rail"}
			}
		},
		{
			"from": [11.1, 5.7, 10.5],
			"to": [11.4, 6, 12],
			"rotation": {"angle": 22.5, "axis": "x", "origin": [0, 0, 0]},
			"faces": {
				"north": {"uv": [6.5, 4.5, 7, 5], "rotation": 180, "texture": "#rail"},
				"east": {"uv": [8.5, 5.5, 9, 7], "rotation": 90, "texture": "#rail"},
				"south": {"uv": [7, 5.5, 7.5, 6], "texture": "#rail"},
				"west": {"uv": [8, 8, 8.5, 9.5], "rotation": 270, "texture": "#rail"},
				"up": {"uv": [9, 2, 9.5, 3.5], "texture": "#rail"},
				"down": {"uv": [9.5, 8, 10, 9.5], "rotation": 180, "texture": "#rail"}
			}
		},
		{
			"from": [12, 1.2, 1],
			"to": [14, 1.6, 1.4],
			"rotation": {"angle": -22.5, "axis": "x", "origin": [0, 0, 0]},
			"faces": {
				"north": {"uv": [5, 6.5, 7, 7], "rotation": 180, "texture": "#rail"},
				"east": {"uv": [7.5, 6, 8, 6.5], "rotation": 270, "texture": "#rail"},
				"south": {"uv": [6.5, 4, 8.5, 4.5], "texture": "#rail"},
				"west": {"uv": [8, 5.5, 8.5, 6], "rotation": 90, "texture": "#rail"},
				"up": {"uv": [6, 6, 8, 6.5], "rotation": 180, "texture": "#rail"},
				"down": {"uv": [6.5, 5, 8.5, 5.5], "texture": "#rail"}
			}
		},
		{
			"from": [2, 1.7, 0.3],
			"to": [4, 2.1, 0.7],
			"faces": {
				"north": {"uv": [5, 6.5, 7, 7], "rotation": 180, "texture": "#rail"},
				"east": {"uv": [7.5, 6, 8, 6.5], "rotation": 270, "texture": "#rail"},
				"south": {"uv": [6.5, 4, 8.5, 4.5], "texture": "#rail"},
				"west": {"uv": [8, 5.5, 8.5, 6], "rotation": 90, "texture": "#rail"},
				"up": {"uv": [6, 6, 8, 6.5], "rotation": 180, "texture": "#rail"},
				"down": {"uv": [6.5, 5, 8.5, 5.5], "texture": "#rail"}
			}
		},
		{
			"from": [1.9, 12.1, 9.4],
			"to": [3.9, 12.5, 9.8],
			"rotation": {"angle": 45, "axis": "x", "origin": [0, 0, 0]},
			"faces": {
				"north": {"uv": [6, 6, 8, 6.5], "texture": "#rail"},
				"east": {"uv": [7.5, 6, 8, 6.5], "texture": "#rail"},
				"south": {"uv": [6.5, 5, 8.5, 5.5], "texture": "#rail"},
				"west": {"uv": [8, 5.5, 8.5, 6], "texture": "#rail"},
				"up": {"uv": [6.5, 4, 8.5, 4.5], "texture": "#rail"},
				"down": {"uv": [5, 6.5, 7, 7], "texture": "#rail"}
			}
		}
	],
	"display": {
		"thirdperson_righthand": {
			"rotation": [91, 3, -90],
			"translation": [5.3, -1.5, 2]
		},
		"thirdperson_lefthand": {
			"rotation": [90, 0, -90],
			"translation": [5.4, -1.5, 2]
		},
		"firstperson_righthand": {
			"rotation": [40, 0, 80],
			"translation": [-6.2, 4, 2.8],
			"scale": [0.8, 0.8, 0.8]
		},
		"firstperson_lefthand": {
			"rotation": [40, 0, 80],
			"translation": [-3.5, 4, 2.8],
			"scale": [0.8, 0.8, 0.8]
		},
		"ground": {
			"translation": [0, 1.8, 0],
			"scale": [0.5, 0.5, 0.5]
		},
		"gui": {
			"rotation": [30, 225, 0],
			"scale": [0.625, 0.625, 0.625]
		},
		"fixed": {
			"rotation": [-90, 0, 0],
			"translation": [0, 0, -7.5]
		}
	}
}