{
	"credit": "Made with Blockbench",
	"ambientocclusion": false,
	"textures": {
		"rail": "block/custom_rail_rails",
		"plank": "block/rail_sleeper"
	},
	"elements": [
		{
			"name": "rail_west_top",
			"from": [2.5, 1.2, 0],
			"to": [3.5, 2.5, 16],
			"faces": {
				"north": {"uv": [9, 13, 10, 14.5], "rotation": 180, "texture": "#rail"},
				"east": {"uv": [13.5, 0, 15, 16], "rotation": 270, "texture": "#rail"},
				"south": {"uv": [7.5, 8.5, 8.5, 10], "texture": "#rail"},
				"west": {"uv": [2.5, 0, 1, 16], "rotation": 90, "texture": "#rail"},
				"up": {"uv": [12.5, 0, 13.5, 16], "texture": "#rail"},
				"down": {"uv": [8.5, 0, 9.5, 16], "texture": "#rail"}
			}
		},
		{
			"name": "rail_east_top",
			"from": [12.5, 1.2, 0],
			"to": [13.5, 2.5, 16],
			"faces": {
				"north": {"uv": [6.5, 12, 7.5, 13.5], "texture": "#rail"},
				"east": {"uv": [11, 0, 12.5, 16], "rotation": 270, "texture": "#rail"},
				"south": {"uv": [7.5, 10, 8.5, 11.5], "texture": "#rail"},
				"west": {"uv": [5, 0, 3.5, 16], "rotation": 90, "texture": "#rail"},
				"up": {"uv": [2.5, 0, 3.5, 16], "rotation": 180, "texture": "#rail"},
				"down": {"uv": [6.5, 0, 7.5, 16], "rotation": 180, "texture": "#rail"}
			}
		},
		{
			"name": "plank_1_thin",
			"from": [0.5, 0, 1.2],
			"to": [15.5, 1, 3.4],
			"faces": {
				"north": {"uv": [0.5, 4.5, 15.5, 5.5], "rotation": 180, "texture": "#plank"},
				"east": {"uv": [9.5, 12, 10.5, 14], "rotation": 90, "texture": "#plank"},
				"south": {"uv": [15.5, 8.5, 0.5, 7.5], "rotation": 180, "texture": "#plank"},
				"west": {"uv": [13.5, 6.5, 14.5, 8.5], "rotation": 270, "texture": "#plank"},
				"up": {"uv": [0.5, 6, 15.5, 8], "texture": "#plank"},
				"down": {"uv": [0.5, 6.5, 15.5, 8.5], "rotation": 180, "texture": "#plank"}
			}
		},
		{
			"name": "plank_2_thin",
			"from": [0.2, 0, 6.7],
			"to": [15.2, 1, 8.8],
			"faces": {
				"north": {"uv": [0.5, 8, 15.5, 9], "rotation": 180, "texture": "#plank"},
				"east": {"uv": [3.5, 4, 4.5, 6], "rotation": 90, "texture": "#plank"},
				"south": {"uv": [15.5, 14, 0.5, 13], "rotation": 180, "texture": "#plank"},
				"west": {"uv": [6.5, 4.5, 7.5, 6.5], "rotation": 270, "texture": "#plank"},
				"up": {"uv": [0.5, 9, 15.5, 11], "texture": "#plank"},
				"down": {"uv": [0.5, 8.5, 15.5, 10.5], "rotation": 180, "texture": "#plank"}
			}
		},
		{
			"name": "plank_4_thin",
			"from": [0.5, 0, 13.1],
			"to": [15.5, 1, 15],
			"faces": {
				"north": {"uv": [0.5, 13.5, 15.5, 12.5], "rotation": 180, "texture": "#plank"},
				"east": {"uv": [1, 10.5, 2, 12.5], "rotation": 90, "texture": "#plank"},
				"south": {"uv": [15.5, 11.5, 0.5, 10.5], "rotation": 180, "texture": "#plank"},
				"west": {"uv": [7, 11.5, 8, 13.5], "rotation": 270, "texture": "#plank"},
				"up": {"uv": [0.5, 14, 15.5, 16], "texture": "#plank"},
				"down": {"uv": [0.5, 13.5, 15.5, 15.5], "rotation": 180, "texture": "#plank"}
			}
		},
		{
			"from": [1.5, 1, 1.5],
			"to": [4.6, 1.2, 2.5],
			"faces": {
				"north": {"uv": [5.5, 7, 8.5, 7.5], "texture": "#rail"},
				"east": {"uv": [9, 5.5, 10, 6], "texture": "#rail"},
				"south": {"uv": [5.5, 13, 8.5, 13.5], "texture": "#rail"},
				"west": {"uv": [5.5, 7.5, 6.5, 8], "texture": "#rail"},
				"up": {"uv": [6.5, 0.5, 9.5, 1.5], "texture": "#rail"},
				"down": {"uv": [0, 0, 3, 1], "texture": "#rail"}
			}
		},
		{
			"from": [1.45, 1, 7.1],
			"to": [4.75, 1.2, 8.2],
			"faces": {
				"north": {"uv": [5.5, 8, 8.5, 8.5], "texture": "#rail"},
				"east": {"uv": [7, 2.5, 8, 3], "texture": "#rail"},
				"south": {"uv": [7.5, 11.5, 10.5, 12], "texture": "#rail"},
				"west": {"uv": [6, 7.5, 7, 8], "texture": "#rail"},
				"up": {"uv": [6, 8, 9, 9], "texture": "#rail"},
				"down": {"uv": [0, 0, 3, 1], "texture": "#rail"}
			}
		},
		{
			"from": [1.5, 1, 13.4],
			"to": [4.5, 1.2, 14.5],
			"faces": {
				"north": {"uv": [8, 7.5, 11, 8], "texture": "#rail"},
				"east": {"uv": [9, 7.5, 10, 8], "texture": "#rail"},
				"south": {"uv": [6, 5, 9, 5.5], "texture": "#rail"},
				"west": {"uv": [7, 3, 8, 3.5], "texture": "#rail"},
				"up": {"uv": [7, 11, 10, 12], "texture": "#rail"},
				"down": {"uv": [0, 0, 3, 1], "texture": "#rail"}
			}
		},
		{
			"from": [11.5, 1, 13.6],
			"to": [14.5, 1.2, 14.5],
			"faces": {
				"north": {"uv": [6, 8.5, 9, 9], "texture": "#rail"},
				"east": {"uv": [7.5, 4.5, 8.5, 5], "texture": "#rail"},
				"south": {"uv": [6, 13.5, 9, 14], "texture": "#rail"},
				"west": {"uv": [7.5, 1, 8.5, 1.5], "texture": "#rail"},
				"up": {"uv": [6.5, 2, 9.5, 3], "texture": "#rail"},
				"down": {"uv": [0, 0, 3, 1], "texture": "#rail"}
			}
		},
		{
			"from": [11.5, 1, 7.5],
			"to": [14.4, 1.2, 8.5],
			"faces": {
				"north": {"uv": [5.5, 8, 8.5, 8.5], "texture": "#rail"},
				"east": {"uv": [8, 6, 9, 6.5], "texture": "#rail"},
				"south": {"uv": [7, 12.5, 10, 13], "texture": "#rail"},
				"west": {"uv": [7.5, 7, 8.5, 7.5], "texture": "#rail"},
				"up": {"uv": [6, 1.5, 9, 2.5], "texture": "#rail"},
				"down": {"uv": [0, 0, 3, 1], "texture": "#rail"}
			}
		},
		{
			"from": [11.5, 1, 1.5],
			"to": [14.6, 1.2, 2.5],
			"faces": {
				"north": {"uv": [7.5, 1, 10.5, 1.5], "texture": "#rail"},
				"east": {"uv": [6.5, 3.5, 7.5, 4], "texture": "#rail"},
				"south": {"uv": [7.5, 1, 10.5, 1.5], "texture": "#rail"},
				"west": {"uv": [8, 5, 9, 5.5], "texture": "#rail"},
				"up": {"uv": [5, 6, 8, 7], "texture": "#rail"},
				"down": {"uv": [0, 0, 3, 1], "texture": "#rail"}
			}
		},
		{
			"from": [13.5, 1.5, -1],
			"to": [13.7, 2.3, 1],
			"faces": {
				"north": {"uv": [6, 8, 6.5, 9], "texture": "#rail"},
				"east": {"uv": [6, 2, 8, 3], "texture": "#rail"},
				"south": {"uv": [6.5, 1, 7, 2], "texture": "#rail"},
				"west": {"uv": [5, 9.5, 7, 10.5], "texture": "#rail"},
				"up": {"uv": [8.5, 6.5, 9, 8.5], "texture": "#rail"},
				"down": {"uv": [7, 1.5, 7.5, 3.5], "texture": "#rail"}
			}
		},
		{
			"from": [12.3, 1.5, -0.9],
			"to": [12.5, 2.3, 1.1],
			"faces": {
				"north": {"uv": [6, 8, 6.5, 9], "texture": "#rail"},
				"east": {"uv": [6, 2, 8, 3], "texture": "#rail"},
				"south": {"uv": [6.5, 1, 7, 2], "texture": "#rail"},
				"west": {"uv": [5, 9.5, 7, 10.5], "texture": "#rail"},
				"up": {"uv": [8.5, 6.5, 9, 8.5], "texture": "#rail"},
				"down": {"uv": [7, 1.5, 7.5, 3.5], "texture": "#rail"}
			}
		},
		{
			"from": [2.3, 1.5, 15],
			"to": [2.5, 2.3, 17],
			"faces": {
				"north": {"uv": [6, 8, 6.5, 9], "texture": "#rail"},
				"east": {"uv": [6, 2, 8, 3], "texture": "#rail"},
				"south": {"uv": [6.5, 1, 7, 2], "texture": "#rail"},
				"west": {"uv": [5, 9.5, 7, 10.5], "texture": "#rail"},
				"up": {"uv": [8.5, 6.5, 9, 8.5], "texture": "#rail"},
				"down": {"uv": [7, 1.5, 7.5, 3.5], "texture": "#rail"}
			}
		},
		{
			"from": [3.5, 1.5, 14.9],
			"to": [3.7, 2.3, 17],
			"faces": {
				"north": {"uv": [6, 8, 6.5, 9], "texture": "#rail"},
				"east": {"uv": [6, 2, 8, 3], "texture": "#rail"},
				"south": {"uv": [6.5, 1, 7, 2], "texture": "#rail"},
				"west": {"uv": [5, 9.5, 7, 10.5], "texture": "#rail"},
				"up": {"uv": [8.5, 6.5, 9, 8.5], "texture": "#rail"},
				"down": {"uv": [7, 1.5, 7.5, 3.5], "texture": "#rail"}
			}
		},
		{
			"from": [2.9, 0.1, -0.3],
			"to": [3.2, 1.6, 0],
			"rotation": {"angle": -45, "axis": "y", "origin": [0, 0, 0]},
			"faces": {
				"north": {"uv": [9.5, 8, 10, 9.5], "texture": "#rail"},
				"east": {"uv": [8.5, 5.5, 9, 7], "texture": "#rail"},
				"south": {"uv": [9, 2, 9.5, 3.5], "texture": "#rail"},
				"west": {"uv": [8, 8, 8.5, 9.5], "texture": "#rail"},
				"up": {"uv": [6.5, 4.5, 7, 5], "texture": "#rail"},
				"down": {"uv": [7, 5.5, 7.5, 6], "texture": "#rail"}
			}
		},
		{
			"from": [4.9, 0.2, 6.1],
			"to": [5.2, 1.7, 6.4],
			"rotation": {"angle": -22.5, "axis": "y", "origin": [0, 0, 0]},
			"faces": {
				"north": {"uv": [9.5, 8, 10, 9.5], "texture": "#rail"},
				"east": {"uv": [8.5, 5.5, 9, 7], "texture": "#rail"},
				"south": {"uv": [9, 2, 9.5, 3.5], "texture": "#rail"},
				"west": {"uv": [8, 8, 8.5, 9.5], "texture": "#rail"},
				"up": {"uv": [6.5, 4.5, 7, 5], "texture": "#rail"},
				"down": {"uv": [7, 5.5, 7.5, 6], "texture": "#rail"}
			}
		},
		{
			"from": [3.5, 0, 13.9],
			"to": [3.8, 1.5, 14.2],
			"faces": {
				"north": {"uv": [8, 8, 8.5, 9.5], "texture": "#rail"},
				"east": {"uv": [9.5, 8, 10, 9.5], "texture": "#rail"},
				"south": {"uv": [8.5, 5.5, 9, 7], "texture": "#rail"},
				"west": {"uv": [9, 2, 9.5, 3.5], "texture": "#rail"},
				"up": {"uv": [6.5, 4.5, 7, 5], "rotation": 90, "texture": "#rail"},
				"down": {"uv": [7, 5.5, 7.5, 6], "rotation": 270, "texture": "#rail"}
			}
		},
		{
			"from": [7.9, 0, 2.7],
			"to": [8.2, 1.5, 3],
			"rotation": {"angle": -45, "axis": "y", "origin": [0, 0, 0]},
			"faces": {
				"north": {"uv": [9.5, 8, 10, 9.5], "texture": "#rail"},
				"east": {"uv": [8.5, 5.5, 9, 7], "texture": "#rail"},
				"south": {"uv": [9, 2, 9.5, 3.5], "texture": "#rail"},
				"west": {"uv": [8, 8, 8.5, 9.5], "texture": "#rail"},
				"up": {"uv": [6.5, 4.5, 7, 5], "texture": "#rail"},
				"down": {"uv": [7, 5.5, 7.5, 6], "texture": "#rail"}
			}
		},
		{
			"from": [3.9, 0.1, -1.4],
			"to": [4.2, 1.6, -1.1],
			"rotation": {"angle": -45, "axis": "y", "origin": [0, 0, 0]},
			"faces": {
				"north": {"uv": [9.5, 8, 10, 9.5], "texture": "#rail"},
				"east": {"uv": [8.5, 5.5, 9, 7], "texture": "#rail"},
				"south": {"uv": [9, 2, 9.5, 3.5], "texture": "#rail"},
				"west": {"uv": [8, 8, 8.5, 9.5], "texture": "#rail"},
				"up": {"uv": [6.5, 4.5, 7, 5], "texture": "#rail"},
				"down": {"uv": [7, 5.5, 7.5, 6], "texture": "#rail"}
			}
		},
		{
			"from": [9.9, 0.1, -7.4],
			"to": [10.2, 1.6, -7.1],
			"rotation": {"angle": -45, "axis": "y", "origin": [0, 0, 0]},
			"faces": {
				"north": {"uv": [9.5, 8, 10, 9.5], "texture": "#rail"},
				"east": {"uv": [8.5, 5.5, 9, 7], "texture": "#rail"},
				"south": {"uv": [9, 2, 9.5, 3.5], "texture": "#rail"},
				"west": {"uv": [8, 8, 8.5, 9.5], "texture": "#rail"},
				"up": {"uv": [6.5, 4.5, 7, 5], "texture": "#rail"},
				"down": {"uv": [7, 5.5, 7.5, 6], "texture": "#rail"}
			}
		},
		{
			"from": [11, 0.1, -8.4],
			"to": [11.3, 1.6, -8.1],
			"rotation": {"angle": -45, "axis": "y", "origin": [0, 0, 0]},
			"faces": {
				"north": {"uv": [9.5, 8, 10, 9.5], "texture": "#rail"},
				"east": {"uv": [8.5, 5.5, 9, 7], "texture": "#rail"},
				"south": {"uv": [9, 2, 9.5, 3.5], "texture": "#rail"},
				"west": {"uv": [8, 8, 8.5, 9.5], "texture": "#rail"},
				"up": {"uv": [6.5, 4.5, 7, 5], "texture": "#rail"},
				"down": {"uv": [7, 5.5, 7.5, 6], "texture": "#rail"}
			}
		},
		{
			"from": [15.2, 0, -4.2],
			"to": [15.5, 1.5, -3.9],
			"rotation": {"angle": -45, "axis": "y", "origin": [0, 0, 0]},
			"faces": {
				"north": {"uv": [9.5, 8, 10, 9.5], "texture": "#rail"},
				"east": {"uv": [8.5, 5.5, 9, 7], "texture": "#rail"},
				"south": {"uv": [9, 2, 9.5, 3.5], "texture": "#rail"},
				"west": {"uv": [8, 8, 8.5, 9.5], "texture": "#rail"},
				"up": {"uv": [6.5, 4.5, 7, 5], "texture": "#rail"},
				"down": {"uv": [7, 5.5, 7.5, 6], "texture": "#rail"}
			}
		},
		{
			"from": [14.2, 0.1, -3.2],
			"to": [14.5, 1.6, -2.9],
			"rotation": {"angle": -45, "axis": "y", "origin": [0, 0, 0]},
			"faces": {
				"north": {"uv": [9.5, 8, 10, 9.5], "texture": "#rail"},
				"east": {"uv": [8.5, 5.5, 9, 7], "texture": "#rail"},
				"south": {"uv": [9, 2, 9.5, 3.5], "texture": "#rail"},
				"west": {"uv": [8, 8, 8.5, 9.5], "texture": "#rail"},
				"up": {"uv": [6.5, 4.5, 7, 5], "texture": "#rail"},
				"down": {"uv": [7, 5.5, 7.5, 6], "texture": "#rail"}
			}
		},
		{
			"from": [19.5, 0.1, 0.1],
			"to": [19.8, 1.6, 0.4],
			"rotation": {"angle": -45, "axis": "y", "origin": [0, 0, 0]},
			"faces": {
				"north": {"uv": [9.5, 8, 10, 9.5], "texture": "#rail"},
				"east": {"uv": [8.5, 5.5, 9, 7], "texture": "#rail"},
				"south": {"uv": [9, 2, 9.5, 3.5], "texture": "#rail"},
				"west": {"uv": [8, 8, 8.5, 9.5], "texture": "#rail"},
				"up": {"uv": [6.5, 4.5, 7, 5], "texture": "#rail"},
				"down": {"uv": [7, 5.5, 7.5, 6], "texture": "#rail"}
			}
		},
		{
			"from": [5.8, 0, 17.5],
			"to": [6.1, 1.5, 17.8],
			"rotation": {"angle": 22.5, "axis": "y", "origin": [0, 0, 0]},
			"faces": {
				"north": {"uv": [8, 8, 8.5, 9.5], "texture": "#rail"},
				"east": {"uv": [9.5, 8, 10, 9.5], "texture": "#rail"},
				"south": {"uv": [8.5, 5.5, 9, 7], "texture": "#rail"},
				"west": {"uv": [9, 2, 9.5, 3.5], "texture": "#rail"},
				"up": {"uv": [6.5, 4.5, 7, 5], "rotation": 90, "texture": "#rail"},
				"down": {"uv": [7, 5.5, 7.5, 6], "rotation": 270, "texture": "#rail"}
			}
		},
		{
			"from": [12.1, 1.4, 1],
			"to": [14, 1.8, 1.4],
			"rotation": {"angle": -22.5, "axis": "x", "origin": [0, 0, 0]},
			"faces": {
				"north": {"uv": [5, 6.5, 7, 7], "rotation": 180, "texture": "#rail"},
				"east": {"uv": [7.5, 6, 8, 6.5], "rotation": 270, "texture": "#rail"},
				"south": {"uv": [6.5, 4, 8.5, 4.5], "texture": "#rail"},
				"west": {"uv": [8, 5.5, 8.5, 6], "rotation": 90, "texture": "#rail"},
				"up": {"uv": [6, 6, 8, 6.5], "rotation": 180, "texture": "#rail"},
				"down": {"uv": [6.5, 5, 8.5, 5.5], "texture": "#rail"}
			}
		},
		{
			"from": [1.9, 1.5, -1.1],
			"to": [4, 1.9, -0.7],
			"rotation": {"angle": 45, "axis": "x", "origin": [0, 0, 0]},
			"faces": {
				"north": {"uv": [6, 6, 8, 6.5], "texture": "#rail"},
				"east": {"uv": [7.5, 6, 8, 6.5], "texture": "#rail"},
				"south": {"uv": [6.5, 5, 8.5, 5.5], "texture": "#rail"},
				"west": {"uv": [8, 5.5, 8.5, 6], "texture": "#rail"},
				"up": {"uv": [6.5, 4, 8.5, 4.5], "texture": "#rail"},
				"down": {"uv": [5, 6.5, 7, 7], "texture": "#rail"}
			}
		},
		{
			"from": [2, 1.7, 15.3],
			"to": [4, 2.1, 15.7],
			"faces": {
				"north": {"uv": [5, 6.5, 7, 7], "rotation": 180, "texture": "#rail"},
				"east": {"uv": [7.5, 6, 8, 6.5], "rotation": 270, "texture": "#rail"},
				"south": {"uv": [6.5, 4, 8.5, 4.5], "texture": "#rail"},
				"west": {"uv": [8, 5.5, 8.5, 6], "rotation": 90, "texture": "#rail"},
				"up": {"uv": [6, 6, 8, 6.5], "rotation": 180, "texture": "#rail"},
				"down": {"uv": [6.5, 5, 8.5, 5.5], "texture": "#rail"}
			}
		},
		{
			"from": [12.1, 12.1, 9.4],
			"to": [14.1, 12.5, 9.8],
			"rotation": {"angle": 45, "axis": "x", "origin": [0, 0, 0]},
			"faces": {
				"north": {"uv": [6, 6, 8, 6.5], "texture": "#rail"},
				"east": {"uv": [7.5, 6, 8, 6.5], "texture": "#rail"},
				"south": {"uv": [6.5, 5, 8.5, 5.5], "texture": "#rail"},
				"west": {"uv": [8, 5.5, 8.5, 6], "texture": "#rail"},
				"up": {"uv": [6.5, 4, 8.5, 4.5], "texture": "#rail"},
				"down": {"uv": [5, 6.5, 7, 7], "texture": "#rail"}
			}
		}
	],
	"display": {
		"thirdperson_righthand": {
			"rotation": [91, 3, -90],
			"translation": [5.3, -1.5, 2]
		},
		"thirdperson_lefthand": {
			"rotation": [90, 0, -90],
			"translation": [5.4, -1.5, 2]
		},
		"firstperson_righthand": {
			"rotation": [40, 0, 80],
			"translation": [-6.2, 4, 2.8],
			"scale": [0.8, 0.8, 0.8]
		},
		"firstperson_lefthand": {
			"rotation": [40, 0, 80],
			"translation": [-3.5, 4, 2.8],
			"scale": [0.8, 0.8, 0.8]
		},
		"ground": {
			"translation": [0, 1.8, 0],
			"scale": [0.5, 0.5, 0.5]
		},
		"gui": {
			"rotation": [30, 225, 0],
			"scale": [0.625, 0.625, 0.625]
		},
		"fixed": {
			"rotation": [-90, 0, 0],
			"translation": [0, 0, -7.5]
		}
	}
}