{
	"format_version": "1.21.6",
	"textures": {
		"0": "block/enchanting_table_bottom",
		"1": "block/enchanting_table_side",
		"2": "block/enchanting_table_top",
		"particle": "block/enchanting_table_bottom"
	},
	"elements": [
		{
			"name": "Mainblock",
			"from": [0, 0, 0],
			"to": [16, 11, 16],
			"faces": {
				"north": {"uv": [0, 5, 16, 16], "texture": "#1"},
				"east": {"uv": [0, 5, 16, 16], "texture": "#1"},
				"south": {"uv": [0, 5, 16, 16], "texture": "#1"},
				"west": {"uv": [0, 5, 16, 16], "texture": "#1"},
				"up": {"uv": [0, 0, 16, 16], "texture": "#2"},
				"down": {"uv": [0, 0, 16, 16], "texture": "#0"}
			}
		},
		{
			"from": [-0.5, 11, -0.5],
			"to": [16.5, 11.5, 16.5],
			"rotation": {"angle": 0, "axis": "y", "origin": [8, 9, 8]},
			"faces": {
				"north": {"uv": [0.5, 0, 15.5, 0.5], "texture": "#2"},
				"east": {"uv": [0.5, 0, 15.5, 0.5], "texture": "#2"},
				"south": {"uv": [0.5, 0, 15.5, 0.5], "texture": "#2"},
				"west": {"uv": [0.5, 0, 15.5, 0.5], "texture": "#2"},
				"up": {"uv": [0, 0, 16, 16], "texture": "#2"}
			}
		},
		{
			"from": [-0.5, 10, 4],
			"to": [0, 11, 12],
			"rotation": {"angle": 0, "axis": "y", "origin": [8, 9, 8]},
			"faces": {
				"west": {"uv": [4, 5, 12, 6], "texture": "#1"},
				"down": {"uv": [4, 5, 12, 5.5], "rotation": 90, "texture": "#1"}
			}
		},
		{
			"from": [-0.5, 9, 5],
			"to": [0, 10, 11],
			"rotation": {"angle": 0, "axis": "y", "origin": [8, 9, 8]},
			"faces": {
				"north": {"uv": [5, 6, 6, 7], "texture": "#1"},
				"south": {"uv": [10, 6, 11, 7], "texture": "#1"},
				"west": {"uv": [5, 6, 11, 7], "texture": "#1"},
				"down": {"uv": [5, 6, 11, 6.5], "rotation": 90, "texture": "#1"}
			}
		},
		{
			"from": [-0.5, 8, 6],
			"to": [0, 9, 10],
			"rotation": {"angle": 0, "axis": "y", "origin": [8, 9, 8]},
			"faces": {
				"north": {"uv": [6, 7, 7, 8], "texture": "#1"},
				"south": {"uv": [9, 7, 10, 8], "texture": "#1"},
				"west": {"uv": [6, 7, 10, 8], "texture": "#1"},
				"down": {"uv": [6, 7, 10, 7.5], "rotation": 90, "texture": "#1"}
			}
		},
		{
			"from": [-0.5, 7, 7],
			"to": [0, 8, 9],
			"rotation": {"angle": 0, "axis": "y", "origin": [8, 9, 8]},
			"faces": {
				"north": {"uv": [7, 8, 8, 9], "texture": "#1"},
				"south": {"uv": [8, 8, 9, 9], "texture": "#1"},
				"west": {"uv": [7, 8, 9, 9], "texture": "#1"},
				"down": {"uv": [7, 8, 9, 8.5], "rotation": 90, "texture": "#1"}
			}
		},
		{
			"from": [4, 10, -0.5],
			"to": [12, 11, 0],
			"rotation": {"angle": 0, "axis": "y", "origin": [8, 9, 8]},
			"faces": {
				"north": {"uv": [4, 5, 12, 6], "texture": "#1"},
				"down": {"uv": [4, 5, 12, 5.5], "texture": "#1"}
			}
		},
		{
			"from": [5, 9, -0.5],
			"to": [11, 10, 0],
			"rotation": {"angle": 0, "axis": "y", "origin": [8, 9, 8]},
			"faces": {
				"north": {"uv": [5, 6, 11, 7], "texture": "#1"},
				"east": {"uv": [5, 6, 6, 7], "texture": "#1"},
				"west": {"uv": [10, 6, 11, 7], "texture": "#1"},
				"down": {"uv": [5, 6, 11, 6.5], "texture": "#1"}
			}
		},
		{
			"from": [6, 8, -0.5],
			"to": [10, 9, 0],
			"rotation": {"angle": 0, "axis": "y", "origin": [8, 9, 8]},
			"faces": {
				"north": {"uv": [6, 7, 10, 8], "texture": "#1"},
				"east": {"uv": [6, 7, 7, 8], "texture": "#1"},
				"west": {"uv": [9, 7, 10, 8], "texture": "#1"},
				"down": {"uv": [6, 7, 10, 7.5], "texture": "#1"}
			}
		},
		{
			"from": [7, 7, -0.5],
			"to": [9, 8, 0],
			"rotation": {"angle": 0, "axis": "y", "origin": [8, 9, 8]},
			"faces": {
				"north": {"uv": [7, 8, 9, 9], "texture": "#1"},
				"east": {"uv": [7, 8, 8, 9], "texture": "#1"},
				"west": {"uv": [8, 8, 9, 9], "texture": "#1"},
				"down": {"uv": [7, 8, 9, 8.5], "texture": "#1"}
			}
		},
		{
			"from": [4, 10, 16],
			"to": [12, 11, 16.5],
			"rotation": {"angle": 0, "axis": "y", "origin": [8, 9, 8]},
			"faces": {
				"south": {"uv": [4, 5, 12, 6], "texture": "#1"},
				"down": {"uv": [4, 5, 12, 5.5], "rotation": 180, "texture": "#1"}
			}
		},
		{
			"from": [5, 9, 16],
			"to": [11, 10, 16.5],
			"rotation": {"angle": 0, "axis": "y", "origin": [8, 9, 8]},
			"faces": {
				"east": {"uv": [10, 6, 11, 7], "texture": "#1"},
				"south": {"uv": [5, 6, 11, 7], "texture": "#1"},
				"west": {"uv": [5, 6, 6, 7], "texture": "#1"},
				"down": {"uv": [5, 6, 11, 6.5], "rotation": 180, "texture": "#1"}
			}
		},
		{
			"from": [6, 8, 16],
			"to": [10, 9, 16.5],
			"rotation": {"angle": 0, "axis": "y", "origin": [8, 9, 8]},
			"faces": {
				"east": {"uv": [9, 7, 10, 8], "texture": "#1"},
				"south": {"uv": [6, 7, 10, 8], "texture": "#1"},
				"west": {"uv": [6, 7, 7, 8], "texture": "#1"},
				"down": {"uv": [6, 7, 10, 7.5], "rotation": 180, "texture": "#1"}
			}
		},
		{
			"from": [7, 7, 16],
			"to": [9, 8, 16.5],
			"rotation": {"angle": 0, "axis": "y", "origin": [8, 9, 8]},
			"faces": {
				"east": {"uv": [8, 8, 9, 9], "texture": "#1"},
				"south": {"uv": [7, 8, 9, 9], "texture": "#1"},
				"west": {"uv": [7, 8, 8, 9], "texture": "#1"},
				"down": {"uv": [7, 8, 9, 8.5], "rotation": 180, "texture": "#1"}
			}
		},
		{
			"from": [16, 10, 4],
			"to": [16.5, 11, 12],
			"rotation": {"angle": 0, "axis": "y", "origin": [8, 9, 8]},
			"faces": {
				"east": {"uv": [4, 5, 12, 6], "texture": "#1"},
				"down": {"uv": [4, 5, 12, 5.5], "rotation": 270, "texture": "#1"}
			}
		},
		{
			"from": [16, 9, 5],
			"to": [16.5, 10, 11],
			"rotation": {"angle": 0, "axis": "y", "origin": [8, 9, 8]},
			"faces": {
				"north": {"uv": [10, 6, 11, 7], "texture": "#1"},
				"east": {"uv": [5, 6, 11, 7], "texture": "#1"},
				"south": {"uv": [5, 6, 6, 7], "texture": "#1"},
				"down": {"uv": [5, 6, 11, 6.5], "rotation": 270, "texture": "#1"}
			}
		},
		{
			"from": [16, 8, 6],
			"to": [16.5, 9, 10],
			"rotation": {"angle": 0, "axis": "y", "origin": [8, 9, 8]},
			"faces": {
				"north": {"uv": [9, 7, 10, 8], "texture": "#1"},
				"east": {"uv": [6, 7, 10, 8], "texture": "#1"},
				"south": {"uv": [6, 7, 7, 8], "texture": "#1"},
				"down": {"uv": [6, 7, 10, 7.5], "rotation": 270, "texture": "#1"}
			}
		},
		{
			"from": [16, 7, 7],
			"to": [16.5, 8, 9],
			"rotation": {"angle": 0, "axis": "y", "origin": [8, 9, 8]},
			"faces": {
				"north": {"uv": [8, 8, 9, 9], "texture": "#1"},
				"east": {"uv": [7, 8, 9, 9], "texture": "#1"},
				"south": {"uv": [7, 8, 8, 9], "texture": "#1"},
				"down": {"uv": [7, 8, 9, 8.5], "rotation": 270, "texture": "#1"}
			}
		},
		{
			"from": [0, 9, -1],
			"to": [3, 12, 0],
			"rotation": {"angle": 0, "axis": "x", "origin": [1.5, 10, 1.5]},
			"faces": {
				"north": {"uv": [13, 4, 16, 7], "texture": "#1"},
				"up": {"uv": [0, 0, 1, 3], "rotation": 270, "texture": "#2"}
			}
		},
		{
			"from": [-1, 9, 0],
			"to": [0, 12, 3],
			"rotation": {"angle": 0, "axis": "y", "origin": [1.5, 10, 1.5]},
			"faces": {
				"west": {"uv": [0, 4, 3, 7], "texture": "#1"},
				"up": {"uv": [0, 0, 1, 3], "texture": "#2"}
			}
		},
		{
			"from": [-1, 9, 3],
			"to": [0, 12, 4],
			"rotation": {"angle": 0, "axis": "y", "origin": [1.5, 10, 1.5]},
			"faces": {
				"south": {"uv": [3, 4, 4, 7], "texture": "#1"},
				"west": {"uv": [3, 4, 4, 7], "texture": "#1"},
				"up": {"uv": [0, 3, 1, 4], "texture": "#2"},
				"down": {"uv": [3, 6, 4, 7], "rotation": 270, "texture": "#1"}
			}
		},
		{
			"from": [3, 9, -1],
			"to": [4, 12, 0],
			"rotation": {"angle": 0, "axis": "y", "origin": [1.5, 10, 1.5]},
			"faces": {
				"north": {"uv": [3, 4, 4, 7], "texture": "#1"},
				"east": {"uv": [3, 4, 4, 7], "texture": "#1"},
				"up": {"uv": [0, 3, 1, 4], "rotation": 90, "texture": "#2"},
				"down": {"uv": [3, 6, 4, 7], "rotation": 180, "texture": "#1"}
			}
		},
		{
			"from": [-1, 8, 0],
			"to": [0, 9, 3],
			"rotation": {"angle": 0, "axis": "x", "origin": [1.5, 10, 1.5]},
			"faces": {
				"south": {"uv": [3, 6, 4, 7], "rotation": 270, "texture": "#1"},
				"west": {"uv": [3, 4, 4, 7], "rotation": 270, "texture": "#1"},
				"down": {"uv": [0, 7, 3, 8], "rotation": 270, "texture": "#1"}
			}
		},
		{
			"from": [0, 8, -1],
			"to": [3, 9, 0],
			"rotation": {"angle": 0, "axis": "y", "origin": [1.5, 10, 1.5]},
			"faces": {
				"north": {"uv": [0, 7, 3, 8], "rotation": 180, "texture": "#1"},
				"east": {"uv": [2, 7, 3, 8], "rotation": 270, "texture": "#1"},
				"down": {"uv": [0, 7, 3, 8], "texture": "#1"}
			}
		},
		{
			"from": [0, 11, 3],
			"to": [3, 12, 4],
			"rotation": {"angle": 0, "axis": "z", "origin": [1.5, 10, 1.5]},
			"faces": {
				"east": {"uv": [3, 6, 4, 7], "rotation": 180, "texture": "#1"},
				"south": {"uv": [3, 4, 4, 7], "rotation": 270, "texture": "#1"},
				"up": {"uv": [3, 0, 4, 3], "rotation": 270, "texture": "#2"}
			}
		},
		{
			"from": [3, 11, 0],
			"to": [4, 12, 3],
			"rotation": {"angle": 0, "axis": "y", "origin": [1.5, 10, 1.5]},
			"faces": {
				"east": {"uv": [3, 0, 4, 3], "rotation": 180, "texture": "#2"},
				"south": {"uv": [3, 6, 4, 7], "rotation": 180, "texture": "#1"},
				"up": {"uv": [3, 0, 4, 3], "texture": "#2"}
			}
		},
		{
			"from": [0, 11, 0],
			"to": [3, 12, 3],
			"rotation": {"angle": 0, "axis": "z", "origin": [1.5, 10, 1.5]},
			"faces": {
				"up": {"uv": [0, 0, 3, 3], "texture": "#2"}
			}
		},
		{
			"from": [-1, 8, -1],
			"to": [0, 12, 0],
			"rotation": {"angle": 0, "axis": "y", "origin": [1.5, 10, 1.5]},
			"faces": {
				"north": {"uv": [0, 4, 1, 8], "texture": "#1"},
				"west": {"uv": [0, 4, 1, 8], "texture": "#1"},
				"up": {"uv": [0, 0, 1, 1], "rotation": 270, "texture": "#2"},
				"down": {"uv": [0, 7, 1, 8], "rotation": 270, "texture": "#1"}
			}
		},
		{
			"from": [-1, 9, 13],
			"to": [0, 12, 16],
			"rotation": {"angle": 0, "axis": "y", "origin": [1.5, 10, 14.5]},
			"faces": {
				"west": {"uv": [13, 4, 16, 7], "texture": "#1"},
				"up": {"uv": [0, 0, 1, 3], "rotation": 180, "texture": "#2"}
			}
		},
		{
			"from": [0, 9, 16],
			"to": [3, 12, 17],
			"rotation": {"angle": 0, "axis": "y", "origin": [1.5, 10, 14.5]},
			"faces": {
				"south": {"uv": [0, 4, 3, 7], "texture": "#1"},
				"up": {"uv": [0, 0, 1, 3], "rotation": 270, "texture": "#2"}
			}
		},
		{
			"from": [3, 9, 16],
			"to": [4, 12, 17],
			"rotation": {"angle": 0, "axis": "y", "origin": [1.5, 10, 14.5]},
			"faces": {
				"east": {"uv": [3, 4, 4, 7], "texture": "#1"},
				"south": {"uv": [3, 4, 4, 7], "texture": "#1"},
				"up": {"uv": [0, 3, 1, 4], "rotation": 270, "texture": "#2"},
				"down": {"uv": [3, 6, 4, 7], "texture": "#1"}
			}
		},
		{
			"from": [-1, 9, 12],
			"to": [0, 12, 13],
			"rotation": {"angle": 0, "axis": "y", "origin": [1.5, 10, 14.5]},
			"faces": {
				"north": {"uv": [3, 4, 4, 7], "texture": "#1"},
				"west": {"uv": [3, 4, 4, 7], "texture": "#1"},
				"up": {"uv": [0, 3, 1, 4], "texture": "#2"},
				"down": {"uv": [3, 6, 4, 7], "rotation": 270, "texture": "#1"}
			}
		},
		{
			"from": [0, 8, 16],
			"to": [3, 9, 17],
			"rotation": {"angle": 0, "axis": "y", "origin": [1.5, 10, 14.5]},
			"faces": {
				"east": {"uv": [3, 6, 4, 7], "rotation": 270, "texture": "#1"},
				"south": {"uv": [3, 4, 4, 7], "rotation": 270, "texture": "#1"},
				"down": {"uv": [0, 7, 3, 8], "texture": "#1"}
			}
		},
		{
			"from": [-1, 8, 13],
			"to": [0, 9, 16],
			"rotation": {"angle": 0, "axis": "y", "origin": [1.5, 10, 14.5]},
			"faces": {
				"north": {"uv": [2, 7, 3, 8], "rotation": 270, "texture": "#1"},
				"west": {"uv": [0, 7, 3, 8], "rotation": 180, "texture": "#1"},
				"down": {"uv": [0, 7, 3, 8], "rotation": 90, "texture": "#1"}
			}
		},
		{
			"from": [3, 11, 13],
			"to": [4, 12, 16],
			"rotation": {"angle": 0, "axis": "y", "origin": [1.5, 10, 14.5]},
			"faces": {
				"north": {"uv": [3, 6, 4, 7], "rotation": 180, "texture": "#1"},
				"east": {"uv": [3, 4, 4, 7], "rotation": 270, "texture": "#1"},
				"up": {"uv": [3, 0, 4, 3], "rotation": 180, "texture": "#2"}
			}
		},
		{
			"from": [0, 11, 12],
			"to": [3, 12, 13],
			"rotation": {"angle": 0, "axis": "y", "origin": [1.5, 10, 14.5]},
			"faces": {
				"north": {"uv": [3, 0, 4, 3], "rotation": 180, "texture": "#2"},
				"east": {"uv": [3, 6, 4, 7], "rotation": 180, "texture": "#1"},
				"up": {"uv": [3, 0, 4, 3], "rotation": 270, "texture": "#2"}
			}
		},
		{
			"from": [0, 11, 13],
			"to": [3, 12, 16],
			"rotation": {"angle": 0, "axis": "y", "origin": [1.5, 10, 14.5]},
			"faces": {
				"up": {"uv": [0, 0, 3, 3], "rotation": 270, "texture": "#2"}
			}
		},
		{
			"from": [-1, 8, 16],
			"to": [0, 12, 17],
			"rotation": {"angle": 0, "axis": "y", "origin": [1.5, 10, 14.5]},
			"faces": {
				"south": {"uv": [0, 4, 1, 8], "texture": "#1"},
				"west": {"uv": [0, 4, 1, 8], "texture": "#1"},
				"up": {"uv": [0, 0, 1, 1], "rotation": 180, "texture": "#2"},
				"down": {"uv": [0, 7, 1, 8], "texture": "#1"}
			}
		},
		{
			"from": [13, 9, 16],
			"to": [16, 12, 17],
			"rotation": {"angle": 0, "axis": "y", "origin": [14.5, 10, 14.5]},
			"faces": {
				"south": {"uv": [13, 4, 16, 7], "texture": "#1"},
				"up": {"uv": [0, 0, 1, 3], "rotation": 90, "texture": "#2"}
			}
		},
		{
			"from": [16, 9, 13],
			"to": [17, 12, 16],
			"rotation": {"angle": 0, "axis": "y", "origin": [14.5, 10, 14.5]},
			"faces": {
				"east": {"uv": [0, 4, 3, 7], "texture": "#1"},
				"up": {"uv": [0, 0, 1, 3], "rotation": 180, "texture": "#2"}
			}
		},
		{
			"from": [16, 9, 12],
			"to": [17, 12, 13],
			"rotation": {"angle": 0, "axis": "y", "origin": [14.5, 10, 14.5]},
			"faces": {
				"north": {"uv": [3, 4, 4, 7], "texture": "#1"},
				"east": {"uv": [3, 4, 4, 7], "texture": "#1"},
				"up": {"uv": [0, 3, 1, 4], "rotation": 180, "texture": "#2"},
				"down": {"uv": [3, 6, 4, 7], "rotation": 90, "texture": "#1"}
			}
		},
		{
			"from": [12, 9, 16],
			"to": [13, 12, 17],
			"rotation": {"angle": 0, "axis": "y", "origin": [14.5, 10, 14.5]},
			"faces": {
				"south": {"uv": [3, 4, 4, 7], "texture": "#1"},
				"west": {"uv": [3, 4, 4, 7], "texture": "#1"},
				"up": {"uv": [0, 3, 1, 4], "rotation": 270, "texture": "#2"},
				"down": {"uv": [3, 6, 4, 7], "texture": "#1"}
			}
		},
		{
			"from": [16, 8, 13],
			"to": [17, 9, 16],
			"rotation": {"angle": 0, "axis": "y", "origin": [14.5, 10, 14.5]},
			"faces": {
				"north": {"uv": [3, 6, 4, 7], "rotation": 270, "texture": "#1"},
				"east": {"uv": [3, 4, 4, 7], "rotation": 270, "texture": "#1"},
				"down": {"uv": [0, 7, 3, 8], "rotation": 90, "texture": "#1"}
			}
		},
		{
			"from": [13, 8, 16],
			"to": [16, 9, 17],
			"rotation": {"angle": 0, "axis": "y", "origin": [14.5, 10, 14.5]},
			"faces": {
				"south": {"uv": [0, 7, 3, 8], "rotation": 180, "texture": "#1"},
				"west": {"uv": [2, 7, 3, 8], "rotation": 270, "texture": "#1"},
				"down": {"uv": [0, 7, 3, 8], "rotation": 180, "texture": "#1"}
			}
		},
		{
			"from": [13, 11, 12],
			"to": [16, 12, 13],
			"rotation": {"angle": 0, "axis": "y", "origin": [14.5, 10, 14.5]},
			"faces": {
				"north": {"uv": [3, 4, 4, 7], "rotation": 270, "texture": "#1"},
				"west": {"uv": [3, 6, 4, 7], "rotation": 180, "texture": "#1"},
				"up": {"uv": [3, 0, 4, 3], "rotation": 90, "texture": "#2"}
			}
		},
		{
			"from": [12, 11, 13],
			"to": [13, 12, 16],
			"rotation": {"angle": 0, "axis": "y", "origin": [14.5, 10, 14.5]},
			"faces": {
				"north": {"uv": [3, 6, 4, 7], "rotation": 180, "texture": "#1"},
				"west": {"uv": [3, 0, 4, 3], "rotation": 180, "texture": "#2"},
				"up": {"uv": [3, 0, 4, 3], "rotation": 180, "texture": "#2"}
			}
		},
		{
			"from": [13, 11, 13],
			"to": [16, 12, 16],
			"rotation": {"angle": 0, "axis": "y", "origin": [14.5, 10, 14.5]},
			"faces": {
				"up": {"uv": [0, 0, 3, 3], "rotation": 180, "texture": "#2"}
			}
		},
		{
			"from": [16, 8, 16],
			"to": [17, 12, 17],
			"rotation": {"angle": 0, "axis": "y", "origin": [14.5, 10, 14.5]},
			"faces": {
				"east": {"uv": [0, 4, 1, 8], "texture": "#1"},
				"south": {"uv": [0, 4, 1, 8], "texture": "#1"},
				"up": {"uv": [0, 0, 1, 1], "rotation": 90, "texture": "#2"},
				"down": {"uv": [0, 7, 1, 8], "rotation": 90, "texture": "#1"}
			}
		},
		{
			"from": [16, 9, 0],
			"to": [17, 12, 3],
			"rotation": {"angle": 0, "axis": "y", "origin": [14.5, 10, 1.5]},
			"faces": {
				"east": {"uv": [13, 4, 16, 7], "texture": "#1"},
				"up": {"uv": [0, 0, 1, 3], "texture": "#2"}
			}
		},
		{
			"from": [13, 9, -1],
			"to": [16, 12, 0],
			"rotation": {"angle": 0, "axis": "y", "origin": [14.5, 10, 1.5]},
			"faces": {
				"north": {"uv": [0, 4, 3, 7], "texture": "#1"},
				"up": {"uv": [0, 0, 1, 3], "rotation": 90, "texture": "#2"}
			}
		},
		{
			"from": [12, 9, -1],
			"to": [13, 12, 0],
			"rotation": {"angle": 0, "axis": "y", "origin": [14.5, 10, 1.5]},
			"faces": {
				"north": {"uv": [3, 4, 4, 7], "texture": "#1"},
				"west": {"uv": [3, 4, 4, 7], "texture": "#1"},
				"up": {"uv": [0, 3, 1, 4], "rotation": 90, "texture": "#2"},
				"down": {"uv": [3, 6, 4, 7], "rotation": 180, "texture": "#1"}
			}
		},
		{
			"from": [16, 9, 3],
			"to": [17, 12, 4],
			"rotation": {"angle": 0, "axis": "y", "origin": [14.5, 10, 1.5]},
			"faces": {
				"east": {"uv": [3, 4, 4, 7], "texture": "#1"},
				"south": {"uv": [3, 4, 4, 7], "texture": "#1"},
				"up": {"uv": [0, 3, 1, 4], "rotation": 180, "texture": "#2"},
				"down": {"uv": [3, 6, 4, 7], "rotation": 90, "texture": "#1"}
			}
		},
		{
			"from": [13, 8, -1],
			"to": [16, 9, 0],
			"rotation": {"angle": 0, "axis": "y", "origin": [14.5, 10, 1.5]},
			"faces": {
				"north": {"uv": [3, 4, 4, 7], "rotation": 270, "texture": "#1"},
				"west": {"uv": [3, 6, 4, 7], "rotation": 270, "texture": "#1"},
				"down": {"uv": [0, 7, 3, 8], "rotation": 180, "texture": "#1"}
			}
		},
		{
			"from": [16, 8, 0],
			"to": [17, 9, 3],
			"rotation": {"angle": 0, "axis": "y", "origin": [14.5, 10, 1.5]},
			"faces": {
				"east": {"uv": [0, 7, 3, 8], "rotation": 180, "texture": "#1"},
				"south": {"uv": [2, 7, 3, 8], "rotation": 270, "texture": "#1"},
				"down": {"uv": [0, 7, 3, 8], "rotation": 270, "texture": "#1"}
			}
		},
		{
			"from": [12, 11, 0],
			"to": [13, 12, 3],
			"rotation": {"angle": 0, "axis": "y", "origin": [14.5, 10, 1.5]},
			"faces": {
				"south": {"uv": [3, 6, 4, 7], "rotation": 180, "texture": "#1"},
				"west": {"uv": [3, 4, 4, 7], "rotation": 270, "texture": "#1"},
				"up": {"uv": [3, 0, 4, 3], "texture": "#2"}
			}
		},
		{
			"from": [13, 11, 3],
			"to": [16, 12, 4],
			"rotation": {"angle": 0, "axis": "y", "origin": [14.5, 10, 1.5]},
			"faces": {
				"south": {"uv": [3, 0, 4, 3], "rotation": 180, "texture": "#2"},
				"west": {"uv": [3, 6, 4, 7], "rotation": 180, "texture": "#1"},
				"up": {"uv": [3, 0, 4, 3], "rotation": 90, "texture": "#2"}
			}
		},
		{
			"from": [13, 11, 0],
			"to": [16, 12, 3],
			"rotation": {"angle": 0, "axis": "y", "origin": [14.5, 10, 1.5]},
			"faces": {
				"up": {"uv": [0, 0, 3, 3], "rotation": 90, "texture": "#2"}
			}
		},
		{
			"from": [16, 8, -1],
			"to": [17, 12, 0],
			"rotation": {"angle": 0, "axis": "y", "origin": [14.5, 10, 1.5]},
			"faces": {
				"north": {"uv": [0, 4, 1, 8], "texture": "#1"},
				"east": {"uv": [0, 4, 1, 8], "texture": "#1"},
				"up": {"uv": [0, 0, 1, 1], "texture": "#2"},
				"down": {"uv": [0, 7, 1, 8], "rotation": 180, "texture": "#1"}
			}
		}
	],
	"display": {
		"thirdperson_righthand": {
			"rotation": [90, 40, 0],
			"translation": [0, 4.25, 0],
			"scale": [0.5, 0.5, 0.5]
		},
		"thirdperson_lefthand": {
			"rotation": [90, 40, 0],
			"translation": [0, 4.25, 0],
			"scale": [0.5, 0.5, 0.5]
		},
		"firstperson_righthand": {
			"rotation": [19.5, 33.25, 0],
			"scale": [0.5, 0.5, 0.5]
		},
		"firstperson_lefthand": {
			"rotation": [19.5, 33.25, 0],
			"scale": [0.5, 0.5, 0.5]
		},
		"ground": {
			"scale": [0.5, 0.5, 0.5]
		},
		"gui": {
			"rotation": [16.75, -26.25, 0],
			"scale": [0.6, 0.6, 0.6]
		},
		"head": {
			"translation": [0, 3.5, 0],
			"scale": [0.86, 0.86, 0.86]
		},
		"fixed": {
			"scale": [0.7, 0.7, 0.7]
		}
	},
	"groups": [
		0,
		{
			"name": "Red",
			"origin": [0, 0, 0],
			"color": 0,
			"children": [1, 2, 3, 4, 5, 6, 7, 8, 9, 10, 11, 12, 13, 14, 15, 16, 17]
		},
		{
			"name": "Diamond",
			"origin": [8, 8, 8],
			"color": 0,
			"children": [18, 19, 20, 21, 22, 23, 24, 25, 26, 27]
		},
		{
			"name": "Diamond",
			"origin": [8, 8, 8],
			"color": 0,
			"children": [28, 29, 30, 31, 32, 33, 34, 35, 36, 37]
		},
		{
			"name": "Diamond",
			"origin": [8, 8, 8],
			"color": 0,
			"children": [38, 39, 40, 41, 42, 43, 44, 45, 46, 47]
		},
		{
			"name": "Diamond",
			"origin": [8, 8, 8],
			"color": 0,
			"children": [48, 49, 50, 51, 52, 53, 54, 55, 56, 57]
		}
	]
}