{
	"ambientocclusion": false,
	"textures": {
		"particle": "block/iron_bars",
		"edge": "block/iron_bars"
	},
	"elements": [
		{
			"from": [7, 0, 0],
			"to": [9, 0.5, 8],
			"rotation": {"angle": 0, "axis": "y", "origin": [7, 0, 0]},
			"faces": {
				"north": {"uv": [2, 15.5, 4, 16], "texture": "#edge"},
				"east": {"uv": [2, 8, 2.5, 16], "rotation": 90, "texture": "#edge"},
				"south": {"uv": [2, 8, 4, 8.5], "texture": "#edge"},
				"west": {"uv": [2, 8, 2.5, 16], "rotation": 90, "texture": "#edge"},
				"up": {"uv": [2, 8, 4, 16], "texture": "#edge"},
				"down": {"uv": [2, 8, 4, 16], "texture": "#edge"}
			}
		},
		{
			"from": [7, 15.5, 0],
			"to": [9, 16, 8],
			"rotation": {"angle": 0, "axis": "y", "origin": [7, 15, 0]},
			"faces": {
				"north": {"uv": [2, 15.5, 4, 16], "texture": "#edge"},
				"east": {"uv": [2, 8, 2.5, 16], "rotation": 90, "texture": "#edge"},
				"south": {"uv": [2, 8, 4, 8.5], "texture": "#edge"},
				"west": {"uv": [2, 8, 2.5, 16], "rotation": 90, "texture": "#edge"},
				"up": {"uv": [2, 8, 4, 16], "texture": "#edge"},
				"down": {"uv": [2, 8, 4, 16], "texture": "#edge"}
			}
		},
		{
			"from": [7.5, 0, 2],
			"to": [8.5, 16, 4],
			"rotation": {"angle": 0, "axis": "y", "origin": [7, 0, 2]},
			"faces": {
				"north": {"uv": [13, 0, 14, 16], "texture": "#edge"},
				"east": {"uv": [12, 0, 14, 16], "texture": "#edge"},
				"south": {"uv": [12, 0, 13, 16], "texture": "#edge"},
				"west": {"uv": [12, 0, 14, 16], "texture": "#edge"}
			}
		},
		{
			"from": [7.5, 0, 7],
			"to": [8.5, 16, 8],
			"rotation": {"angle": 0, "axis": "y", "origin": [7, 0, 7]},
			"faces": {
				"north": {"uv": [8, 0, 9, 16], "texture": "#edge"},
				"east": {"uv": [8, 0, 9, 16], "texture": "#edge"},
				"south": {"uv": [8, 0, 9, 16], "texture": "#edge"},
				"west": {"uv": [8, 0, 9, 16], "texture": "#edge"}
			}
		},
		{
			"from": [7.5, 2, 4],
			"to": [8.5, 4, 7],
			"rotation": {"angle": 0, "axis": "y", "origin": [7, 0, 6]},
			"faces": {
				"east": {"uv": [9, 12, 12, 14], "texture": "#edge"},
				"west": {"uv": [9, 12, 12, 14], "texture": "#edge"},
				"up": {"uv": [9, 12, 12, 13], "texture": "#edge"},
				"down": {"uv": [9, 13, 12, 14], "texture": "#edge"}
			}
		},
		{
			"from": [7.5, 7, 0],
			"to": [8.5, 9, 2],
			"rotation": {"angle": 0, "axis": "y", "origin": [7, 5, 1]},
			"faces": {
				"north": {"uv": [15, 7, 16, 9], "texture": "#edge"},
				"east": {"uv": [14, 7, 16, 9], "texture": "#edge"},
				"west": {"uv": [14, 7, 16, 9], "texture": "#edge"},
				"up": {"uv": [14, 7, 16, 8], "texture": "#edge"},
				"down": {"uv": [14, 8, 16, 9], "texture": "#edge"}
			}
		}
	]
}