{
	"ambientocclusion": false,
	"textures": {
		"particle": "block/iron_bars",
		"edge": "block/iron_bars"
	},
	"elements": [
		{
			"from": [7.5, 0, 7.5],
			"to": [8.5, 16, 8.5],
			"rotation": {"angle": 0, "axis": "y", "origin": [7, 0, 7]},
			"faces": {
				"north": {"uv": [2, 0, 3, 16], "texture": "#edge"},
				"east": {"uv": [2, 0, 3, 16], "texture": "#edge"},
				"south": {"uv": [2, 0, 3, 16], "texture": "#edge"},
				"west": {"uv": [2, 0, 3, 16], "texture": "#edge"}
			}
		},
		{
			"from": [7, 0, 7],
			"to": [9, 0.5, 9],
			"rotation": {"angle": 0, "axis": "y", "origin": [7, 0, 7]},
			"faces": {
				"north": {"uv": [2, 14, 4, 14.5], "texture": "#edge"},
				"east": {"uv": [2, 14, 4, 14.5], "texture": "#edge"},
				"south": {"uv": [2, 14, 4, 14.5], "texture": "#edge"},
				"west": {"uv": [2, 14, 4, 14.5], "texture": "#edge"},
				"up": {"uv": [2, 14, 4, 16], "texture": "#edge"},
				"down": {"uv": [2, 14, 4, 16], "texture": "#edge"}
			}
		},
		{
			"from": [7, 15.4, 7],
			"to": [9, 15.9, 9],
			"rotation": {"angle": 0, "axis": "y", "origin": [7, 15, 7]},
			"faces": {
				"north": {"uv": [2, 0, 4, 0.5], "texture": "#edge"},
				"east": {"uv": [2, 0, 4, 0.5], "texture": "#edge"},
				"south": {"uv": [2, 0, 4, 0.5], "texture": "#edge"},
				"west": {"uv": [2, 0, 4, 0.5], "texture": "#edge"},
				"up": {"uv": [2, 0, 4, 2], "texture": "#edge"},
				"down": {"uv": [2, 0, 4, 2], "texture": "#edge"}
			}
		}
	]
}