{
	"ambientocclusion": false,
	"textures": {
		"1": "block/iron_bars",
		"particle": "block/iron_bars"
	},
	"elements": [
		{
			"from": [7, 0, 8],
			"to": [9, 0.5, 16],
			"rotation": {"angle": 0, "axis": "y", "origin": [7, 0, 8]},
			"faces": {
				"north": {"uv": [2, 15.5, 4, 16], "texture": "#1"},
				"east": {"uv": [2, 8, 2.5, 16], "rotation": 90, "texture": "#1"},
				"south": {"uv": [2, 8, 4, 8.5], "texture": "#1"},
				"west": {"uv": [2, 8, 2.5, 16], "rotation": 90, "texture": "#1"},
				"up": {"uv": [2, 8, 4, 16], "texture": "#1"},
				"down": {"uv": [2, 8, 4, 16], "texture": "#1"}
			}
		},
		{
			"from": [7, 15.5, 8],
			"to": [9, 16, 16],
			"rotation": {"angle": 0, "axis": "y", "origin": [7, 15, 8]},
			"faces": {
				"north": {"uv": [2, 15.5, 4, 16], "texture": "#1"},
				"east": {"uv": [2, 8, 2.5, 16], "rotation": 90, "texture": "#1"},
				"south": {"uv": [2, 8, 4, 8.5], "texture": "#1"},
				"west": {"uv": [2, 8, 2.5, 16], "rotation": 90, "texture": "#1"},
				"up": {"uv": [2, 8, 4, 16], "texture": "#1"},
				"down": {"uv": [2, 8, 4, 16], "texture": "#1"}
			}
		},
		{
			"from": [7.5, 0, 12],
			"to": [8.5, 16, 14],
			"rotation": {"angle": 0, "axis": "y", "origin": [7, 0, 12]},
			"faces": {
				"north": {"uv": [3, 0, 4, 16], "texture": "#1"},
				"east": {"uv": [2, 0, 4, 16], "texture": "#1"},
				"south": {"uv": [2, 0, 3, 16], "texture": "#1"},
				"west": {"uv": [2, 0, 4, 16], "texture": "#1"}
			}
		},
		{
			"from": [7.5, 0, 8],
			"to": [8.5, 16, 9],
			"rotation": {"angle": 0, "axis": "y", "origin": [7, 0, 8]},
			"faces": {
				"north": {"uv": [7, 0, 8, 16], "texture": "#1"},
				"east": {"uv": [7, 0, 8, 16], "texture": "#1"},
				"south": {"uv": [7, 0, 8, 16], "texture": "#1"},
				"west": {"uv": [7, 0, 8, 16], "texture": "#1"}
			}
		},
		{
			"from": [7.5, 12, 9],
			"to": [8.5, 14, 12],
			"rotation": {"angle": 0, "axis": "y", "origin": [7, 10, 11]},
			"faces": {
				"east": {"uv": [4, 2, 7, 4], "texture": "#1"},
				"west": {"uv": [4, 2, 7, 4], "texture": "#1"},
				"up": {"uv": [4, 2, 7, 3], "texture": "#1"},
				"down": {"uv": [4, 3, 7, 4], "texture": "#1"}
			}
		},
		{
			"from": [7.5, 7, 14],
			"to": [8.5, 9, 16],
			"rotation": {"angle": 0, "axis": "y", "origin": [7, 5, 15]},
			"faces": {
				"east": {"uv": [0, 7, 2, 9], "texture": "#1"},
				"south": {"uv": [0, 7, 1, 9], "texture": "#1"},
				"west": {"uv": [0, 7, 2, 9], "texture": "#1"},
				"up": {"uv": [0, 7, 2, 8], "texture": "#1"},
				"down": {"uv": [0, 8, 2, 9], "texture": "#1"}
			}
		}
	]
}