{
	"credit": "Made with Blockbench",
	"textures": {
		"0": "block/powered_rail_on",
		"particle": "block/powered_rail_on"
	},
	"elements": [
		{
			"from": [2, 0, 0],
			"to": [5, 1, 16],
			"faces": {
				"north": {"uv": [11, 15, 14, 16], "texture": "#0"},
				"east": {"uv": [11, 0, 12, 16], "rotation": 90, "texture": "#0"},
				"south": {"uv": [14, 0, 11, 1], "texture": "#0"},
				"west": {"uv": [13, 0, 14, 16], "rotation": 270, "texture": "#0"},
				"up": {"uv": [14, 0, 11, 16], "texture": "#0"},
				"down": {"uv": [14, 0, 11, 16], "texture": "#0"}
			}
		},
		{
			"from": [11, 0, 0],
			"to": [14, 1, 16],
			"faces": {
				"north": {"uv": [2, 15, 5, 16], "texture": "#0"},
				"east": {"uv": [2, 0, 3, 16], "rotation": 90, "texture": "#0"},
				"south": {"uv": [5, 0, 2, 1], "texture": "#0"},
				"west": {"uv": [4, 0, 5, 16], "rotation": 270, "texture": "#0"},
				"up": {"uv": [5, 0, 2, 16], "texture": "#0"},
				"down": {"uv": [5, 0, 2, 16], "texture": "#0"}
			}
		},
		{
			"from": [1, 0, 13],
			"to": [15, 0.5, 15],
			"faces": {
				"north": {"uv": [1, 2, 15, 3], "texture": "#0"},
				"east": {"uv": [1, 1, 2, 3], "rotation": 90, "texture": "#0"},
				"south": {"uv": [15, 1, 1, 2], "texture": "#0"},
				"west": {"uv": [14, 1, 15, 3], "rotation": 270, "texture": "#0"},
				"up": {"uv": [15, 1, 1, 3], "texture": "#0"},
				"down": {"uv": [15, 1, 1, 3], "texture": "#0"}
			}
		},
		{
			"from": [5, 0, 13],
			"to": [6, 0.75, 15],
			"faces": {
				"north": {"uv": [10, 2, 11, 3], "texture": "#0"},
				"east": {"uv": [10, 1, 11, 3], "rotation": 90, "texture": "#0"},
				"south": {"uv": [11, 1, 10, 2], "texture": "#0"},
				"west": {"uv": [10, 1, 11, 3], "rotation": 270, "texture": "#0"},
				"up": {"uv": [11, 1, 10, 3], "texture": "#0"},
				"down": {"uv": [11, 1, 10, 3], "texture": "#0"}
			}
		},
		{
			"from": [7, 0, 11],
			"to": [9, 0.75, 13],
			"faces": {
				"north": {"uv": [8, 3, 9, 5], "rotation": 270, "texture": "#0"},
				"east": {"uv": [7, 4, 9, 5], "texture": "#0"},
				"south": {"uv": [7, 3, 8, 5], "rotation": 90, "texture": "#0"},
				"west": {"uv": [9, 3, 7, 4], "texture": "#0"},
				"up": {"uv": [9, 3, 7, 5], "rotation": 90, "texture": "#0"},
				"down": {"uv": [9, 3, 7, 5], "rotation": 270, "texture": "#0"}
			}
		},
		{
			"from": [7, 0, 7],
			"to": [9, 0.75, 9],
			"faces": {
				"north": {"uv": [7, 8, 9, 9], "texture": "#0"},
				"east": {"uv": [7, 7, 8, 9], "rotation": 90, "texture": "#0"},
				"south": {"uv": [9, 7, 7, 8], "texture": "#0"},
				"west": {"uv": [8, 7, 9, 9], "rotation": 270, "texture": "#0"},
				"up": {"uv": [9, 7, 7, 9], "texture": "#0"},
				"down": {"uv": [9, 7, 7, 9], "texture": "#0"}
			}
		},
		{
			"from": [7, 0, 3],
			"to": [9, 0.75, 5],
			"faces": {
				"north": {"uv": [8, 11, 9, 13], "rotation": 270, "texture": "#0"},
				"east": {"uv": [7, 12, 9, 13], "texture": "#0"},
				"south": {"uv": [7, 11, 8, 13], "rotation": 90, "texture": "#0"},
				"west": {"uv": [9, 11, 7, 12], "texture": "#0"},
				"up": {"uv": [9, 11, 7, 13], "rotation": 90, "texture": "#0"},
				"down": {"uv": [9, 11, 7, 13], "rotation": 270, "texture": "#0"}
			}
		},
		{
			"from": [5, 0, 9],
			"to": [6, 0.75, 11],
			"faces": {
				"north": {"uv": [10, 6, 11, 7], "texture": "#0"},
				"east": {"uv": [10, 5, 11, 7], "rotation": 90, "texture": "#0"},
				"south": {"uv": [11, 5, 10, 6], "texture": "#0"},
				"west": {"uv": [10, 5, 11, 7], "rotation": 270, "texture": "#0"},
				"up": {"uv": [11, 5, 10, 7], "texture": "#0"},
				"down": {"uv": [11, 5, 10, 7], "texture": "#0"}
			}
		},
		{
			"from": [5, 0, 5],
			"to": [6, 0.75, 7],
			"faces": {
				"north": {"uv": [10, 10, 11, 11], "texture": "#0"},
				"east": {"uv": [10, 9, 11, 11], "rotation": 90, "texture": "#0"},
				"south": {"uv": [11, 9, 10, 10], "texture": "#0"},
				"west": {"uv": [10, 9, 11, 11], "rotation": 270, "texture": "#0"},
				"up": {"uv": [11, 9, 10, 11], "texture": "#0"},
				"down": {"uv": [11, 9, 10, 11], "texture": "#0"}
			}
		},
		{
			"from": [5, 0, 1],
			"to": [6, 0.75, 3],
			"faces": {
				"north": {"uv": [10, 14, 11, 15], "texture": "#0"},
				"east": {"uv": [10, 13, 11, 15], "rotation": 90, "texture": "#0"},
				"south": {"uv": [11, 13, 10, 14], "texture": "#0"},
				"west": {"uv": [10, 13, 11, 15], "rotation": 270, "texture": "#0"},
				"up": {"uv": [11, 13, 10, 15], "texture": "#0"},
				"down": {"uv": [11, 13, 10, 15], "texture": "#0"}
			}
		},
		{
			"from": [10, 0, 1],
			"to": [11, 0.75, 3],
			"faces": {
				"north": {"uv": [5, 14, 6, 15], "texture": "#0"},
				"east": {"uv": [5, 13, 6, 15], "rotation": 90, "texture": "#0"},
				"south": {"uv": [6, 13, 5, 14], "texture": "#0"},
				"west": {"uv": [5, 13, 6, 15], "rotation": 270, "texture": "#0"},
				"up": {"uv": [6, 13, 5, 15], "texture": "#0"},
				"down": {"uv": [6, 13, 5, 15], "texture": "#0"}
			}
		},
		{
			"from": [10, 0, 13],
			"to": [11, 0.75, 15],
			"faces": {
				"north": {"uv": [5, 2, 6, 3], "texture": "#0"},
				"east": {"uv": [5, 1, 6, 3], "rotation": 90, "texture": "#0"},
				"south": {"uv": [6, 1, 5, 2], "texture": "#0"},
				"west": {"uv": [5, 1, 6, 3], "rotation": 270, "texture": "#0"},
				"up": {"uv": [6, 1, 5, 3], "texture": "#0"},
				"down": {"uv": [6, 1, 5, 3], "texture": "#0"}
			}
		},
		{
			"from": [10, 0, 5],
			"to": [11, 0.75, 7],
			"faces": {
				"north": {"uv": [5, 10, 6, 11], "texture": "#0"},
				"east": {"uv": [5, 9, 6, 11], "rotation": 90, "texture": "#0"},
				"south": {"uv": [6, 9, 5, 10], "texture": "#0"},
				"west": {"uv": [5, 9, 6, 11], "rotation": 270, "texture": "#0"},
				"up": {"uv": [6, 9, 5, 11], "texture": "#0"},
				"down": {"uv": [6, 9, 5, 11], "texture": "#0"}
			}
		},
		{
			"from": [10, 0, 9],
			"to": [11, 0.75, 11],
			"faces": {
				"north": {"uv": [5, 6, 6, 7], "texture": "#0"},
				"east": {"uv": [5, 5, 6, 7], "rotation": 90, "texture": "#0"},
				"south": {"uv": [6, 5, 5, 6], "texture": "#0"},
				"west": {"uv": [5, 5, 6, 7], "rotation": 270, "texture": "#0"},
				"up": {"uv": [6, 5, 5, 7], "texture": "#0"},
				"down": {"uv": [6, 5, 5, 7], "texture": "#0"}
			}
		},
		{
			"from": [1, 0, 9],
			"to": [15, 0.5, 11],
			"faces": {
				"north": {"uv": [1, 6, 15, 7], "texture": "#0"},
				"east": {"uv": [1, 5, 2, 7], "rotation": 90, "texture": "#0"},
				"south": {"uv": [15, 5, 1, 6], "texture": "#0"},
				"west": {"uv": [14, 5, 15, 7], "rotation": 270, "texture": "#0"},
				"up": {"uv": [15, 5, 1, 7], "texture": "#0"},
				"down": {"uv": [15, 5, 1, 7], "texture": "#0"}
			}
		},
		{
			"from": [1, 0, 5],
			"to": [15, 0.5, 7],
			"faces": {
				"north": {"uv": [1, 10, 15, 11], "texture": "#0"},
				"east": {"uv": [1, 9, 2, 11], "rotation": 90, "texture": "#0"},
				"south": {"uv": [15, 9, 1, 10], "texture": "#0"},
				"west": {"uv": [14, 9, 15, 11], "rotation": 270, "texture": "#0"},
				"up": {"uv": [15, 9, 1, 11], "texture": "#0"},
				"down": {"uv": [15, 9, 1, 11], "texture": "#0"}
			}
		},
		{
			"from": [1, 0, 1],
			"to": [15, 0.5, 3],
			"faces": {
				"north": {"uv": [1, 14, 15, 15], "texture": "#0"},
				"east": {"uv": [1, 13, 2, 15], "rotation": 90, "texture": "#0"},
				"south": {"uv": [15, 13, 1, 14], "texture": "#0"},
				"west": {"uv": [14, 13, 15, 15], "rotation": 270, "texture": "#0"},
				"up": {"uv": [15, 13, 1, 15], "texture": "#0"},
				"down": {"uv": [15, 13, 1, 15], "texture": "#0"}
			}
		}
	],
	"display": {
		"thirdperson_righthand": {
			"rotation": [99, 0, 0],
			"translation": [0, 1.5, 4.25],
			"scale": [0.5, 0.5, 0.5]
		},
		"thirdperson_lefthand": {
			"rotation": [99, 0, 0],
			"translation": [0, 1.5, 4.25],
			"scale": [0.5, 0.5, 0.5]
		},
		"firstperson_righthand": {
			"rotation": [54.5, 0, 0],
			"translation": [0, 4, 3.5],
			"scale": [0.5, 0.5, 0.5]
		},
		"firstperson_lefthand": {
			"rotation": [54.5, 0, 0],
			"translation": [0, 4, 3.5],
			"scale": [0.5, 0.5, 0.5]
		},
		"ground": {
			"translation": [0, 1.5, 0],
			"scale": [0.5, 0.5, 0.5]
		},
		"gui": {
			"rotation": [90, 0, 0],
			"scale": [0.9, 0.9, 0.9]
		},
		"head": {
			"translation": [0, 14.25, 0]
		},
		"fixed": {
			"rotation": [-90, 0, 0],
			"translation": [0, 0, -8]
		}
	}
}