{
	"textures": {
		"0": "block/stonecutter_bottom",
		"1": "block/stonecutter_saw",
		"2": "block/stonecutter_side",
		"3": "block/stonecutter_top",
		"particle": "block/stonecutter_bottom"
	},
	"elements": [
		{
			"name": "Mainblock",
			"from": [0, 0, 0],
			"to": [16, 9, 16],
			"faces": {
				"north": {"uv": [0, 7, 16, 16], "texture": "#2"},
				"east": {"uv": [0, 7, 16, 16], "texture": "#2"},
				"south": {"uv": [0, 7, 16, 16], "texture": "#2"},
				"west": {"uv": [0, 7, 16, 16], "texture": "#2"},
				"up": {"uv": [0, 0, 16, 16], "texture": "#3"},
				"down": {"uv": [0, 0, 16, 16], "texture": "#0"}
			}
		},
		{
			"from": [0, 0, -1],
			"to": [3, 9, 0],
			"rotation": {"angle": 0, "axis": "y", "origin": [0, 0, -1]},
			"faces": {
				"north": {"uv": [13, 7, 16, 16], "texture": "#2"},
				"east": {"uv": [13, 7, 14, 16], "texture": "#2"},
				"down": {"uv": [13, 15, 16, 16], "texture": "#2"}
			}
		},
		{
			"from": [-1, 0, 0],
			"to": [0, 9, 3],
			"rotation": {"angle": 0, "axis": "y", "origin": [-1, 0, 3]},
			"faces": {
				"south": {"uv": [2, 7, 3, 16], "texture": "#2"},
				"west": {"uv": [0, 7, 3, 16], "texture": "#2"},
				"down": {"uv": [0, 15, 3, 16], "rotation": 90, "texture": "#2"}
			}
		},
		{
			"from": [-1, 0, -1],
			"to": [0, 9, 0],
			"rotation": {"angle": 0, "axis": "y", "origin": [-1, 0, 0]},
			"faces": {
				"north": {"uv": [0, 7, 1, 16], "texture": "#2"},
				"south": {"uv": [15, 7, 16, 16], "texture": "#2"},
				"west": {"uv": [15, 7, 16, 16], "texture": "#2"},
				"down": {"uv": [15, 15, 16, 16], "rotation": 90, "texture": "#2"}
			}
		},
		{
			"from": [0, 9, 0],
			"to": [3, 10, 3],
			"rotation": {"angle": 0, "axis": "y", "origin": [0, 9, 0]},
			"faces": {
				"east": {"uv": [2, 0, 3, 3], "rotation": 90, "texture": "#3"},
				"south": {"uv": [0, 2, 3, 3], "texture": "#3"},
				"up": {"uv": [0, 0, 3, 3], "texture": "#3"}
			}
		},
		{
			"from": [-1, 9, 0],
			"to": [0, 10, 3],
			"rotation": {"angle": 0, "axis": "y", "origin": [-1, 8, 0]},
			"faces": {
				"south": {"uv": [2, 7, 3, 8], "texture": "#2"},
				"west": {"uv": [0, 7, 3, 8], "texture": "#2"},
				"up": {"uv": [0, 0, 1, 3], "texture": "#3"}
			}
		},
		{
			"from": [0, 9, -1],
			"to": [3, 10, 0],
			"rotation": {"angle": 0, "axis": "y", "origin": [0, 8, 0]},
			"faces": {
				"north": {"uv": [0, 7, 3, 8], "texture": "#2"},
				"east": {"uv": [2, 7, 3, 8], "texture": "#2"},
				"up": {"uv": [0, 0, 1, 3], "rotation": 270, "texture": "#3"}
			}
		},
		{
			"from": [-1, 9, -1],
			"to": [0, 10, 0],
			"rotation": {"angle": 0, "axis": "y", "origin": [-1, 8, -3]},
			"faces": {
				"north": {"uv": [0, 7, 1, 8], "texture": "#2"},
				"west": {"uv": [0, 7, 1, 8], "texture": "#2"},
				"up": {"uv": [0, 0, 1, 1], "texture": "#3"}
			}
		},
		{
			"from": [16, 0, 0],
			"to": [17, 9, 3],
			"rotation": {"angle": 0, "axis": "y", "origin": [17, 0, 0]},
			"faces": {
				"east": {"uv": [13, 7, 16, 16], "texture": "#2"},
				"south": {"uv": [13, 7, 14, 16], "texture": "#2"},
				"down": {"uv": [13, 15, 16, 16], "rotation": 270, "texture": "#2"}
			}
		},
		{
			"from": [13, 0, -1],
			"to": [16, 9, 0],
			"rotation": {"angle": 0, "axis": "y", "origin": [13, 0, -1]},
			"faces": {
				"north": {"uv": [0, 7, 3, 16], "texture": "#2"},
				"west": {"uv": [2, 7, 3, 16], "texture": "#2"},
				"down": {"uv": [0, 15, 3, 16], "texture": "#2"}
			}
		},
		{
			"from": [16, 0, -1],
			"to": [17, 9, 0],
			"rotation": {"angle": 0, "axis": "y", "origin": [16, 0, -1]},
			"faces": {
				"north": {"uv": [15, 7, 16, 16], "texture": "#2"},
				"east": {"uv": [0, 7, 1, 16], "texture": "#2"},
				"west": {"uv": [15, 7, 16, 16], "texture": "#2"},
				"down": {"uv": [15, 15, 16, 16], "texture": "#2"}
			}
		},
		{
			"from": [13, 9, 0],
			"to": [16, 10, 3],
			"rotation": {"angle": 0, "axis": "y", "origin": [16, 9, 0]},
			"faces": {
				"south": {"uv": [2, 0, 3, 3], "rotation": 90, "texture": "#3"},
				"west": {"uv": [0, 2, 3, 3], "texture": "#3"},
				"up": {"uv": [0, 0, 3, 3], "rotation": 90, "texture": "#3"}
			}
		},
		{
			"from": [13, 9, -1],
			"to": [16, 10, 0],
			"rotation": {"angle": 0, "axis": "y", "origin": [16, 8, -1]},
			"faces": {
				"north": {"uv": [0, 7, 3, 8], "texture": "#2"},
				"west": {"uv": [2, 7, 3, 8], "texture": "#2"},
				"up": {"uv": [0, 0, 1, 3], "rotation": 90, "texture": "#3"}
			}
		},
		{
			"from": [16, 9, 0],
			"to": [17, 10, 3],
			"rotation": {"angle": 0, "axis": "y", "origin": [16, 8, 0]},
			"faces": {
				"east": {"uv": [0, 7, 3, 8], "texture": "#2"},
				"south": {"uv": [2, 7, 3, 8], "texture": "#2"},
				"up": {"uv": [0, 0, 1, 3], "texture": "#3"}
			}
		},
		{
			"from": [16, 9, -1],
			"to": [17, 10, 0],
			"rotation": {"angle": 0, "axis": "y", "origin": [19, 8, -1]},
			"faces": {
				"north": {"uv": [0, 7, 1, 8], "texture": "#2"},
				"east": {"uv": [0, 7, 1, 8], "texture": "#2"},
				"up": {"uv": [0, 0, 1, 1], "rotation": 90, "texture": "#3"}
			}
		},
		{
			"from": [-1, 0, 13],
			"to": [0, 9, 16],
			"rotation": {"angle": 0, "axis": "y", "origin": [-1, 0, 16]},
			"faces": {
				"north": {"uv": [13, 7, 14, 16], "texture": "#2"},
				"west": {"uv": [13, 7, 16, 16], "texture": "#2"},
				"down": {"uv": [13, 15, 16, 16], "rotation": 90, "texture": "#2"}
			}
		},
		{
			"from": [0, 0, 16],
			"to": [3, 9, 17],
			"rotation": {"angle": 0, "axis": "y", "origin": [3, 0, 17]},
			"faces": {
				"east": {"uv": [2, 7, 3, 16], "texture": "#2"},
				"south": {"uv": [0, 7, 3, 16], "texture": "#2"},
				"down": {"uv": [0, 15, 3, 16], "rotation": 180, "texture": "#2"}
			}
		},
		{
			"from": [-1, 0, 16],
			"to": [0, 9, 17],
			"rotation": {"angle": 0, "axis": "y", "origin": [0, 0, 17]},
			"faces": {
				"east": {"uv": [15, 7, 16, 16], "texture": "#2"},
				"south": {"uv": [15, 7, 16, 16], "texture": "#2"},
				"west": {"uv": [0, 7, 1, 16], "texture": "#2"},
				"down": {"uv": [15, 15, 16, 16], "rotation": 180, "texture": "#2"}
			}
		},
		{
			"from": [0, 9, 13],
			"to": [3, 10, 16],
			"rotation": {"angle": 0, "axis": "y", "origin": [0, 9, 16]},
			"faces": {
				"north": {"uv": [2, 0, 3, 3], "rotation": 90, "texture": "#3"},
				"east": {"uv": [0, 2, 3, 3], "texture": "#3"},
				"up": {"uv": [0, 0, 3, 3], "rotation": 270, "texture": "#3"}
			}
		},
		{
			"from": [0, 9, 16],
			"to": [3, 10, 17],
			"rotation": {"angle": 0, "axis": "y", "origin": [0, 8, 17]},
			"faces": {
				"east": {"uv": [2, 7, 3, 8], "texture": "#2"},
				"south": {"uv": [0, 7, 3, 8], "texture": "#2"},
				"up": {"uv": [0, 0, 1, 3], "rotation": 270, "texture": "#3"}
			}
		},
		{
			"from": [-1, 9, 13],
			"to": [0, 10, 16],
			"rotation": {"angle": 0, "axis": "y", "origin": [0, 8, 16]},
			"faces": {
				"north": {"uv": [2, 7, 3, 8], "texture": "#2"},
				"west": {"uv": [0, 7, 3, 8], "texture": "#2"},
				"up": {"uv": [0, 0, 1, 3], "rotation": 180, "texture": "#3"}
			}
		},
		{
			"from": [-1, 9, 16],
			"to": [0, 10, 17],
			"rotation": {"angle": 0, "axis": "y", "origin": [-3, 8, 17]},
			"faces": {
				"south": {"uv": [0, 7, 1, 8], "texture": "#2"},
				"west": {"uv": [0, 7, 1, 8], "texture": "#2"},
				"up": {"uv": [0, 0, 1, 1], "rotation": 270, "texture": "#3"}
			}
		},
		{
			"from": [13, 0, 16],
			"to": [16, 9, 17],
			"rotation": {"angle": 0, "axis": "y", "origin": [16, 0, 17]},
			"faces": {
				"south": {"uv": [13, 7, 16, 16], "texture": "#2"},
				"west": {"uv": [13, 7, 14, 16], "texture": "#2"},
				"down": {"uv": [13, 15, 16, 16], "rotation": 180, "texture": "#2"}
			}
		},
		{
			"from": [16, 0, 13],
			"to": [17, 9, 16],
			"rotation": {"angle": 0, "axis": "y", "origin": [17, 0, 13]},
			"faces": {
				"north": {"uv": [2, 7, 3, 16], "texture": "#2"},
				"east": {"uv": [0, 7, 3, 16], "texture": "#2"},
				"down": {"uv": [0, 15, 3, 16], "rotation": 270, "texture": "#2"}
			}
		},
		{
			"from": [16, 0, 16],
			"to": [17, 9, 17],
			"rotation": {"angle": 0, "axis": "y", "origin": [17, 0, 16]},
			"faces": {
				"north": {"uv": [15, 7, 16, 16], "texture": "#2"},
				"east": {"uv": [15, 7, 16, 16], "texture": "#2"},
				"south": {"uv": [0, 7, 1, 16], "texture": "#2"},
				"down": {"uv": [15, 15, 16, 16], "rotation": 270, "texture": "#2"}
			}
		},
		{
			"from": [13, 9, 13],
			"to": [16, 10, 16],
			"rotation": {"angle": 0, "axis": "y", "origin": [16, 9, 16]},
			"faces": {
				"north": {"uv": [0, 2, 3, 3], "texture": "#3"},
				"west": {"uv": [2, 0, 3, 3], "rotation": 90, "texture": "#3"},
				"up": {"uv": [0, 0, 3, 3], "rotation": 180, "texture": "#3"}
			}
		},
		{
			"from": [16, 9, 13],
			"to": [17, 10, 16],
			"rotation": {"angle": 0, "axis": "y", "origin": [17, 8, 16]},
			"faces": {
				"north": {"uv": [2, 7, 3, 8], "texture": "#2"},
				"east": {"uv": [0, 7, 3, 8], "texture": "#2"},
				"up": {"uv": [0, 0, 1, 3], "rotation": 180, "texture": "#3"}
			}
		},
		{
			"from": [13, 9, 16],
			"to": [16, 10, 17],
			"rotation": {"angle": 0, "axis": "y", "origin": [16, 8, 16]},
			"faces": {
				"south": {"uv": [0, 7, 3, 8], "texture": "#2"},
				"west": {"uv": [2, 7, 3, 8], "texture": "#2"},
				"up": {"uv": [0, 0, 1, 3], "rotation": 90, "texture": "#3"}
			}
		},
		{
			"from": [16, 9, 16],
			"to": [17, 10, 17],
			"rotation": {"angle": 0, "axis": "y", "origin": [17, 8, 19]},
			"faces": {
				"east": {"uv": [0, 7, 1, 8], "texture": "#2"},
				"south": {"uv": [0, 7, 1, 8], "texture": "#2"},
				"up": {"uv": [0, 0, 1, 1], "rotation": 180, "texture": "#3"}
			}
		},
		{
			"from": [3, 5, -0.5],
			"to": [13, 7, 0],
			"rotation": {"angle": 0, "axis": "y", "origin": [3, 6, -1]},
			"faces": {
				"north": {"uv": [3, 9, 13, 11], "texture": "#2"},
				"up": {"uv": [3, 9, 13, 10], "texture": "#2"},
				"down": {"uv": [3, 10, 13, 11], "texture": "#2"}
			}
		},
		{
			"from": [-0.5, 5, 3],
			"to": [0, 7, 13],
			"rotation": {"angle": 0, "axis": "y", "origin": [-1, 6, 13]},
			"faces": {
				"west": {"uv": [3, 9, 13, 11], "texture": "#2"},
				"up": {"uv": [3, 9, 13, 10], "rotation": 270, "texture": "#2"},
				"down": {"uv": [3, 10, 13, 11], "rotation": 90, "texture": "#2"}
			}
		},
		{
			"from": [3, 5, 16],
			"to": [13, 7, 16.5],
			"rotation": {"angle": 0, "axis": "y", "origin": [13, 6, 17]},
			"faces": {
				"south": {"uv": [3, 9, 13, 11], "texture": "#2"},
				"up": {"uv": [3, 9, 13, 10], "rotation": 180, "texture": "#2"},
				"down": {"uv": [3, 10, 13, 11], "rotation": 180, "texture": "#2"}
			}
		},
		{
			"from": [16, 5, 3],
			"to": [16.5, 7, 13],
			"rotation": {"angle": 0, "axis": "y", "origin": [17, 6, 3]},
			"faces": {
				"east": {"uv": [3, 9, 13, 11], "texture": "#2"},
				"up": {"uv": [3, 9, 13, 10], "rotation": 90, "texture": "#2"},
				"down": {"uv": [3, 10, 13, 11], "rotation": 270, "texture": "#2"}
			}
		},
		{
			"from": [1, 9, 7.5],
			"to": [15, 10, 8.5],
			"rotation": {"angle": 0, "axis": "y", "origin": [2, 9, 7]},
			"faces": {
				"north": {"uv": [1, 15, 15, 16], "texture": "#1"},
				"east": {"uv": [1, 15, 2, 16], "texture": "#1"},
				"south": {"uv": [1, 15, 15, 16], "texture": "#1"},
				"west": {"uv": [14, 15, 15, 16], "texture": "#1"},
				"up": {"uv": [1, 15, 15, 16], "texture": "#1"}
			}
		},
		{
			"from": [1, 10, 7.5],
			"to": [15, 11, 8.5],
			"rotation": {"angle": 0, "axis": "y", "origin": [2, 10, 7]},
			"faces": {
				"north": {"uv": [1, 14, 15, 15], "texture": "#1"},
				"east": {"uv": [1, 14, 2, 15], "texture": "#1"},
				"south": {"uv": [1, 14, 15, 15], "texture": "#1"},
				"west": {"uv": [14, 14, 15, 15], "texture": "#1"},
				"up": {"uv": [1, 14, 15, 15], "texture": "#1"}
			}
		},
		{
			"from": [1, 11, 7.5],
			"to": [15, 12, 8.5],
			"rotation": {"angle": 0, "axis": "y", "origin": [2, 11, 7]},
			"faces": {
				"north": {"uv": [1, 13, 15, 14], "texture": "#1"},
				"east": {"uv": [1, 13, 2, 14], "texture": "#1"},
				"south": {"uv": [1, 13, 15, 14], "texture": "#1"},
				"west": {"uv": [14, 13, 15, 14], "texture": "#1"},
				"up": {"uv": [1, 13, 15, 14], "texture": "#1"}
			}
		},
		{
			"from": [2, 12, 7.5],
			"to": [14, 13, 8.5],
			"rotation": {"angle": 0, "axis": "y", "origin": [2, 12, 7]},
			"faces": {
				"north": {"uv": [2, 12, 14, 13], "texture": "#1"},
				"east": {"uv": [2, 12, 3, 13], "texture": "#1"},
				"south": {"uv": [2, 12, 14, 13], "texture": "#1"},
				"west": {"uv": [13, 12, 14, 13], "texture": "#1"},
				"up": {"uv": [2, 12, 14, 13], "texture": "#1"}
			}
		},
		{
			"from": [2, 13, 7.5],
			"to": [14, 14, 8.5],
			"rotation": {"angle": 0, "axis": "y", "origin": [2, 13, 7]},
			"faces": {
				"north": {"uv": [2, 11, 14, 12], "texture": "#1"},
				"east": {"uv": [2, 11, 3, 12], "texture": "#1"},
				"south": {"uv": [2, 11, 14, 12], "texture": "#1"},
				"west": {"uv": [13, 11, 14, 12], "texture": "#1"},
				"up": {"uv": [2, 11, 14, 12], "texture": "#1"}
			}
		},
		{
			"from": [3, 14, 7.5],
			"to": [13, 15, 8.5],
			"rotation": {"angle": 0, "axis": "y", "origin": [2, 14, 7]},
			"faces": {
				"north": {"uv": [3, 10, 13, 11], "texture": "#1"},
				"east": {"uv": [3, 10, 4, 11], "texture": "#1"},
				"south": {"uv": [3, 10, 13, 11], "texture": "#1"},
				"west": {"uv": [12, 10, 13, 11], "texture": "#1"},
				"up": {"uv": [3, 10, 13, 11], "texture": "#1"}
			}
		},
		{
			"from": [5, 15, 7.5],
			"to": [11, 16, 8.5],
			"rotation": {"angle": 0, "axis": "y", "origin": [2, 15, 7]},
			"faces": {
				"north": {"uv": [5, 9, 11, 10], "texture": "#1"},
				"east": {"uv": [5, 9, 6, 10], "texture": "#1"},
				"south": {"uv": [5, 9, 11, 10], "texture": "#1"},
				"west": {"uv": [10, 9, 11, 10], "texture": "#1"},
				"up": {"uv": [5, 9, 11, 10], "texture": "#1"}
			}
		}
	],
	"display": {
		"thirdperson_righthand": {
			"rotation": [99, 38, 0],
			"translation": [0, 4.25, 0],
			"scale": [0.5, 0.5, 0.5]
		},
		"thirdperson_lefthand": {
			"rotation": [99, 38, 0],
			"translation": [0, 4.25, 0],
			"scale": [0.5, 0.5, 0.5]
		},
		"firstperson_righthand": {
			"rotation": [19.5, 33.25, 0],
			"scale": [0.5, 0.5, 0.5]
		},
		"firstperson_lefthand": {
			"rotation": [19.5, 33.25, 0],
			"scale": [0.5, 0.5, 0.5]
		},
		"ground": {
			"scale": [0.5, 0.5, 0.5]
		},
		"gui": {
			"rotation": [16.75, 153, 0],
			"scale": [0.6, 0.6, 0.6]
		},
		"head": {
			"translation": [0, 5.5, 0],
			"scale": [0.79, 0.79, 0.79]
		},
		"fixed": {
			"scale": [0.7, 0.7, 0.7]
		}
	},
	"groups": [
		0,
		{
			"name": "Corner",
			"origin": [-1, 8, -3],
			"color": 0,
			"children": [1, 2, 3, 4, 5, 6, 7, 8, 9, 10, 11, 12, 13, 14]
		},
		{
			"name": "Corner",
			"origin": [-1, 8, -3],
			"color": 0,
			"children": [15, 16, 17, 18, 19, 20, 21, 22, 23, 24, 25, 26, 27, 28, 29, 30, 31, 32]
		},
		33,
		34,
		35,
		36,
		37,
		38,
		39
	]
}