{
	"textures": {
		"0": "block/tnt_bottom",
		"1": "block/tnt_side",
		"2": "block/tnt_top",
		"particle": "block/tnt_bottom"
	},
	"elements": [
		{
			"name": "Mainblock",
			"from": [0, 0, 0],
			"to": [16, 16, 16],
			"faces": {
				"north": {"uv": [0, 0, 16, 16], "texture": "#1"},
				"east": {"uv": [0, 0, 16, 16], "texture": "#1"},
				"south": {"uv": [0, 0, 16, 16], "texture": "#1"},
				"west": {"uv": [0, 0, 16, 16], "texture": "#1"},
				"up": {"uv": [0, 0, 16, 16], "texture": "#2"},
				"down": {"uv": [0, 0, 16, 16], "texture": "#0"}
			}
		},
		{
			"from": [6, 16, 6],
			"to": [10, 17, 7],
			"rotation": {"angle": 0, "axis": "y", "origin": [0, 1, 0]},
			"faces": {
				"north": {"uv": [6, 6, 10, 7], "texture": "#2"},
				"east": {"uv": [6, 6, 7, 7], "texture": "#2"},
				"south": {"uv": [6, 6, 10, 7], "texture": "#2"},
				"west": {"uv": [6, 6, 7, 7], "texture": "#2"},
				"up": {"uv": [6, 6, 10, 7], "texture": "#2"},
				"down": {"uv": [6, 6, 10, 7], "texture": "#missing"}
			}
		},
		{
			"from": [6, 16, 5],
			"to": [7, 17, 6],
			"rotation": {"angle": 0, "axis": "y", "origin": [0, 1, 0]},
			"faces": {
				"north": {"uv": [6, 5, 7, 6], "texture": "#2"},
				"east": {"uv": [6, 5, 7, 6], "texture": "#2"},
				"south": {"uv": [6, 5, 7, 6], "texture": "#2"},
				"west": {"uv": [6, 5, 7, 6], "texture": "#2"},
				"up": {"uv": [6, 5, 7, 6], "texture": "#2"},
				"down": {"uv": [6, 5, 7, 6], "texture": "#missing"}
			}
		},
		{
			"from": [3, 16, 4],
			"to": [5, 17, 5],
			"rotation": {"angle": 0, "axis": "y", "origin": [0, 1, 0]},
			"faces": {
				"north": {"uv": [3, 4, 5, 5], "texture": "#2"},
				"east": {"uv": [3, 4, 4, 5], "texture": "#2"},
				"south": {"uv": [3, 4, 5, 5], "texture": "#2"},
				"west": {"uv": [3, 4, 4, 5], "texture": "#2"},
				"up": {"uv": [3, 4, 5, 5], "texture": "#2"},
				"down": {"uv": [3, 4, 5, 5], "texture": "#missing"}
			}
		},
		{
			"from": [5, 16, 3],
			"to": [6, 17, 4],
			"rotation": {"angle": 0, "axis": "y", "origin": [0, 1, 0]},
			"faces": {
				"north": {"uv": [5, 3, 6, 4], "texture": "#2"},
				"east": {"uv": [5, 3, 6, 4], "texture": "#2"},
				"south": {"uv": [5, 3, 6, 4], "texture": "#2"},
				"west": {"uv": [5, 3, 6, 4], "texture": "#2"},
				"up": {"uv": [5, 3, 6, 4], "texture": "#2"},
				"down": {"uv": [5, 3, 6, 4], "texture": "#missing"}
			}
		},
		{
			"from": [7, 16, 2],
			"to": [9, 17, 3],
			"rotation": {"angle": 0, "axis": "y", "origin": [0, 1, 0]},
			"faces": {
				"north": {"uv": [7, 2, 9, 3], "texture": "#2"},
				"east": {"uv": [7, 2, 8, 3], "texture": "#2"},
				"south": {"uv": [7, 2, 9, 3], "texture": "#2"},
				"west": {"uv": [7, 2, 8, 3], "texture": "#2"},
				"up": {"uv": [7, 2, 9, 3], "texture": "#2"},
				"down": {"uv": [7, 2, 9, 3], "texture": "#missing"}
			}
		},
		{
			"from": [10, 16, 3],
			"to": [11, 17, 4],
			"rotation": {"angle": 0, "axis": "y", "origin": [0, 1, 0]},
			"faces": {
				"north": {"uv": [10, 3, 11, 4], "texture": "#2"},
				"east": {"uv": [10, 3, 11, 4], "texture": "#2"},
				"south": {"uv": [10, 3, 11, 4], "texture": "#2"},
				"west": {"uv": [10, 3, 11, 4], "texture": "#2"},
				"up": {"uv": [10, 3, 11, 4], "texture": "#2"},
				"down": {"uv": [10, 3, 11, 4], "texture": "#missing"}
			}
		},
		{
			"from": [11, 16, 3],
			"to": [12, 17, 5],
			"rotation": {"angle": 0, "axis": "y", "origin": [0, 1, 0]},
			"faces": {
				"north": {"uv": [10, 3, 11, 4], "texture": "#2"},
				"east": {"uv": [10, 3, 12, 4], "texture": "#2"},
				"south": {"uv": [10, 3, 11, 4], "texture": "#2"},
				"west": {"uv": [10, 3, 12, 4], "texture": "#2"},
				"up": {"uv": [11, 3, 12, 5], "texture": "#2"},
				"down": {"uv": [10, 3, 11, 5], "texture": "#missing"}
			}
		},
		{
			"from": [12, 16, 2],
			"to": [14, 17, 3],
			"rotation": {"angle": 0, "axis": "y", "origin": [0, 1, 0]},
			"faces": {
				"north": {"uv": [12, 2, 14, 3], "texture": "#2"},
				"east": {"uv": [12, 2, 13, 3], "texture": "#2"},
				"south": {"uv": [12, 2, 14, 3], "texture": "#2"},
				"west": {"uv": [12, 2, 13, 3], "texture": "#2"},
				"up": {"uv": [12, 2, 14, 3], "texture": "#2"},
				"down": {"uv": [12, 2, 14, 3], "texture": "#missing"}
			}
		},
		{
			"from": [12, 16, 5],
			"to": [13, 17, 6],
			"rotation": {"angle": 0, "axis": "y", "origin": [0, 1, 0]},
			"faces": {
				"north": {"uv": [12, 5, 13, 6], "texture": "#2"},
				"east": {"uv": [12, 5, 13, 6], "texture": "#2"},
				"south": {"uv": [12, 5, 13, 6], "texture": "#2"},
				"west": {"uv": [12, 5, 13, 6], "texture": "#2"},
				"up": {"uv": [12, 5, 13, 6], "texture": "#2"},
				"down": {"uv": [12, 5, 13, 6], "texture": "#missing"}
			}
		},
		{
			"from": [13, 16, 6],
			"to": [14, 17, 8],
			"rotation": {"angle": 0, "axis": "y", "origin": [0, 1, 0]},
			"faces": {
				"north": {"uv": [13, 6, 14, 7], "texture": "#2"},
				"east": {"uv": [13, 6, 14, 7], "texture": "#2"},
				"south": {"uv": [13, 6, 14, 7], "texture": "#2"},
				"west": {"uv": [13, 6, 14, 7], "texture": "#2"},
				"up": {"uv": [13, 6, 14, 8], "texture": "#2"},
				"down": {"uv": [13, 6, 14, 8], "texture": "#missing"}
			}
		},
		{
			"from": [12, 16, 8],
			"to": [13, 17, 10],
			"rotation": {"angle": 0, "axis": "y", "origin": [0, 1, 0]},
			"faces": {
				"north": {"uv": [12, 8, 13, 9], "texture": "#2"},
				"east": {"uv": [12, 8, 13, 9], "texture": "#2"},
				"south": {"uv": [12, 8, 13, 9], "texture": "#2"},
				"west": {"uv": [12, 8, 13, 9], "texture": "#2"},
				"up": {"uv": [12, 8, 13, 10], "texture": "#2"},
				"down": {"uv": [12, 8, 13, 10], "texture": "#missing"}
			}
		},
		{
			"from": [11, 16, 10],
			"to": [12, 17, 11],
			"rotation": {"angle": 0, "axis": "y", "origin": [0, 1, 0]},
			"faces": {
				"north": {"uv": [11, 10, 12, 11], "texture": "#2"},
				"east": {"uv": [11, 10, 12, 11], "texture": "#2"},
				"south": {"uv": [11, 10, 12, 11], "texture": "#2"},
				"west": {"uv": [11, 10, 12, 11], "texture": "#2"},
				"up": {"uv": [11, 10, 12, 11], "texture": "#2"},
				"down": {"uv": [11, 10, 12, 11], "texture": "#missing"}
			}
		},
		{
			"from": [10, 16, 11],
			"to": [11, 17, 12],
			"rotation": {"angle": 0, "axis": "y", "origin": [0, 1, 0]},
			"faces": {
				"north": {"uv": [10, 11, 11, 12], "texture": "#2"},
				"east": {"uv": [10, 11, 11, 12], "texture": "#2"},
				"south": {"uv": [10, 11, 11, 12], "texture": "#2"},
				"west": {"uv": [10, 11, 11, 12], "texture": "#2"},
				"up": {"uv": [10, 11, 11, 12], "texture": "#2"},
				"down": {"uv": [10, 11, 11, 12], "texture": "#missing"}
			}
		},
		{
			"from": [8, 16, 12],
			"to": [10, 17, 13],
			"rotation": {"angle": 0, "axis": "y", "origin": [0, 1, 0]},
			"faces": {
				"north": {"uv": [8, 12, 10, 13], "texture": "#2"},
				"east": {"uv": [8, 12, 9, 13], "texture": "#2"},
				"south": {"uv": [8, 12, 10, 13], "texture": "#2"},
				"west": {"uv": [8, 12, 9, 13], "texture": "#2"},
				"up": {"uv": [8, 12, 10, 13], "texture": "#2"},
				"down": {"uv": [8, 12, 10, 13], "texture": "#missing"}
			}
		},
		{
			"from": [6, 16, 12],
			"to": [7, 17, 13],
			"rotation": {"angle": 0, "axis": "y", "origin": [0, 1, 0]},
			"faces": {
				"north": {"uv": [6, 12, 7, 13], "texture": "#2"},
				"east": {"uv": [6, 12, 7, 13], "texture": "#2"},
				"south": {"uv": [6, 12, 7, 13], "texture": "#2"},
				"west": {"uv": [6, 12, 7, 13], "texture": "#2"},
				"up": {"uv": [6, 12, 7, 13], "texture": "#2"},
				"down": {"uv": [6, 12, 7, 13], "texture": "#missing"}
			}
		},
		{
			"from": [5, 16, 10],
			"to": [6, 17, 12],
			"rotation": {"angle": 0, "axis": "y", "origin": [0, 1, 0]},
			"faces": {
				"north": {"uv": [5, 10, 6, 11], "texture": "#2"},
				"east": {"uv": [5, 10, 6, 11], "texture": "#2"},
				"south": {"uv": [5, 10, 6, 11], "texture": "#2"},
				"west": {"uv": [5, 10, 6, 11], "texture": "#2"},
				"up": {"uv": [5, 10, 6, 12], "texture": "#2"},
				"down": {"uv": [5, 10, 6, 12], "texture": "#missing"}
			}
		},
		{
			"from": [4, 16, 9],
			"to": [5, 17, 10],
			"rotation": {"angle": 0, "axis": "y", "origin": [0, 1, 0]},
			"faces": {
				"north": {"uv": [4, 9, 5, 10], "texture": "#2"},
				"east": {"uv": [4, 9, 5, 10], "texture": "#2"},
				"south": {"uv": [4, 9, 5, 10], "texture": "#2"},
				"west": {"uv": [4, 9, 5, 10], "texture": "#2"},
				"up": {"uv": [4, 9, 5, 10], "texture": "#2"},
				"down": {"uv": [4, 9, 5, 10], "texture": "#missing"}
			}
		},
		{
			"from": [5, 16, 8],
			"to": [11, 17, 9],
			"rotation": {"angle": 0, "axis": "y", "origin": [0, 1, 0]},
			"faces": {
				"north": {"uv": [5, 8, 11, 9], "texture": "#2"},
				"east": {"uv": [5, 8, 6, 9], "texture": "#2"},
				"south": {"uv": [5, 8, 11, 9], "texture": "#2"},
				"west": {"uv": [5, 8, 6, 9], "texture": "#2"},
				"up": {"uv": [5, 8, 11, 9], "texture": "#2"},
				"down": {"uv": [5, 8, 11, 9], "texture": "#missing"}
			}
		},
		{
			"from": [6, 16, 7],
			"to": [9, 17, 8],
			"rotation": {"angle": 0, "axis": "y", "origin": [0, 1, 0]},
			"faces": {
				"north": {"uv": [6, 7, 9, 8], "texture": "#2"},
				"east": {"uv": [6, 7, 7, 8], "texture": "#2"},
				"south": {"uv": [6, 7, 9, 8], "texture": "#2"},
				"west": {"uv": [6, 7, 7, 8], "texture": "#2"},
				"up": {"uv": [6, 7, 9, 8], "texture": "#2"},
				"down": {"uv": [6, 7, 9, 8], "texture": "#missing"}
			}
		},
		{
			"from": [6, 16, 9],
			"to": [9, 17, 10],
			"rotation": {"angle": 0, "axis": "y", "origin": [0, 1, 0]},
			"faces": {
				"north": {"uv": [6, 9, 9, 10], "texture": "#2"},
				"east": {"uv": [6, 9, 7, 10], "texture": "#2"},
				"south": {"uv": [6, 9, 9, 10], "texture": "#2"},
				"west": {"uv": [6, 9, 7, 10], "texture": "#2"},
				"up": {"uv": [6, 9, 9, 10], "texture": "#2"},
				"down": {"uv": [6, 9, 9, 10], "texture": "#missing"}
			}
		},
		{
			"from": [7, 16, 10],
			"to": [9, 17, 11],
			"rotation": {"angle": 0, "axis": "y", "origin": [0, 1, 0]},
			"faces": {
				"north": {"uv": [7, 9, 9, 10], "texture": "#2"},
				"east": {"uv": [7, 9, 8, 10], "texture": "#2"},
				"south": {"uv": [7, 9, 9, 10], "texture": "#2"},
				"west": {"uv": [7, 9, 8, 10], "texture": "#2"},
				"up": {"uv": [7, 9, 9, 10], "texture": "#2"},
				"down": {"uv": [7, 9, 9, 10], "texture": "#missing"}
			}
		},
		{
			"from": [0, 5, -1],
			"to": [16, 11, 0],
			"rotation": {"angle": 0, "axis": "y", "origin": [0, 0, -1]},
			"faces": {
				"north": {"uv": [0, 5, 16, 11], "texture": "#1"},
				"east": {"uv": [0, 5, 1, 11], "texture": "#1"},
				"south": {"uv": [0, 5, 16, 11], "texture": "#1"},
				"west": {"uv": [0, 5, 1, 11], "texture": "#1"},
				"up": {"uv": [0, 5, 16, 6], "texture": "#1"},
				"down": {"uv": [0, 5, 16, 6], "texture": "#1"}
			}
		},
		{
			"from": [-1, 5, 0],
			"to": [0, 11, 16],
			"rotation": {"angle": 0, "axis": "y", "origin": [-1, 0, 0]},
			"faces": {
				"north": {"uv": [15, 5, 16, 11], "texture": "#1"},
				"east": {"uv": [0, 5, 16, 11], "texture": "#missing"},
				"south": {"uv": [0, 5, 1, 11], "texture": "#1"},
				"west": {"uv": [0, 5, 16, 11], "texture": "#1"},
				"up": {"uv": [0, 5, 16, 6], "rotation": 270, "texture": "#1"},
				"down": {"uv": [0, 5, 16, 6], "rotation": 90, "texture": "#1"}
			}
		},
		{
			"from": [16, 5, 0],
			"to": [17, 11, 16],
			"rotation": {"angle": 0, "axis": "y", "origin": [1, 0, 0]},
			"faces": {
				"north": {"uv": [0, 5, 1, 11], "texture": "#1"},
				"east": {"uv": [0, 5, 16, 11], "texture": "#1"},
				"south": {"uv": [15, 5, 16, 11], "texture": "#1"},
				"west": {"uv": [0, 5, 16, 11], "texture": "#missing"},
				"up": {"uv": [0, 5, 16, 6], "rotation": 90, "texture": "#1"},
				"down": {"uv": [0, 5, 16, 6], "rotation": 270, "texture": "#1"}
			}
		},
		{
			"from": [0, 5, 16],
			"to": [16, 11, 17],
			"rotation": {"angle": 0, "axis": "y", "origin": [0, 0, 1]},
			"faces": {
				"north": {"uv": [0, 5, 16, 11], "texture": "#missing"},
				"east": {"uv": [0, 5, 1, 11], "texture": "#1"},
				"south": {"uv": [0, 5, 16, 11], "texture": "#1"},
				"west": {"uv": [15, 5, 16, 11], "texture": "#1"},
				"up": {"uv": [0, 5, 16, 6], "rotation": 180, "texture": "#1"},
				"down": {"uv": [0, 5, 16, 6], "rotation": 180, "texture": "#1"}
			}
		},
		{
			"from": [-1, 5, -1],
			"to": [0, 11, 0],
			"rotation": {"angle": 0, "axis": "y", "origin": [-1, 5, -1]},
			"faces": {
				"north": {"uv": [0, 5, 1, 11], "texture": "#1"},
				"east": {"uv": [15, 5, 16, 11], "texture": "#1"},
				"south": {"uv": [0, 5, 1, 11], "texture": "#1"},
				"west": {"uv": [15, 5, 16, 11], "texture": "#1"},
				"up": {"uv": [0, 5, 1, 6], "texture": "#1"},
				"down": {"uv": [0, 10, 1, 11], "texture": "#1"}
			}
		},
		{
			"from": [16, 5, -1],
			"to": [17, 11, 0],
			"rotation": {"angle": 0, "axis": "y", "origin": [17, 5, -1]},
			"faces": {
				"north": {"uv": [15, 5, 16, 11], "texture": "#1"},
				"east": {"uv": [0, 5, 1, 11], "texture": "#1"},
				"south": {"uv": [15, 5, 16, 11], "texture": "#1"},
				"west": {"uv": [0, 5, 1, 11], "texture": "#1"},
				"up": {"uv": [0, 5, 1, 6], "rotation": 90, "texture": "#1"},
				"down": {"uv": [0, 10, 1, 11], "rotation": 270, "texture": "#1"}
			}
		},
		{
			"from": [16, 5, 16],
			"to": [17, 11, 17],
			"rotation": {"angle": 0, "axis": "y", "origin": [17, 5, 17]},
			"faces": {
				"north": {"uv": [0, 5, 1, 11], "texture": "#1"},
				"east": {"uv": [15, 5, 16, 11], "texture": "#1"},
				"south": {"uv": [0, 5, 1, 11], "texture": "#1"},
				"west": {"uv": [15, 5, 16, 11], "texture": "#1"},
				"up": {"uv": [0, 5, 1, 6], "rotation": 180, "texture": "#1"},
				"down": {"uv": [0, 10, 1, 11], "rotation": 180, "texture": "#1"}
			}
		},
		{
			"from": [-1, 5, 16],
			"to": [0, 11, 17],
			"rotation": {"angle": 0, "axis": "y", "origin": [-1, 5, 17]},
			"faces": {
				"north": {"uv": [15, 5, 16, 11], "texture": "#1"},
				"east": {"uv": [0, 5, 1, 11], "texture": "#1"},
				"south": {"uv": [15, 5, 16, 11], "texture": "#1"},
				"west": {"uv": [0, 5, 1, 11], "texture": "#1"},
				"up": {"uv": [0, 5, 1, 6], "rotation": 270, "texture": "#1"},
				"down": {"uv": [0, 10, 1, 11], "rotation": 90, "texture": "#1"}
			}
		},
		{
			"from": [2, 16, 2],
			"to": [3, 16.5, 3],
			"rotation": {"angle": 0, "axis": "y", "origin": [2, 16, 2]},
			"faces": {
				"north": {"uv": [2, 2, 3, 2.5], "texture": "#2"},
				"east": {"uv": [2, 2, 3, 2.5], "texture": "#2"},
				"south": {"uv": [2, 2, 3, 2.5], "texture": "#2"},
				"west": {"uv": [2, 2, 3, 2.5], "texture": "#2"},
				"up": {"uv": [2, 2, 3, 3], "texture": "#2"},
				"down": {"uv": [2, 2, 3, 3], "texture": "#2"}
			}
		},
		{
			"from": [3, 16, 3],
			"to": [4, 16.5, 4],
			"rotation": {"angle": 0, "axis": "y", "origin": [3, 16, 3]},
			"faces": {
				"north": {"uv": [3, 3, 4, 3.5], "texture": "#2"},
				"east": {"uv": [3, 3, 4, 3.5], "texture": "#2"},
				"south": {"uv": [3, 3, 4, 3.5], "texture": "#2"},
				"west": {"uv": [3, 3, 4, 3.5], "texture": "#2"},
				"up": {"uv": [3, 3, 4, 4], "texture": "#2"},
				"down": {"uv": [3, 3, 4, 4], "texture": "#2"}
			}
		},
		{
			"from": [3, 16, 12],
			"to": [4, 16.5, 13],
			"rotation": {"angle": 0, "axis": "y", "origin": [3, 16, 12]},
			"faces": {
				"north": {"uv": [3, 12, 4, 12.5], "texture": "#2"},
				"east": {"uv": [3, 12, 4, 12.5], "texture": "#2"},
				"south": {"uv": [3, 12, 4, 12.5], "texture": "#2"},
				"west": {"uv": [3, 12, 4, 12.5], "texture": "#2"},
				"up": {"uv": [3, 12, 4, 13], "texture": "#2"},
				"down": {"uv": [3, 12, 4, 13], "texture": "#2"}
			}
		},
		{
			"from": [2, 16, 10],
			"to": [3, 16.5, 11],
			"rotation": {"angle": 0, "axis": "y", "origin": [2, 16, 10]},
			"faces": {
				"north": {"uv": [3, 12, 4, 12.5], "texture": "#2"},
				"east": {"uv": [3, 12, 4, 12.5], "texture": "#2"},
				"south": {"uv": [3, 12, 4, 12.5], "texture": "#2"},
				"west": {"uv": [3, 12, 4, 12.5], "texture": "#2"},
				"up": {"uv": [3, 12, 4, 13], "texture": "#2"},
				"down": {"uv": [3, 12, 4, 13], "texture": "#2"}
			}
		},
		{
			"from": [2, 16, 13],
			"to": [3, 16.5, 14],
			"rotation": {"angle": 0, "axis": "y", "origin": [2, 16, 13]},
			"faces": {
				"north": {"uv": [2, 13, 3, 13.5], "texture": "#2"},
				"east": {"uv": [2, 13, 3, 13.5], "texture": "#2"},
				"south": {"uv": [2, 13, 3, 13.5], "texture": "#2"},
				"west": {"uv": [2, 13, 3, 13.5], "texture": "#2"},
				"up": {"uv": [2, 13, 3, 14], "texture": "#2"},
				"down": {"uv": [2, 13, 3, 14], "texture": "#2"}
			}
		},
		{
			"from": [6, 16, 13],
			"to": [7, 16.5, 14],
			"rotation": {"angle": 0, "axis": "y", "origin": [6, 16, 13]},
			"faces": {
				"north": {"uv": [6, 13, 7, 13.5], "texture": "#2"},
				"east": {"uv": [6, 13, 7, 13.5], "texture": "#2"},
				"south": {"uv": [6, 13, 7, 13.5], "texture": "#2"},
				"west": {"uv": [6, 13, 7, 13.5], "texture": "#2"},
				"up": {"uv": [6, 13, 7, 14], "texture": "#2"},
				"down": {"uv": [6, 13, 7, 14], "texture": "#2"}
			}
		},
		{
			"from": [4, 16, 11],
			"to": [5, 16.5, 12],
			"rotation": {"angle": 0, "axis": "y", "origin": [4, 16, 11]},
			"faces": {
				"north": {"uv": [4, 11, 5, 11.5], "texture": "#2"},
				"east": {"uv": [4, 11, 5, 11.5], "texture": "#2"},
				"south": {"uv": [4, 11, 5, 11.5], "texture": "#2"},
				"west": {"uv": [4, 11, 5, 11.5], "texture": "#2"},
				"up": {"uv": [4, 11, 5, 12], "texture": "#2"},
				"down": {"uv": [4, 11, 5, 12], "texture": "#2"}
			}
		},
		{
			"from": [9, 16, 13],
			"to": [10, 16.5, 14],
			"rotation": {"angle": 0, "axis": "y", "origin": [9, 16, 13]},
			"faces": {
				"north": {"uv": [9, 13, 10, 13.5], "texture": "#2"},
				"east": {"uv": [9, 13, 10, 13.5], "texture": "#2"},
				"south": {"uv": [9, 13, 10, 13.5], "texture": "#2"},
				"west": {"uv": [9, 13, 10, 13.5], "texture": "#2"},
				"up": {"uv": [9, 13, 10, 14], "texture": "#2"},
				"down": {"uv": [9, 13, 10, 14], "texture": "#2"}
			}
		},
		{
			"from": [9, 16, 10],
			"to": [10, 16.5, 11],
			"rotation": {"angle": 0, "axis": "y", "origin": [9, 16, 10]},
			"faces": {
				"north": {"uv": [9, 13, 10, 13.5], "texture": "#2"},
				"east": {"uv": [9, 13, 10, 13.5], "texture": "#2"},
				"south": {"uv": [9, 13, 10, 13.5], "texture": "#2"},
				"west": {"uv": [9, 13, 10, 13.5], "texture": "#2"},
				"up": {"uv": [9, 13, 10, 14], "texture": "#2"},
				"down": {"uv": [9, 13, 10, 14], "texture": "#2"}
			}
		},
		{
			"from": [13, 16, 13],
			"to": [14, 16.5, 14],
			"rotation": {"angle": 0, "axis": "y", "origin": [13, 16, 13]},
			"faces": {
				"north": {"uv": [13, 13, 14, 13.5], "texture": "#2"},
				"east": {"uv": [13, 13, 14, 13.5], "texture": "#2"},
				"south": {"uv": [13, 13, 14, 13.5], "texture": "#2"},
				"west": {"uv": [13, 13, 14, 13.5], "texture": "#2"},
				"up": {"uv": [13, 13, 14, 14], "texture": "#2"},
				"down": {"uv": [13, 13, 14, 14], "texture": "#2"}
			}
		},
		{
			"from": [11, 16, 12],
			"to": [13, 16.5, 13],
			"rotation": {"angle": 0, "axis": "y", "origin": [12, 16, 12]},
			"faces": {
				"north": {"uv": [13, 13, 14, 13.5], "texture": "#2"},
				"east": {"uv": [13, 13, 14, 13.5], "texture": "#2"},
				"south": {"uv": [13, 13, 14, 13.5], "texture": "#2"},
				"west": {"uv": [13, 13, 14, 13.5], "texture": "#2"},
				"up": {"uv": [13, 13, 14, 14], "texture": "#2"},
				"down": {"uv": [13, 13, 14, 14], "texture": "#2"}
			}
		},
		{
			"from": [12, 16, 10],
			"to": [14, 16.5, 11],
			"rotation": {"angle": 0, "axis": "y", "origin": [13, 16, 10]},
			"faces": {
				"north": {"uv": [13, 13, 14, 13.5], "texture": "#2"},
				"east": {"uv": [13, 13, 14, 13.5], "texture": "#2"},
				"south": {"uv": [13, 13, 14, 13.5], "texture": "#2"},
				"west": {"uv": [13, 13, 14, 13.5], "texture": "#2"},
				"up": {"uv": [13, 13, 14, 14], "texture": "#2"},
				"down": {"uv": [13, 13, 14, 14], "texture": "#2"}
			}
		},
		{
			"from": [7, 16, 11],
			"to": [9, 16.5, 12],
			"rotation": {"angle": 0, "axis": "y", "origin": [8, 16, 11]},
			"faces": {
				"north": {"uv": [13, 13, 14, 13.5], "texture": "#2"},
				"east": {"uv": [13, 13, 14, 13.5], "texture": "#2"},
				"south": {"uv": [13, 13, 14, 13.5], "texture": "#2"},
				"west": {"uv": [13, 13, 14, 13.5], "texture": "#2"},
				"up": {"uv": [13, 13, 14, 14], "texture": "#2"},
				"down": {"uv": [13, 13, 14, 14], "texture": "#2"}
			}
		},
		{
			"from": [9, 16, 9],
			"to": [11, 16.5, 10],
			"rotation": {"angle": 0, "axis": "y", "origin": [10, 16, 9]},
			"faces": {
				"north": {"uv": [13, 13, 14, 13.5], "texture": "#2"},
				"east": {"uv": [13, 13, 14, 13.5], "texture": "#2"},
				"south": {"uv": [13, 13, 14, 13.5], "texture": "#2"},
				"west": {"uv": [13, 13, 14, 13.5], "texture": "#2"},
				"up": {"uv": [13, 13, 14, 14], "texture": "#2"},
				"down": {"uv": [13, 13, 14, 14], "texture": "#2"}
			}
		},
		{
			"from": [9, 16, 7],
			"to": [12, 16.5, 8],
			"rotation": {"angle": 0, "axis": "y", "origin": [10, 16, 7]},
			"faces": {
				"north": {"uv": [13, 13, 14, 13.5], "texture": "#2"},
				"east": {"uv": [13, 13, 14, 13.5], "texture": "#2"},
				"south": {"uv": [13, 13, 14, 13.5], "texture": "#2"},
				"west": {"uv": [13, 13, 14, 13.5], "texture": "#2"},
				"up": {"uv": [13, 13, 14, 14], "texture": "#2"},
				"down": {"uv": [13, 13, 14, 14], "texture": "#2"}
			}
		},
		{
			"from": [2, 16, 9],
			"to": [4, 16.5, 10],
			"rotation": {"angle": 0, "axis": "y", "origin": [3, 16, 9]},
			"faces": {
				"north": {"uv": [13, 13, 14, 13.5], "texture": "#2"},
				"east": {"uv": [13, 13, 14, 13.5], "texture": "#2"},
				"south": {"uv": [13, 13, 14, 13.5], "texture": "#2"},
				"west": {"uv": [13, 13, 14, 13.5], "texture": "#2"},
				"up": {"uv": [13, 13, 14, 14], "texture": "#2"},
				"down": {"uv": [13, 13, 14, 14], "texture": "#2"}
			}
		},
		{
			"from": [2, 16, 6],
			"to": [5, 16.5, 7],
			"rotation": {"angle": 0, "axis": "y", "origin": [3, 16, 6]},
			"faces": {
				"north": {"uv": [13, 13, 14, 13.5], "texture": "#2"},
				"east": {"uv": [13, 13, 14, 13.5], "texture": "#2"},
				"south": {"uv": [13, 13, 14, 13.5], "texture": "#2"},
				"west": {"uv": [13, 13, 14, 13.5], "texture": "#2"},
				"up": {"uv": [13, 13, 14, 14], "texture": "#2"},
				"down": {"uv": [13, 13, 14, 14], "texture": "#2"}
			}
		},
		{
			"from": [9, 16, 2],
			"to": [10, 16.5, 3],
			"rotation": {"angle": 0, "axis": "y", "origin": [9, 16, 2]},
			"faces": {
				"north": {"uv": [9, 2, 10, 2.5], "texture": "#2"},
				"east": {"uv": [9, 2, 10, 2.5], "texture": "#2"},
				"south": {"uv": [9, 2, 10, 2.5], "texture": "#2"},
				"west": {"uv": [9, 2, 10, 2.5], "texture": "#2"},
				"up": {"uv": [9, 2, 10, 3], "texture": "#2"},
				"down": {"uv": [9, 2, 10, 3], "texture": "#2"}
			}
		},
		{
			"from": [6, 16, 2],
			"to": [7, 16.5, 3],
			"rotation": {"angle": 0, "axis": "y", "origin": [6, 16, 2]},
			"faces": {
				"north": {"uv": [6, 2, 7, 2.5], "texture": "#2"},
				"east": {"uv": [6, 2, 7, 2.5], "texture": "#2"},
				"south": {"uv": [6, 2, 7, 2.5], "texture": "#2"},
				"west": {"uv": [6, 2, 7, 2.5], "texture": "#2"},
				"up": {"uv": [6, 2, 7, 3], "texture": "#2"},
				"down": {"uv": [6, 2, 7, 3], "texture": "#2"}
			}
		},
		{
			"from": [8, 16, 5],
			"to": [9, 16.5, 6],
			"rotation": {"angle": 0, "axis": "y", "origin": [8, 16, 5]},
			"faces": {
				"north": {"uv": [8, 5, 9, 5.5], "texture": "#2"},
				"east": {"uv": [8, 5, 9, 5.5], "texture": "#2"},
				"south": {"uv": [8, 5, 9, 5.5], "texture": "#2"},
				"west": {"uv": [8, 5, 9, 5.5], "texture": "#2"},
				"up": {"uv": [8, 5, 9, 6], "texture": "#2"},
				"down": {"uv": [8, 5, 9, 6], "texture": "#2"}
			}
		},
		{
			"from": [10, 16, 5],
			"to": [11, 16.5, 6],
			"rotation": {"angle": 0, "axis": "y", "origin": [10, 16, 5]},
			"faces": {
				"north": {"uv": [8, 5, 9, 5.5], "texture": "#2"},
				"east": {"uv": [8, 5, 9, 5.5], "texture": "#2"},
				"south": {"uv": [8, 5, 9, 5.5], "texture": "#2"},
				"west": {"uv": [8, 5, 9, 5.5], "texture": "#2"},
				"up": {"uv": [8, 5, 9, 6], "texture": "#2"},
				"down": {"uv": [8, 5, 9, 6], "texture": "#2"}
			}
		},
		{
			"from": [12, 16, 6],
			"to": [13, 16.5, 7],
			"rotation": {"angle": 0, "axis": "y", "origin": [12, 16, 6]},
			"faces": {
				"north": {"uv": [12, 6, 13, 6.5], "texture": "#2"},
				"east": {"uv": [12, 6, 13, 6.5], "texture": "#2"},
				"south": {"uv": [12, 6, 13, 6.5], "texture": "#2"},
				"west": {"uv": [12, 6, 13, 6.5], "texture": "#2"},
				"up": {"uv": [12, 6, 13, 7], "texture": "#2"},
				"down": {"uv": [12, 6, 13, 7], "texture": "#2"}
			}
		},
		{
			"from": [5, 16, 7],
			"to": [6, 16.5, 8],
			"rotation": {"angle": 0, "axis": "y", "origin": [5, 16, 7]},
			"faces": {
				"north": {"uv": [5, 7, 6, 7.5], "texture": "#2"},
				"east": {"uv": [5, 7, 6, 7.5], "texture": "#2"},
				"south": {"uv": [5, 7, 6, 7.5], "texture": "#2"},
				"west": {"uv": [5, 7, 6, 7.5], "texture": "#2"},
				"up": {"uv": [5, 7, 6, 8], "texture": "#2"},
				"down": {"uv": [5, 7, 6, 8], "texture": "#2"}
			}
		},
		{
			"from": [4, 16, 8],
			"to": [5, 16.5, 9],
			"rotation": {"angle": 0, "axis": "y", "origin": [4, 16, 8]},
			"faces": {
				"north": {"uv": [4, 8, 5, 8.5], "texture": "#2"},
				"east": {"uv": [4, 8, 5, 8.5], "texture": "#2"},
				"south": {"uv": [4, 8, 5, 8.5], "texture": "#2"},
				"west": {"uv": [4, 8, 5, 8.5], "texture": "#2"},
				"up": {"uv": [4, 8, 5, 9], "texture": "#2"},
				"down": {"uv": [4, 8, 5, 9], "texture": "#2"}
			}
		}
	],
	"display": {
		"thirdperson_righthand": {
			"rotation": [102, 38, 0],
			"translation": [0, 4.25, 0],
			"scale": [0.5, 0.5, 0.5]
		},
		"thirdperson_lefthand": {
			"rotation": [102, 38, 0],
			"translation": [0, 4.25, 0],
			"scale": [0.5, 0.5, 0.5]
		},
		"firstperson_righthand": {
			"rotation": [19, 33.25, 0],
			"scale": [0.5, 0.5, 0.5]
		},
		"firstperson_lefthand": {
			"rotation": [19, 33.25, 0],
			"scale": [0.5, 0.5, 0.5]
		},
		"ground": {
			"scale": [0.5, 0.5, 0.5]
		},
		"gui": {
			"rotation": [16.75, -26.25, 0],
			"scale": [0.6, 0.6, 0.6]
		},
		"head": {
			"scale": [0.79, 0.79, 0.79]
		},
		"fixed": {
			"scale": [0.7, 0.7, 0.7]
		}
	},
	"groups": [
		0,
		{
			"name": "group",
			"origin": [0, 0, 0],
			"color": 0,
			"children": [1, 2, 3, 4, 5, 6, 7, 8, 9, 10, 11, 12, 13, 14, 15, 16, 17, 18, 19, 20, 21]
		},
		22,
		23,
		24,
		25,
		26,
		27,
		28,
		29,
		30,
		31,
		32,
		33,
		34,
		35,
		36,
		37,
		38,
		39,
		40,
		41,
		42,
		43,
		44,
		45,
		46,
		47,
		48,
		49,
		50,
		51,
		52,
		53
	]
}