{
	"textures": {
		"3": "block/netherrack",
		"4": "block/warped_nylium",
		"5": "block/warped_nylium_side",
		"particle": "block/netherrack"
	},
	"elements": [
		{
			"name": "Mainblock",
			"from": [0, 0, 0],
			"to": [16, 16, 16],
			"rotation": {"angle": 0, "axis": "y", "origin": [-1, 0, -1]},
			"faces": {
				"north": {"uv": [0, 0, 16, 16], "texture": "#5", "cullface": "north"},
				"east": {"uv": [0, 0, 16, 16], "texture": "#5", "cullface": "east"},
				"south": {"uv": [0, 0, 16, 16], "texture": "#5", "cullface": "south"},
				"west": {"uv": [0, 0, 16, 16], "texture": "#5", "cullface": "west"},
				"up": {"uv": [0, 0, 16, 16], "texture": "#4", "cullface": "up"},
				"down": {"uv": [0, 0, 16, 16], "texture": "#3", "cullface": "down", "tintindex": 0}
			}
		},
		{
			"from": [0, 16, -1],
			"to": [16, 17, 0],
			"rotation": {"angle": 0, "axis": "y", "origin": [-1, 16, -1]},
			"faces": {
				"north": {"uv": [0, 15, 16, 16], "texture": "#4", "cullface": "north"},
				"east": {"uv": [0, 0, 1, 1], "texture": "#missing", "cullface": "north"},
				"south": {"uv": [0, 0, 16, 1], "texture": "#missing", "cullface": "north"},
				"west": {"uv": [0, 0, 1, 1], "texture": "#missing", "cullface": "north"},
				"up": {"uv": [0, 0, 16, 1], "texture": "#5", "cullface": "north"}
			}
		},
		{
			"from": [16, 16, -1],
			"to": [17, 17, 0],
			"rotation": {"angle": 0, "axis": "y", "origin": [16, 16, -1]},
			"faces": {
				"north": {"uv": [15, 0, 16, 1], "texture": "#4", "cullface": "east"},
				"east": {"uv": [15, 0, 16, 1], "texture": "#4", "cullface": "north"},
				"south": {"uv": [15, 0, 16, 1], "texture": "#4", "cullface": "up"},
				"west": {"uv": [15, 0, 16, 1], "texture": "#4", "cullface": "up"},
				"up": {"uv": [15, 0, 16, 1], "texture": "#4", "cullface": "up"},
				"down": {"uv": [15, 0, 16, 1], "texture": "#4"}
			}
		},
		{
			"from": [16, 16, 16],
			"to": [17, 17, 17],
			"rotation": {"angle": 0, "axis": "y", "origin": [16, 16, 16]},
			"faces": {
				"north": {"uv": [15, 15, 16, 16], "texture": "#4", "cullface": "up"},
				"east": {"uv": [15, 15, 16, 16], "texture": "#4", "cullface": "south"},
				"south": {"uv": [15, 15, 16, 16], "texture": "#4", "cullface": "east"},
				"west": {"uv": [15, 15, 16, 16], "texture": "#4", "cullface": "up"},
				"up": {"uv": [15, 15, 16, 16], "texture": "#4", "cullface": "up"},
				"down": {"uv": [15, 15, 16, 16], "texture": "#4"}
			}
		},
		{
			"from": [-1, 16, 16],
			"to": [0, 17, 17],
			"rotation": {"angle": 0, "axis": "y", "origin": [-1, 16, 16]},
			"faces": {
				"north": {"uv": [0, 0, 1, 1], "texture": "#4", "cullface": "up"},
				"east": {"uv": [0, 0, 1, 1], "texture": "#4", "cullface": "up"},
				"south": {"uv": [0, 0, 1, 1], "texture": "#4", "cullface": "west"},
				"west": {"uv": [0, 0, 1, 1], "texture": "#4", "cullface": "south"},
				"up": {"uv": [0, 0, 1, 1], "texture": "#4", "cullface": "up"},
				"down": {"uv": [0, 0, 1, 1], "texture": "#4"}
			}
		},
		{
			"from": [-1, 16, -1],
			"to": [0, 17, 0],
			"rotation": {"angle": 0, "axis": "y", "origin": [-1, 16, -1]},
			"faces": {
				"north": {"uv": [0, 0, 1, 1], "texture": "#4", "cullface": "west"},
				"east": {"uv": [0, 0, 1, 1], "texture": "#4", "cullface": "up"},
				"south": {"uv": [0, 0, 1, 1], "texture": "#4", "cullface": "up"},
				"west": {"uv": [0, 0, 1, 1], "texture": "#4", "cullface": "north"},
				"up": {"uv": [0, 0, 1, 1], "texture": "#4", "cullface": "up"},
				"down": {"uv": [0, 0, 1, 1], "texture": "#4"}
			}
		},
		{
			"from": [16, 16, 0],
			"to": [17, 17, 16],
			"rotation": {"angle": 0, "axis": "y", "origin": [16, 17, 17]},
			"faces": {
				"north": {"uv": [0, 0, 1, 1], "rotation": 270, "texture": "#missing", "cullface": "up"},
				"east": {"uv": [0, 0, 16, 1], "texture": "#4", "cullface": "up"},
				"south": {"uv": [0, 0, 1, 1], "rotation": 90, "texture": "#missing", "cullface": "up"},
				"up": {"uv": [0, 0, 16, 1], "rotation": 90, "texture": "#5", "cullface": "east"},
				"down": {"uv": [0, 0, 16, 1], "rotation": 90, "texture": "#missing", "cullface": "east"}
			}
		},
		{
			"from": [0, 16, 16],
			"to": [16, 17, 17],
			"rotation": {"angle": 0, "axis": "y", "origin": [-1, 17, 16]},
			"faces": {
				"east": {"uv": [0, 0, 1, 1], "rotation": 270, "texture": "#missing", "cullface": "south"},
				"south": {"uv": [0, 0, 16, 1], "texture": "#4", "cullface": "south"},
				"west": {"uv": [0, 0, 1, 1], "rotation": 90, "texture": "#missing", "cullface": "south"},
				"up": {"uv": [0, 0, 16, 1], "rotation": 180, "texture": "#5", "cullface": "south"},
				"down": {"uv": [0, 0, 16, 1], "texture": "#missing", "cullface": "south"}
			}
		},
		{
			"from": [-1, 16, 0],
			"to": [0, 17, 16],
			"rotation": {"angle": 0, "axis": "y", "origin": [-1, 16, 17]},
			"faces": {
				"north": {"uv": [0, 0, 1, 1], "texture": "#missing", "cullface": "west"},
				"east": {"uv": [0, 0, 16, 1], "texture": "#missing", "cullface": "west"},
				"south": {"uv": [0, 0, 1, 1], "texture": "#missing", "cullface": "west"},
				"west": {"uv": [0, 15, 16, 16], "texture": "#4", "cullface": "west"},
				"up": {"uv": [0, 0, 16, 1], "rotation": 270, "texture": "#5", "cullface": "west"}
			}
		},
		{
			"from": [0, 16, 0],
			"to": [16, 17, 16],
			"rotation": {"angle": 0, "axis": "y", "origin": [0, 1, 0]},
			"faces": {
				"north": {"uv": [0, 0, 16, 1], "texture": "#5", "cullface": "up"},
				"east": {"uv": [0, 0, 16, 1], "texture": "#5", "cullface": "up"},
				"south": {"uv": [0, 0, 16, 1], "texture": "#5", "cullface": "up"},
				"west": {"uv": [0, 0, 16, 1], "texture": "#5", "cullface": "up"},
				"up": {"uv": [0, 0, 16, 16], "texture": "#4", "cullface": "up"},
				"down": {"uv": [0, 0, 16, 16], "texture": "#3"}
			}
		},
		{
			"from": [-1, 12, 0],
			"to": [0, 16, 16],
			"rotation": {"angle": 0, "axis": "y", "origin": [-1, 0, 0]},
			"faces": {
				"north": {"uv": [15, 0, 16, 4], "texture": "#5", "cullface": "west"},
				"east": {"uv": [0, 0, 16, 4], "texture": "#5", "cullface": "west"},
				"south": {"uv": [0, 0, 1, 4], "texture": "#5", "cullface": "west"},
				"west": {"uv": [0, 0, 16, 4], "texture": "#5", "cullface": "west"},
				"down": {"uv": [0, 3, 16, 4], "rotation": 270, "texture": "#5", "cullface": "west"}
			}
		},
		{
			"from": [-1, 11, 1],
			"to": [0, 12, 9],
			"rotation": {"angle": 0, "axis": "y", "origin": [-1, 0, 0]},
			"faces": {
				"north": {"uv": [1, 4, 2, 5], "texture": "#5", "cullface": "west"},
				"east": {"uv": [1, 4, 9, 5], "texture": "#5", "cullface": "west"},
				"south": {"uv": [8, 4, 9, 5], "texture": "#5", "cullface": "west"},
				"west": {"uv": [1, 4, 9, 5], "texture": "#5", "cullface": "west"},
				"up": {"uv": [1, 4, 9, 5], "rotation": 90, "texture": "#5", "cullface": "west"},
				"down": {"uv": [1, 4, 9, 5], "rotation": 90, "texture": "#5", "cullface": "west"}
			}
		},
		{
			"from": [-1, 8, 3],
			"to": [0, 11, 4],
			"rotation": {"angle": 0, "axis": "y", "origin": [-1, 0, 0]},
			"faces": {
				"north": {"uv": [3, 5, 4, 8], "texture": "#5", "cullface": "west"},
				"east": {"uv": [3, 5, 4, 8], "texture": "#5", "cullface": "west"},
				"south": {"uv": [3, 5, 4, 8], "texture": "#5", "cullface": "west"},
				"west": {"uv": [3, 5, 4, 8], "texture": "#5", "cullface": "west"},
				"up": {"uv": [3, 5, 4, 6], "texture": "#5", "cullface": "west"},
				"down": {"uv": [3, 7, 4, 8], "texture": "#5", "cullface": "west"}
			}
		},
		{
			"from": [-1, 8, 2],
			"to": [0, 9, 3],
			"rotation": {"angle": 0, "axis": "y", "origin": [-1, 0, 0]},
			"faces": {
				"north": {"uv": [2, 7, 3, 8], "texture": "#5", "cullface": "west"},
				"east": {"uv": [2, 7, 3, 8], "texture": "#5", "cullface": "west"},
				"south": {"uv": [2, 7, 3, 8], "texture": "#5", "cullface": "west"},
				"west": {"uv": [2, 7, 3, 8], "texture": "#5", "cullface": "west"},
				"up": {"uv": [2, 7, 3, 8], "texture": "#5", "cullface": "west"},
				"down": {"uv": [2, 7, 3, 8], "texture": "#5", "cullface": "west"}
			}
		},
		{
			"from": [-1, 10, 6],
			"to": [0, 11, 8],
			"rotation": {"angle": 0, "axis": "y", "origin": [-1, 0, 0]},
			"faces": {
				"north": {"uv": [6, 5, 7, 6], "texture": "#5", "cullface": "west"},
				"east": {"uv": [6, 5, 8, 6], "texture": "#5", "cullface": "west"},
				"south": {"uv": [7, 5, 8, 6], "texture": "#5", "cullface": "west"},
				"west": {"uv": [6, 5, 8, 6], "texture": "#5", "cullface": "west"},
				"up": {"uv": [6, 5, 8, 6], "rotation": 90, "texture": "#5", "cullface": "west"},
				"down": {"uv": [6, 5, 8, 6], "rotation": 90, "texture": "#5", "cullface": "west"}
			}
		},
		{
			"from": [-1, 11, 10],
			"to": [0, 12, 14],
			"rotation": {"angle": 0, "axis": "y", "origin": [-1, 0, 0]},
			"faces": {
				"north": {"uv": [10, 4, 11, 5], "texture": "#5", "cullface": "west"},
				"east": {"uv": [10, 4, 14, 5], "texture": "#5", "cullface": "west"},
				"south": {"uv": [13, 4, 14, 5], "texture": "#5", "cullface": "west"},
				"west": {"uv": [10, 4, 14, 5], "texture": "#5", "cullface": "west"},
				"up": {"uv": [10, 4, 14, 5], "rotation": 90, "texture": "#5", "cullface": "west"},
				"down": {"uv": [10, 4, 14, 5], "rotation": 90, "texture": "#5", "cullface": "west"}
			}
		},
		{
			"from": [-1, 10, 10],
			"to": [0, 11, 13],
			"rotation": {"angle": 0, "axis": "y", "origin": [-1, 0, 0]},
			"faces": {
				"north": {"uv": [10, 5, 11, 6], "texture": "#5", "cullface": "west"},
				"east": {"uv": [10, 5, 13, 6], "texture": "#5", "cullface": "west"},
				"south": {"uv": [12, 5, 13, 6], "texture": "#5", "cullface": "west"},
				"west": {"uv": [10, 5, 13, 6], "texture": "#5", "cullface": "west"},
				"up": {"uv": [10, 5, 13, 6], "rotation": 90, "texture": "#5", "cullface": "west"},
				"down": {"uv": [10, 5, 13, 6], "rotation": 90, "texture": "#5", "cullface": "west"}
			}
		},
		{
			"from": [-1, 9, 10],
			"to": [0, 10, 11],
			"rotation": {"angle": 0, "axis": "y", "origin": [-1, 0, 0]},
			"faces": {
				"north": {"uv": [10, 6, 11, 7], "texture": "#5", "cullface": "west"},
				"east": {"uv": [10, 6, 11, 7], "texture": "#5", "cullface": "west"},
				"south": {"uv": [10, 6, 11, 7], "texture": "#5", "cullface": "west"},
				"west": {"uv": [10, 6, 11, 7], "texture": "#5", "cullface": "west"},
				"up": {"uv": [10, 6, 11, 7], "texture": "#5", "cullface": "west"},
				"down": {"uv": [10, 6, 11, 7], "texture": "#5", "cullface": "west"}
			}
		},
		{
			"from": [-1, 7, 8],
			"to": [0, 9, 10],
			"rotation": {"angle": 0, "axis": "y", "origin": [-1, 0, 0]},
			"faces": {
				"north": {"uv": [8, 7, 9, 9], "texture": "#5", "cullface": "west"},
				"east": {"uv": [8, 7, 10, 9], "texture": "#5", "cullface": "west"},
				"south": {"uv": [9, 7, 10, 9], "texture": "#5", "cullface": "west"},
				"west": {"uv": [8, 7, 10, 9], "texture": "#5", "cullface": "west"},
				"up": {"uv": [8, 7, 10, 8], "rotation": 90, "texture": "#5", "cullface": "west"},
				"down": {"uv": [8, 8, 10, 9], "rotation": 90, "texture": "#5", "cullface": "west"}
			}
		},
		{
			"from": [-1, 5, 7],
			"to": [0, 8, 8],
			"rotation": {"angle": 0, "axis": "y", "origin": [-1, 0, 0]},
			"faces": {
				"north": {"uv": [7, 8, 8, 11], "texture": "#5", "cullface": "west"},
				"east": {"uv": [7, 8, 8, 11], "texture": "#5", "cullface": "west"},
				"south": {"uv": [7, 8, 8, 11], "texture": "#5", "cullface": "west"},
				"west": {"uv": [7, 8, 8, 11], "texture": "#5", "cullface": "west"},
				"up": {"uv": [7, 8, 8, 9], "texture": "#5", "cullface": "west"},
				"down": {"uv": [7, 10, 8, 11], "texture": "#5", "cullface": "west"}
			}
		},
		{
			"from": [-1, 8, 12],
			"to": [0, 9, 14],
			"rotation": {"angle": 0, "axis": "y", "origin": [-1, 0, 0]},
			"faces": {
				"north": {"uv": [12, 7, 13, 8], "texture": "#5", "cullface": "west"},
				"east": {"uv": [12, 7, 14, 8], "texture": "#5", "cullface": "west"},
				"south": {"uv": [13, 7, 14, 8], "texture": "#5", "cullface": "west"},
				"west": {"uv": [12, 7, 14, 8], "texture": "#5", "cullface": "west"},
				"up": {"uv": [12, 7, 14, 8], "rotation": 90, "texture": "#5", "cullface": "west"},
				"down": {"uv": [12, 7, 14, 8], "rotation": 90, "texture": "#5", "cullface": "west"}
			}
		},
		{
			"from": [-1, 7, 13],
			"to": [0, 8, 14],
			"rotation": {"angle": 0, "axis": "y", "origin": [-1, 0, 0]},
			"faces": {
				"north": {"uv": [13, 8, 14, 9], "texture": "#5", "cullface": "west"},
				"east": {"uv": [0, 0, 1, 1], "texture": "#5", "cullface": "west"},
				"south": {"uv": [0, 0, 1, 1], "texture": "#5", "cullface": "west"},
				"west": {"uv": [0, 0, 1, 1], "texture": "#5", "cullface": "west"},
				"up": {"uv": [0, 0, 1, 1], "texture": "#5", "cullface": "west"},
				"down": {"uv": [0, 0, 1, 1], "texture": "#5", "cullface": "west"}
			}
		},
		{
			"from": [-1, 6, 14],
			"to": [0, 7, 16],
			"rotation": {"angle": 0, "axis": "y", "origin": [-1, 0, 0]},
			"faces": {
				"north": {"uv": [14, 9, 15, 10], "texture": "#5", "cullface": "west"},
				"east": {"uv": [14, 9, 16, 10], "texture": "#5", "cullface": "west"},
				"south": {"uv": [15, 9, 16, 10], "texture": "#5", "cullface": "west"},
				"west": {"uv": [14, 9, 16, 10], "texture": "#5", "cullface": "west"},
				"up": {"uv": [14, 9, 16, 10], "rotation": 90, "texture": "#5", "cullface": "west"},
				"down": {"uv": [14, 9, 16, 10], "rotation": 90, "texture": "#5", "cullface": "west"}
			}
		},
		{
			"from": [-1, 3, 3],
			"to": [0, 4, 5],
			"rotation": {"angle": 0, "axis": "y", "origin": [-1, 0, 0]},
			"faces": {
				"north": {"uv": [3, 12, 4, 13], "texture": "#5", "cullface": "west"},
				"east": {"uv": [3, 12, 5, 13], "texture": "#5", "cullface": "west"},
				"south": {"uv": [4, 12, 5, 13], "texture": "#5", "cullface": "west"},
				"west": {"uv": [3, 12, 5, 13], "texture": "#5", "cullface": "west"},
				"up": {"uv": [3, 12, 5, 13], "rotation": 90, "texture": "#5", "cullface": "west"},
				"down": {"uv": [3, 12, 5, 13], "rotation": 90, "texture": "#5", "cullface": "west"}
			}
		},
		{
			"from": [-1, 4, 2],
			"to": [0, 5, 3],
			"rotation": {"angle": 0, "axis": "y", "origin": [-1, 0, 0]},
			"faces": {
				"north": {"uv": [2, 11, 3, 12], "texture": "#5", "cullface": "west"},
				"east": {"uv": [2, 11, 3, 12], "texture": "#5", "cullface": "west"},
				"south": {"uv": [2, 11, 3, 12], "texture": "#5", "cullface": "west"},
				"west": {"uv": [2, 11, 3, 12], "texture": "#5", "cullface": "west"},
				"up": {"uv": [2, 11, 3, 12], "texture": "#5", "cullface": "west"},
				"down": {"uv": [2, 11, 3, 12], "texture": "#5", "cullface": "west"}
			}
		},
		{
			"from": [-1, 6, 0],
			"to": [0, 7, 1],
			"rotation": {"angle": 0, "axis": "y", "origin": [-1, 2, -2]},
			"faces": {
				"north": {"uv": [0, 9, 1, 10], "texture": "#5", "cullface": "west"},
				"east": {"uv": [0, 9, 1, 10], "texture": "#5", "cullface": "west"},
				"south": {"uv": [0, 9, 1, 10], "texture": "#5", "cullface": "west"},
				"west": {"uv": [0, 9, 1, 10], "texture": "#5", "cullface": "west"},
				"up": {"uv": [0, 9, 1, 10], "texture": "#5", "cullface": "west"},
				"down": {"uv": [0, 9, 1, 10], "texture": "#5", "cullface": "west"}
			}
		},
		{
			"from": [0, 12, -1],
			"to": [16, 16, 0],
			"rotation": {"angle": 0, "axis": "y", "origin": [0, 0, -1]},
			"faces": {
				"north": {"uv": [0, 0, 16, 4], "texture": "#5", "cullface": "north"},
				"east": {"uv": [15, 0, 16, 4], "texture": "#5", "cullface": "north"},
				"south": {"uv": [0, 0, 16, 4], "texture": "#5", "cullface": "north"},
				"west": {"uv": [0, 0, 1, 4], "texture": "#5", "cullface": "north"},
				"down": {"uv": [0, 3, 16, 4], "texture": "#5", "cullface": "north"}
			}
		},
		{
			"from": [7, 11, -1],
			"to": [15, 12, 0],
			"rotation": {"angle": 0, "axis": "y", "origin": [0, 0, -1]},
			"faces": {
				"north": {"uv": [1, 4, 9, 5], "texture": "#5", "cullface": "north"},
				"east": {"uv": [1, 4, 2, 5], "texture": "#5", "cullface": "north"},
				"south": {"uv": [1, 4, 9, 5], "texture": "#5", "cullface": "north"},
				"west": {"uv": [8, 4, 9, 5], "texture": "#5", "cullface": "north"},
				"up": {"uv": [1, 4, 9, 5], "rotation": 180, "texture": "#5", "cullface": "north"},
				"down": {"uv": [1, 4, 9, 5], "texture": "#5", "cullface": "north"}
			}
		},
		{
			"from": [8, 10, -1],
			"to": [10, 11, 0],
			"rotation": {"angle": 0, "axis": "y", "origin": [0, 0, -1]},
			"faces": {
				"north": {"uv": [6, 5, 8, 6], "texture": "#5", "cullface": "north"},
				"east": {"uv": [6, 5, 7, 6], "texture": "#5", "cullface": "north"},
				"south": {"uv": [6, 5, 8, 6], "texture": "#5", "cullface": "north"},
				"west": {"uv": [7, 5, 8, 6], "texture": "#5", "cullface": "north"},
				"up": {"uv": [6, 5, 8, 6], "rotation": 180, "texture": "#5", "cullface": "north"},
				"down": {"uv": [6, 5, 8, 6], "texture": "#5", "cullface": "north"}
			}
		},
		{
			"from": [12, 8, -1],
			"to": [13, 11, 0],
			"rotation": {"angle": 0, "axis": "y", "origin": [0, 0, -1]},
			"faces": {
				"north": {"uv": [3, 5, 4, 8], "texture": "#5", "cullface": "north"},
				"east": {"uv": [3, 5, 4, 8], "texture": "#5", "cullface": "north"},
				"south": {"uv": [3, 5, 4, 8], "texture": "#5", "cullface": "north"},
				"west": {"uv": [3, 5, 4, 8], "texture": "#5", "cullface": "north"},
				"up": {"uv": [3, 5, 4, 6], "rotation": 90, "texture": "#5", "cullface": "north"},
				"down": {"uv": [3, 7, 4, 8], "rotation": 270, "texture": "#5", "cullface": "north"}
			}
		},
		{
			"from": [13, 8, -1],
			"to": [14, 9, 0],
			"rotation": {"angle": 0, "axis": "y", "origin": [0, 0, -1]},
			"faces": {
				"north": {"uv": [2, 7, 3, 8], "texture": "#5", "cullface": "north"},
				"east": {"uv": [2, 7, 3, 8], "texture": "#5", "cullface": "north"},
				"south": {"uv": [2, 7, 3, 8], "texture": "#5", "cullface": "north"},
				"west": {"uv": [2, 7, 3, 8], "texture": "#5", "cullface": "north"},
				"up": {"uv": [2, 7, 3, 8], "rotation": 90, "texture": "#5", "cullface": "north"},
				"down": {"uv": [2, 7, 3, 8], "rotation": 270, "texture": "#5", "cullface": "north"}
			}
		},
		{
			"from": [2, 11, -1],
			"to": [6, 12, 0],
			"rotation": {"angle": 0, "axis": "y", "origin": [0, 0, -1]},
			"faces": {
				"north": {"uv": [10, 4, 14, 5], "texture": "#5", "cullface": "north"},
				"east": {"uv": [10, 4, 11, 5], "texture": "#5", "cullface": "north"},
				"south": {"uv": [10, 4, 14, 5], "texture": "#5", "cullface": "north"},
				"west": {"uv": [13, 4, 14, 5], "texture": "#5", "cullface": "north"},
				"up": {"uv": [10, 4, 14, 5], "rotation": 180, "texture": "#5", "cullface": "north"},
				"down": {"uv": [10, 4, 14, 5], "texture": "#5", "cullface": "north"}
			}
		},
		{
			"from": [3, 10, -1],
			"to": [6, 11, 0],
			"rotation": {"angle": 0, "axis": "y", "origin": [0, 0, -1]},
			"faces": {
				"north": {"uv": [10, 5, 13, 6], "texture": "#5", "cullface": "north"},
				"east": {"uv": [10, 5, 11, 6], "texture": "#5", "cullface": "north"},
				"south": {"uv": [10, 5, 13, 6], "texture": "#5", "cullface": "north"},
				"west": {"uv": [12, 5, 13, 6], "texture": "#5", "cullface": "north"},
				"up": {"uv": [10, 5, 13, 6], "rotation": 180, "texture": "#5", "cullface": "north"},
				"down": {"uv": [10, 5, 13, 6], "texture": "#5", "cullface": "north"}
			}
		},
		{
			"from": [5, 9, -1],
			"to": [6, 10, 0],
			"rotation": {"angle": 0, "axis": "y", "origin": [0, 0, -1]},
			"faces": {
				"north": {"uv": [10, 6, 11, 7], "texture": "#5", "cullface": "north"},
				"east": {"uv": [10, 6, 11, 7], "texture": "#5", "cullface": "north"},
				"south": {"uv": [10, 6, 11, 7], "texture": "#5", "cullface": "north"},
				"west": {"uv": [10, 6, 11, 7], "texture": "#5", "cullface": "north"},
				"up": {"uv": [10, 6, 11, 7], "rotation": 90, "texture": "#5", "cullface": "north"},
				"down": {"uv": [10, 6, 11, 7], "rotation": 270, "texture": "#5", "cullface": "north"}
			}
		},
		{
			"from": [6, 7, -1],
			"to": [8, 9, 0],
			"rotation": {"angle": 0, "axis": "y", "origin": [0, 0, -1]},
			"faces": {
				"north": {"uv": [8, 7, 10, 9], "texture": "#5", "cullface": "north"},
				"east": {"uv": [8, 7, 9, 9], "texture": "#5", "cullface": "north"},
				"south": {"uv": [8, 7, 10, 9], "texture": "#5", "cullface": "north"},
				"west": {"uv": [9, 7, 10, 9], "texture": "#5", "cullface": "north"},
				"up": {"uv": [8, 7, 10, 8], "rotation": 180, "texture": "#5", "cullface": "north"},
				"down": {"uv": [8, 8, 10, 9], "texture": "#5", "cullface": "north"}
			}
		},
		{
			"from": [8, 5, -1],
			"to": [9, 8, 0],
			"rotation": {"angle": 0, "axis": "y", "origin": [0, 0, -1]},
			"faces": {
				"north": {"uv": [7, 8, 8, 11], "texture": "#5", "cullface": "north"},
				"east": {"uv": [7, 8, 8, 11], "texture": "#5", "cullface": "north"},
				"south": {"uv": [7, 8, 8, 11], "texture": "#5", "cullface": "north"},
				"west": {"uv": [7, 8, 8, 11], "texture": "#5", "cullface": "north"},
				"up": {"uv": [7, 8, 8, 9], "rotation": 90, "texture": "#5", "cullface": "north"},
				"down": {"uv": [7, 10, 8, 11], "rotation": 270, "texture": "#5", "cullface": "north"}
			}
		},
		{
			"from": [11, 3, -1],
			"to": [13, 4, 0],
			"rotation": {"angle": 0, "axis": "y", "origin": [0, 0, -1]},
			"faces": {
				"north": {"uv": [3, 12, 5, 13], "texture": "#5", "cullface": "north"},
				"east": {"uv": [3, 12, 4, 13], "texture": "#5", "cullface": "north"},
				"south": {"uv": [3, 12, 5, 13], "texture": "#5", "cullface": "north"},
				"west": {"uv": [4, 12, 5, 13], "texture": "#5", "cullface": "north"},
				"up": {"uv": [3, 12, 5, 13], "rotation": 180, "texture": "#5", "cullface": "north"},
				"down": {"uv": [3, 12, 5, 13], "texture": "#5", "cullface": "north"}
			}
		},
		{
			"from": [13, 4, -1],
			"to": [14, 5, 0],
			"rotation": {"angle": 0, "axis": "y", "origin": [0, 0, -1]},
			"faces": {
				"north": {"uv": [2, 11, 3, 12], "texture": "#5", "cullface": "north"},
				"east": {"uv": [2, 11, 3, 12], "texture": "#5", "cullface": "north"},
				"south": {"uv": [2, 11, 3, 12], "texture": "#5", "cullface": "north"},
				"west": {"uv": [2, 11, 3, 12], "texture": "#5", "cullface": "north"},
				"up": {"uv": [2, 11, 3, 12], "rotation": 90, "texture": "#5", "cullface": "north"},
				"down": {"uv": [2, 11, 3, 12], "rotation": 270, "texture": "#5", "cullface": "north"}
			}
		},
		{
			"from": [15, 6, -1],
			"to": [16, 7, 0],
			"rotation": {"angle": 0, "axis": "y", "origin": [2, 2, -1]},
			"faces": {
				"north": {"uv": [0, 9, 1, 10], "texture": "#5", "cullface": "north"},
				"east": {"uv": [0, 9, 1, 10], "texture": "#5", "cullface": "north"},
				"south": {"uv": [0, 9, 1, 10], "texture": "#5", "cullface": "north"},
				"west": {"uv": [0, 9, 1, 10], "texture": "#5", "cullface": "north"},
				"up": {"uv": [0, 9, 1, 10], "rotation": 90, "texture": "#5", "cullface": "north"},
				"down": {"uv": [0, 9, 1, 10], "rotation": 270, "texture": "#5", "cullface": "north"}
			}
		},
		{
			"from": [2, 8, -1],
			"to": [4, 9, 0],
			"rotation": {"angle": 0, "axis": "y", "origin": [0, 0, -1]},
			"faces": {
				"north": {"uv": [12, 7, 14, 8], "texture": "#5", "cullface": "north"},
				"east": {"uv": [12, 7, 13, 8], "texture": "#5", "cullface": "north"},
				"south": {"uv": [12, 7, 14, 8], "texture": "#5", "cullface": "north"},
				"west": {"uv": [13, 7, 14, 8], "texture": "#5", "cullface": "north"},
				"up": {"uv": [12, 7, 14, 8], "rotation": 180, "texture": "#5", "cullface": "north"},
				"down": {"uv": [12, 7, 14, 8], "texture": "#5", "cullface": "north"}
			}
		},
		{
			"from": [2, 7, -1],
			"to": [3, 8, 0],
			"rotation": {"angle": 0, "axis": "y", "origin": [0, 0, -1]},
			"faces": {
				"north": {"uv": [0, 0, 1, 1], "texture": "#5", "cullface": "north"},
				"east": {"uv": [13, 8, 14, 9], "texture": "#5", "cullface": "north"},
				"south": {"uv": [0, 0, 1, 1], "texture": "#5", "cullface": "north"},
				"west": {"uv": [0, 0, 1, 1], "texture": "#5", "cullface": "north"},
				"up": {"uv": [0, 0, 1, 1], "rotation": 90, "texture": "#5", "cullface": "north"},
				"down": {"uv": [0, 0, 1, 1], "rotation": 270, "texture": "#5", "cullface": "north"}
			}
		},
		{
			"from": [0, 6, -1],
			"to": [2, 7, 0],
			"rotation": {"angle": 0, "axis": "y", "origin": [0, 0, -1]},
			"faces": {
				"north": {"uv": [14, 9, 16, 10], "texture": "#5", "cullface": "north"},
				"east": {"uv": [14, 9, 15, 10], "texture": "#5", "cullface": "north"},
				"south": {"uv": [14, 9, 16, 10], "texture": "#5", "cullface": "north"},
				"west": {"uv": [15, 9, 16, 10], "texture": "#5", "cullface": "north"},
				"up": {"uv": [14, 9, 16, 10], "rotation": 180, "texture": "#5", "cullface": "north"},
				"down": {"uv": [14, 9, 16, 10], "texture": "#5", "cullface": "north"}
			}
		},
		{
			"from": [16, 12, 0],
			"to": [17, 16, 16],
			"rotation": {"angle": 0, "axis": "y", "origin": [1, 0, 0]},
			"faces": {
				"north": {"uv": [0, 0, 1, 4], "texture": "#5", "cullface": "east"},
				"east": {"uv": [0, 0, 16, 4], "texture": "#5", "cullface": "east"},
				"south": {"uv": [15, 0, 16, 4], "texture": "#5", "cullface": "east"},
				"west": {"uv": [0, 0, 16, 4], "texture": "#5", "cullface": "east"},
				"down": {"uv": [0, 3, 16, 4], "rotation": 90, "texture": "#5", "cullface": "east"}
			}
		},
		{
			"from": [16, 11, 7],
			"to": [17, 12, 15],
			"rotation": {"angle": 0, "axis": "y", "origin": [1, 0, 0]},
			"faces": {
				"north": {"uv": [8, 4, 9, 5], "texture": "#5", "cullface": "east"},
				"east": {"uv": [1, 4, 9, 5], "texture": "#5", "cullface": "east"},
				"south": {"uv": [1, 4, 2, 5], "texture": "#5", "cullface": "east"},
				"west": {"uv": [1, 4, 9, 5], "texture": "#5", "cullface": "east"},
				"up": {"uv": [1, 4, 9, 5], "rotation": 270, "texture": "#5", "cullface": "east"},
				"down": {"uv": [1, 4, 9, 5], "rotation": 270, "texture": "#5", "cullface": "east"}
			}
		},
		{
			"from": [16, 8, 12],
			"to": [17, 11, 13],
			"rotation": {"angle": 0, "axis": "y", "origin": [1, 0, 0]},
			"faces": {
				"north": {"uv": [3, 5, 4, 8], "texture": "#5", "cullface": "east"},
				"east": {"uv": [3, 5, 4, 8], "texture": "#5", "cullface": "east"},
				"south": {"uv": [3, 5, 4, 8], "texture": "#5", "cullface": "east"},
				"west": {"uv": [3, 5, 4, 8], "texture": "#5", "cullface": "east"},
				"up": {"uv": [3, 5, 4, 6], "rotation": 180, "texture": "#5", "cullface": "east"},
				"down": {"uv": [3, 7, 4, 8], "rotation": 180, "texture": "#5", "cullface": "east"}
			}
		},
		{
			"from": [16, 8, 13],
			"to": [17, 9, 14],
			"rotation": {"angle": 0, "axis": "y", "origin": [1, 0, 0]},
			"faces": {
				"north": {"uv": [2, 7, 3, 8], "texture": "#5", "cullface": "east"},
				"east": {"uv": [2, 7, 3, 8], "texture": "#5", "cullface": "east"},
				"south": {"uv": [2, 7, 3, 8], "texture": "#5", "cullface": "east"},
				"west": {"uv": [2, 7, 3, 8], "texture": "#5", "cullface": "east"},
				"up": {"uv": [2, 7, 3, 8], "rotation": 180, "texture": "#5", "cullface": "east"},
				"down": {"uv": [2, 7, 3, 8], "rotation": 180, "texture": "#5", "cullface": "east"}
			}
		},
		{
			"from": [16, 10, 8],
			"to": [17, 11, 10],
			"rotation": {"angle": 0, "axis": "y", "origin": [1, 0, 0]},
			"faces": {
				"north": {"uv": [7, 5, 8, 6], "texture": "#5", "cullface": "east"},
				"east": {"uv": [6, 5, 8, 6], "texture": "#5", "cullface": "east"},
				"south": {"uv": [6, 5, 7, 6], "texture": "#5", "cullface": "east"},
				"west": {"uv": [6, 5, 8, 6], "texture": "#5", "cullface": "east"},
				"up": {"uv": [6, 5, 8, 6], "rotation": 270, "texture": "#5", "cullface": "east"},
				"down": {"uv": [6, 5, 8, 6], "rotation": 270, "texture": "#5", "cullface": "east"}
			}
		},
		{
			"from": [16, 11, 2],
			"to": [17, 12, 6],
			"rotation": {"angle": 0, "axis": "y", "origin": [1, 0, 0]},
			"faces": {
				"north": {"uv": [13, 4, 14, 5], "texture": "#5", "cullface": "east"},
				"east": {"uv": [10, 4, 14, 5], "texture": "#5", "cullface": "east"},
				"south": {"uv": [10, 4, 11, 5], "texture": "#5", "cullface": "east"},
				"west": {"uv": [10, 4, 14, 5], "texture": "#5", "cullface": "east"},
				"up": {"uv": [10, 4, 14, 5], "rotation": 270, "texture": "#5", "cullface": "east"},
				"down": {"uv": [10, 4, 14, 5], "rotation": 270, "texture": "#5", "cullface": "east"}
			}
		},
		{
			"from": [16, 10, 3],
			"to": [17, 11, 6],
			"rotation": {"angle": 0, "axis": "y", "origin": [1, 0, 0]},
			"faces": {
				"north": {"uv": [12, 5, 13, 6], "texture": "#5", "cullface": "east"},
				"east": {"uv": [10, 5, 13, 6], "texture": "#5", "cullface": "east"},
				"south": {"uv": [10, 5, 11, 6], "texture": "#5", "cullface": "east"},
				"west": {"uv": [10, 5, 13, 6], "texture": "#5", "cullface": "east"},
				"up": {"uv": [10, 5, 13, 6], "rotation": 270, "texture": "#5", "cullface": "east"},
				"down": {"uv": [10, 5, 13, 6], "rotation": 270, "texture": "#5", "cullface": "east"}
			}
		},
		{
			"from": [16, 9, 5],
			"to": [17, 10, 6],
			"rotation": {"angle": 0, "axis": "y", "origin": [1, 0, 0]},
			"faces": {
				"north": {"uv": [10, 6, 11, 7], "texture": "#5", "cullface": "east"},
				"east": {"uv": [10, 6, 11, 7], "texture": "#5", "cullface": "east"},
				"south": {"uv": [10, 6, 11, 7], "texture": "#5", "cullface": "east"},
				"west": {"uv": [10, 6, 11, 7], "texture": "#5", "cullface": "east"},
				"up": {"uv": [10, 6, 11, 7], "rotation": 180, "texture": "#5", "cullface": "east"},
				"down": {"uv": [10, 6, 11, 7], "rotation": 180, "texture": "#5", "cullface": "east"}
			}
		},
		{
			"from": [16, 7, 6],
			"to": [17, 9, 8],
			"rotation": {"angle": 0, "axis": "y", "origin": [1, 0, 0]},
			"faces": {
				"north": {"uv": [9, 7, 10, 9], "texture": "#5", "cullface": "east"},
				"east": {"uv": [8, 7, 10, 9], "texture": "#5", "cullface": "east"},
				"south": {"uv": [8, 7, 9, 9], "texture": "#5", "cullface": "east"},
				"west": {"uv": [8, 7, 10, 9], "texture": "#5", "cullface": "east"},
				"up": {"uv": [8, 7, 10, 8], "rotation": 270, "texture": "#5", "cullface": "east"},
				"down": {"uv": [8, 8, 10, 9], "rotation": 270, "texture": "#5", "cullface": "east"}
			}
		},
		{
			"from": [16, 5, 8],
			"to": [17, 8, 9],
			"rotation": {"angle": 0, "axis": "y", "origin": [1, 0, 0]},
			"faces": {
				"north": {"uv": [7, 8, 8, 11], "texture": "#5", "cullface": "east"},
				"east": {"uv": [7, 8, 8, 11], "texture": "#5", "cullface": "east"},
				"south": {"uv": [7, 8, 8, 11], "texture": "#5", "cullface": "east"},
				"west": {"uv": [7, 8, 8, 11], "texture": "#5", "cullface": "east"},
				"up": {"uv": [7, 8, 8, 9], "rotation": 180, "texture": "#5", "cullface": "east"},
				"down": {"uv": [7, 10, 8, 11], "rotation": 180, "texture": "#5", "cullface": "east"}
			}
		},
		{
			"from": [16, 3, 11],
			"to": [17, 4, 13],
			"rotation": {"angle": 0, "axis": "y", "origin": [1, 0, 0]},
			"faces": {
				"north": {"uv": [4, 12, 5, 13], "texture": "#5", "cullface": "east"},
				"east": {"uv": [3, 12, 5, 13], "texture": "#5", "cullface": "east"},
				"south": {"uv": [3, 12, 4, 13], "texture": "#5", "cullface": "east"},
				"west": {"uv": [3, 12, 5, 13], "texture": "#5", "cullface": "east"},
				"up": {"uv": [3, 12, 5, 13], "rotation": 270, "texture": "#5", "cullface": "east"},
				"down": {"uv": [3, 12, 5, 13], "rotation": 270, "texture": "#5", "cullface": "east"}
			}
		},
		{
			"from": [16, 4, 13],
			"to": [17, 5, 14],
			"rotation": {"angle": 0, "axis": "y", "origin": [1, 0, 0]},
			"faces": {
				"north": {"uv": [2, 11, 3, 12], "texture": "#5", "cullface": "east"},
				"east": {"uv": [2, 11, 3, 12], "texture": "#5", "cullface": "east"},
				"south": {"uv": [2, 11, 3, 12], "texture": "#5", "cullface": "east"},
				"west": {"uv": [2, 11, 3, 12], "texture": "#5", "cullface": "east"},
				"up": {"uv": [2, 11, 3, 12], "rotation": 180, "texture": "#5", "cullface": "east"},
				"down": {"uv": [2, 11, 3, 12], "rotation": 180, "texture": "#5", "cullface": "east"}
			}
		},
		{
			"from": [16, 6, 15],
			"to": [17, 7, 16],
			"rotation": {"angle": 0, "axis": "y", "origin": [1, 2, 2]},
			"faces": {
				"north": {"uv": [0, 9, 1, 10], "texture": "#5", "cullface": "east"},
				"east": {"uv": [0, 9, 1, 10], "texture": "#5", "cullface": "east"},
				"south": {"uv": [0, 9, 1, 10], "texture": "#5", "cullface": "east"},
				"west": {"uv": [0, 9, 1, 10], "texture": "#5", "cullface": "east"},
				"up": {"uv": [0, 9, 1, 10], "rotation": 180, "texture": "#5", "cullface": "east"},
				"down": {"uv": [0, 9, 1, 10], "rotation": 180, "texture": "#5", "cullface": "east"}
			}
		},
		{
			"from": [16, 6, 0],
			"to": [17, 7, 2],
			"rotation": {"angle": 0, "axis": "y", "origin": [1, 0, 0]},
			"faces": {
				"north": {"uv": [15, 9, 16, 10], "texture": "#5", "cullface": "east"},
				"east": {"uv": [14, 9, 16, 10], "texture": "#5", "cullface": "east"},
				"south": {"uv": [14, 9, 15, 10], "texture": "#5", "cullface": "east"},
				"west": {"uv": [14, 9, 16, 10], "texture": "#5", "cullface": "east"},
				"up": {"uv": [14, 9, 16, 10], "rotation": 270, "texture": "#5", "cullface": "east"},
				"down": {"uv": [14, 9, 16, 10], "rotation": 270, "texture": "#5", "cullface": "east"}
			}
		},
		{
			"from": [16, 7, 2],
			"to": [17, 8, 3],
			"rotation": {"angle": 0, "axis": "y", "origin": [1, 0, 0]},
			"faces": {
				"north": {"uv": [0, 0, 1, 1], "texture": "#5", "cullface": "east"},
				"east": {"uv": [0, 0, 1, 1], "texture": "#5", "cullface": "east"},
				"south": {"uv": [13, 8, 14, 9], "texture": "#5", "cullface": "east"},
				"west": {"uv": [0, 0, 1, 1], "texture": "#5", "cullface": "east"},
				"up": {"uv": [0, 0, 1, 1], "rotation": 180, "texture": "#5", "cullface": "east"},
				"down": {"uv": [0, 0, 1, 1], "rotation": 180, "texture": "#5", "cullface": "east"}
			}
		},
		{
			"from": [16, 8, 2],
			"to": [17, 9, 4],
			"rotation": {"angle": 0, "axis": "y", "origin": [1, 0, 0]},
			"faces": {
				"north": {"uv": [13, 7, 14, 8], "texture": "#5", "cullface": "east"},
				"east": {"uv": [12, 7, 14, 8], "texture": "#5", "cullface": "east"},
				"south": {"uv": [12, 7, 13, 8], "texture": "#5", "cullface": "east"},
				"west": {"uv": [12, 7, 14, 8], "texture": "#5", "cullface": "east"},
				"up": {"uv": [12, 7, 14, 8], "rotation": 270, "texture": "#5", "cullface": "east"},
				"down": {"uv": [12, 7, 14, 8], "rotation": 270, "texture": "#5", "cullface": "east"}
			}
		},
		{
			"from": [0, 12, 16],
			"to": [16, 16, 17],
			"rotation": {"angle": 0, "axis": "y", "origin": [0, 0, 1]},
			"faces": {
				"north": {"uv": [0, 0, 16, 4], "texture": "#5", "cullface": "south"},
				"east": {"uv": [0, 0, 1, 4], "texture": "#5", "cullface": "south"},
				"south": {"uv": [0, 0, 16, 4], "texture": "#5", "cullface": "south"},
				"west": {"uv": [15, 0, 16, 4], "texture": "#5", "cullface": "south"},
				"down": {"uv": [0, 3, 16, 4], "rotation": 180, "texture": "#5", "cullface": "south"}
			}
		},
		{
			"from": [1, 11, 16],
			"to": [9, 12, 17],
			"rotation": {"angle": 0, "axis": "y", "origin": [0, 0, 1]},
			"faces": {
				"north": {"uv": [1, 4, 9, 5], "texture": "#5", "cullface": "south"},
				"east": {"uv": [8, 4, 9, 5], "texture": "#5", "cullface": "south"},
				"south": {"uv": [1, 4, 9, 5], "texture": "#5", "cullface": "south"},
				"west": {"uv": [1, 4, 2, 5], "texture": "#5", "cullface": "south"},
				"up": {"uv": [1, 4, 9, 5], "texture": "#5", "cullface": "south"},
				"down": {"uv": [1, 4, 9, 5], "rotation": 180, "texture": "#5", "cullface": "south"}
			}
		},
		{
			"from": [3, 8, 16],
			"to": [4, 11, 17],
			"rotation": {"angle": 0, "axis": "y", "origin": [0, 0, 1]},
			"faces": {
				"north": {"uv": [3, 5, 4, 8], "texture": "#5", "cullface": "south"},
				"east": {"uv": [3, 5, 4, 8], "texture": "#5", "cullface": "south"},
				"south": {"uv": [3, 5, 4, 8], "texture": "#5", "cullface": "south"},
				"west": {"uv": [3, 5, 4, 8], "texture": "#5", "cullface": "south"},
				"up": {"uv": [3, 5, 4, 6], "rotation": 270, "texture": "#5", "cullface": "south"},
				"down": {"uv": [3, 7, 4, 8], "rotation": 90, "texture": "#5", "cullface": "south"}
			}
		},
		{
			"from": [2, 8, 16],
			"to": [3, 9, 17],
			"rotation": {"angle": 0, "axis": "y", "origin": [0, 0, 1]},
			"faces": {
				"north": {"uv": [2, 7, 3, 8], "texture": "#5", "cullface": "south"},
				"east": {"uv": [2, 7, 3, 8], "texture": "#5", "cullface": "south"},
				"south": {"uv": [2, 7, 3, 8], "texture": "#5", "cullface": "south"},
				"west": {"uv": [2, 7, 3, 8], "texture": "#5", "cullface": "south"},
				"up": {"uv": [2, 7, 3, 8], "rotation": 270, "texture": "#5", "cullface": "south"},
				"down": {"uv": [2, 7, 3, 8], "rotation": 90, "texture": "#5", "cullface": "south"}
			}
		},
		{
			"from": [6, 10, 16],
			"to": [8, 11, 17],
			"rotation": {"angle": 0, "axis": "y", "origin": [0, 0, 1]},
			"faces": {
				"north": {"uv": [6, 5, 8, 6], "texture": "#5", "cullface": "south"},
				"east": {"uv": [7, 5, 8, 6], "texture": "#5", "cullface": "south"},
				"south": {"uv": [6, 5, 8, 6], "texture": "#5", "cullface": "south"},
				"west": {"uv": [6, 5, 7, 6], "texture": "#5", "cullface": "south"},
				"up": {"uv": [6, 5, 8, 6], "texture": "#5", "cullface": "south"},
				"down": {"uv": [6, 5, 8, 6], "rotation": 180, "texture": "#5", "cullface": "south"}
			}
		},
		{
			"from": [2, 4, 16],
			"to": [3, 5, 17],
			"rotation": {"angle": 0, "axis": "y", "origin": [0, 0, 1]},
			"faces": {
				"north": {"uv": [2, 11, 3, 12], "texture": "#5", "cullface": "south"},
				"east": {"uv": [2, 11, 3, 12], "texture": "#5", "cullface": "south"},
				"south": {"uv": [2, 11, 3, 12], "texture": "#5", "cullface": "south"},
				"west": {"uv": [2, 11, 3, 12], "texture": "#5", "cullface": "south"},
				"up": {"uv": [2, 11, 3, 12], "rotation": 270, "texture": "#5", "cullface": "south"},
				"down": {"uv": [2, 11, 3, 12], "rotation": 90, "texture": "#5", "cullface": "south"}
			}
		},
		{
			"from": [0, 6, 16],
			"to": [1, 7, 17],
			"rotation": {"angle": 0, "axis": "y", "origin": [-2, 2, 1]},
			"faces": {
				"north": {"uv": [0, 9, 1, 10], "texture": "#5", "cullface": "south"},
				"east": {"uv": [0, 9, 1, 10], "texture": "#5", "cullface": "south"},
				"south": {"uv": [0, 9, 1, 10], "texture": "#5", "cullface": "south"},
				"west": {"uv": [0, 9, 1, 10], "texture": "#5", "cullface": "south"},
				"up": {"uv": [0, 9, 1, 10], "rotation": 270, "texture": "#5", "cullface": "south"},
				"down": {"uv": [0, 9, 1, 10], "rotation": 90, "texture": "#5", "cullface": "south"}
			}
		},
		{
			"from": [3, 3, 16],
			"to": [5, 4, 17],
			"rotation": {"angle": 0, "axis": "y", "origin": [0, 0, 1]},
			"faces": {
				"north": {"uv": [3, 12, 5, 13], "texture": "#5", "cullface": "south"},
				"east": {"uv": [4, 12, 5, 13], "texture": "#5", "cullface": "south"},
				"south": {"uv": [3, 12, 5, 13], "texture": "#5", "cullface": "south"},
				"west": {"uv": [3, 12, 4, 13], "texture": "#5", "cullface": "south"},
				"up": {"uv": [3, 12, 5, 13], "texture": "#5", "cullface": "south"},
				"down": {"uv": [3, 12, 5, 13], "rotation": 180, "texture": "#5", "cullface": "south"}
			}
		},
		{
			"from": [7, 5, 16],
			"to": [8, 8, 17],
			"rotation": {"angle": 0, "axis": "y", "origin": [0, 0, 1]},
			"faces": {
				"north": {"uv": [7, 8, 8, 11], "texture": "#5", "cullface": "south"},
				"east": {"uv": [7, 8, 8, 11], "texture": "#5", "cullface": "south"},
				"south": {"uv": [7, 8, 8, 11], "texture": "#5", "cullface": "south"},
				"west": {"uv": [7, 8, 8, 11], "texture": "#5", "cullface": "south"},
				"up": {"uv": [7, 8, 8, 9], "rotation": 270, "texture": "#5", "cullface": "south"},
				"down": {"uv": [7, 10, 8, 11], "rotation": 90, "texture": "#5", "cullface": "south"}
			}
		},
		{
			"from": [8, 7, 16],
			"to": [10, 9, 17],
			"rotation": {"angle": 0, "axis": "y", "origin": [0, 0, 1]},
			"faces": {
				"north": {"uv": [8, 7, 10, 9], "texture": "#5", "cullface": "south"},
				"east": {"uv": [9, 7, 10, 9], "texture": "#5", "cullface": "south"},
				"south": {"uv": [8, 7, 10, 9], "texture": "#5", "cullface": "south"},
				"west": {"uv": [8, 7, 9, 9], "texture": "#5", "cullface": "south"},
				"up": {"uv": [8, 7, 10, 8], "texture": "#5", "cullface": "south"},
				"down": {"uv": [8, 8, 10, 9], "rotation": 180, "texture": "#5", "cullface": "south"}
			}
		},
		{
			"from": [10, 10, 16],
			"to": [13, 11, 17],
			"rotation": {"angle": 0, "axis": "y", "origin": [0, 0, 1]},
			"faces": {
				"north": {"uv": [10, 5, 13, 6], "texture": "#5", "cullface": "south"},
				"east": {"uv": [12, 5, 13, 6], "texture": "#5", "cullface": "south"},
				"south": {"uv": [10, 5, 13, 6], "texture": "#5", "cullface": "south"},
				"west": {"uv": [10, 5, 11, 6], "texture": "#5", "cullface": "south"},
				"up": {"uv": [10, 5, 13, 6], "texture": "#5", "cullface": "south"},
				"down": {"uv": [10, 5, 13, 6], "rotation": 180, "texture": "#5", "cullface": "south"}
			}
		},
		{
			"from": [10, 11, 16],
			"to": [14, 12, 17],
			"rotation": {"angle": 0, "axis": "y", "origin": [0, 0, 1]},
			"faces": {
				"north": {"uv": [10, 4, 14, 5], "texture": "#5", "cullface": "south"},
				"east": {"uv": [13, 4, 14, 5], "texture": "#5", "cullface": "south"},
				"south": {"uv": [10, 4, 14, 5], "texture": "#5", "cullface": "south"},
				"west": {"uv": [10, 4, 11, 5], "texture": "#5", "cullface": "south"},
				"up": {"uv": [10, 4, 14, 5], "texture": "#5", "cullface": "south"},
				"down": {"uv": [10, 4, 14, 5], "rotation": 180, "texture": "#5", "cullface": "south"}
			}
		},
		{
			"from": [10, 9, 16],
			"to": [11, 10, 17],
			"rotation": {"angle": 0, "axis": "y", "origin": [0, 0, 1]},
			"faces": {
				"north": {"uv": [10, 6, 11, 7], "texture": "#5", "cullface": "south"},
				"east": {"uv": [10, 6, 11, 7], "texture": "#5", "cullface": "south"},
				"south": {"uv": [10, 6, 11, 7], "texture": "#5", "cullface": "south"},
				"west": {"uv": [10, 6, 11, 7], "texture": "#5", "cullface": "south"},
				"up": {"uv": [10, 6, 11, 7], "rotation": 270, "texture": "#5", "cullface": "south"},
				"down": {"uv": [10, 6, 11, 7], "rotation": 90, "texture": "#5", "cullface": "south"}
			}
		},
		{
			"from": [12, 8, 16],
			"to": [14, 9, 17],
			"rotation": {"angle": 0, "axis": "y", "origin": [0, 0, 1]},
			"faces": {
				"north": {"uv": [12, 7, 14, 8], "texture": "#5", "cullface": "south"},
				"east": {"uv": [13, 7, 14, 8], "texture": "#5", "cullface": "south"},
				"south": {"uv": [12, 7, 14, 8], "texture": "#5", "cullface": "south"},
				"west": {"uv": [12, 7, 13, 8], "texture": "#5", "cullface": "south"},
				"up": {"uv": [12, 7, 14, 8], "texture": "#5", "cullface": "south"},
				"down": {"uv": [12, 7, 14, 8], "rotation": 180, "texture": "#5", "cullface": "south"}
			}
		},
		{
			"from": [13, 7, 16],
			"to": [14, 8, 17],
			"rotation": {"angle": 0, "axis": "y", "origin": [0, 0, 1]},
			"faces": {
				"north": {"uv": [0, 0, 1, 1], "texture": "#5", "cullface": "south"},
				"east": {"uv": [0, 0, 1, 1], "texture": "#5", "cullface": "south"},
				"south": {"uv": [0, 0, 1, 1], "texture": "#5", "cullface": "south"},
				"west": {"uv": [13, 8, 14, 9], "texture": "#5", "cullface": "south"},
				"up": {"uv": [0, 0, 1, 1], "rotation": 270, "texture": "#5", "cullface": "south"},
				"down": {"uv": [0, 0, 1, 1], "rotation": 90, "texture": "#5", "cullface": "south"}
			}
		},
		{
			"from": [14, 6, 16],
			"to": [16, 7, 17],
			"rotation": {"angle": 0, "axis": "y", "origin": [0, 0, 1]},
			"faces": {
				"north": {"uv": [14, 9, 16, 10], "texture": "#5", "cullface": "south"},
				"east": {"uv": [15, 9, 16, 10], "texture": "#5", "cullface": "south"},
				"south": {"uv": [14, 9, 16, 10], "texture": "#5", "cullface": "south"},
				"west": {"uv": [14, 9, 15, 10], "texture": "#5", "cullface": "south"},
				"up": {"uv": [14, 9, 16, 10], "texture": "#5", "cullface": "south"},
				"down": {"uv": [14, 9, 16, 10], "rotation": 180, "texture": "#5", "cullface": "south"}
			}
		},
		{
			"from": [-1, 12, -1],
			"to": [0, 16, 0],
			"rotation": {"angle": 0, "axis": "y", "origin": [-1, 15, -1]},
			"faces": {
				"north": {"uv": [0, 0, 1, 4], "texture": "#5", "cullface": "west"},
				"west": {"uv": [15, 0, 16, 4], "texture": "#5", "cullface": "north"},
				"down": {"uv": [0, 3, 1, 4], "texture": "#5"}
			}
		},
		{
			"from": [16, 12, -1],
			"to": [17, 16, 0],
			"rotation": {"angle": 0, "axis": "y", "origin": [17, 15, -1]},
			"faces": {
				"north": {"uv": [15, 0, 16, 4], "texture": "#5", "cullface": "east"},
				"east": {"uv": [0, 0, 1, 4], "texture": "#5", "cullface": "north"},
				"down": {"uv": [0, 3, 1, 4], "rotation": 270, "texture": "#5"}
			}
		},
		{
			"from": [16, 12, 16],
			"to": [17, 16, 17],
			"rotation": {"angle": 0, "axis": "y", "origin": [17, 15, 17]},
			"faces": {
				"east": {"uv": [15, 0, 16, 4], "texture": "#5", "cullface": "south"},
				"south": {"uv": [0, 0, 1, 4], "texture": "#5", "cullface": "east"},
				"down": {"uv": [0, 3, 1, 4], "rotation": 180, "texture": "#5"}
			}
		},
		{
			"from": [-1, 12, 16],
			"to": [0, 16, 17],
			"rotation": {"angle": 0, "axis": "y", "origin": [-1, 15, 17]},
			"faces": {
				"south": {"uv": [15, 0, 16, 4], "texture": "#5", "cullface": "west"},
				"west": {"uv": [0, 0, 1, 4], "texture": "#5", "cullface": "south"},
				"down": {"uv": [0, 3, 1, 4], "rotation": 90, "texture": "#5"}
			}
		}
	],
	"display": {
		"thirdperson_righthand": {
			"rotation": [102, 38, 0],
			"translation": [0, 4.25, 0],
			"scale": [0.5, 0.5, 0.5]
		},
		"thirdperson_lefthand": {
			"rotation": [102, 38, 0],
			"translation": [0, 4.25, 0],
			"scale": [0.5, 0.5, 0.5]
		},
		"firstperson_righthand": {
			"rotation": [19, 33.25, 0],
			"scale": [0.5, 0.5, 0.5]
		},
		"firstperson_lefthand": {
			"rotation": [19, 33.25, 0],
			"scale": [0.5, 0.5, 0.5]
		},
		"ground": {
			"scale": [0.5, 0.5, 0.5]
		},
		"gui": {
			"rotation": [16, -26.25, 0],
			"scale": [0.7, 0.7, 0.7]
		},
		"head": {
			"scale": [0.9, 0.9, 0.9]
		},
		"fixed": {
			"scale": [0.7, 0.7, 0.7]
		}
	},
	"groups": [
		0,
		{
			"name": "Top",
			"origin": [0, 1, 0],
			"color": 0,
			"children": [1, 2, 3, 4, 5, 6, 7, 8, 9]
		},
		{
			"name": "West",
			"origin": [0, 0, 0],
			"color": 0,
			"children": [10, 11, 12, 13, 14, 15, 16, 17, 18, 19, 20, 21, 22, 23, 24, 25]
		},
		{
			"name": "North",
			"origin": [0, 0, 0],
			"color": 0,
			"children": [26, 27, 28, 29, 30, 31, 32, 33, 34, 35, 36, 37, 38, 39, 40, 41]
		},
		{
			"name": "East",
			"origin": [0, 0, 0],
			"color": 0,
			"children": [42, 43, 44, 45, 46, 47, 48, 49, 50, 51, 52, 53, 54, 55, 56, 57]
		},
		{
			"name": "South",
			"origin": [0, 0, 0],
			"color": 0,
			"children": [58, 59, 60, 61, 62, 63, 64, 65, 66, 67, 68, 69, 70, 71, 72, 73]
		},
		{
			"name": "Corners",
			"origin": [-1, 15, -1],
			"color": 0,
			"children": [74, 75, 76, 77]
		}
	]
}