{
	"textures": {
		"0": "block/wheat_stage1",
		"particle": "block/wheat_stage1"
	},
	"elements": [
		{
			"from": [4, 1, 1],
			"to": [5, 2, 2],
			"rotation": {"angle": 0, "axis": "y", "origin": [0, -1, 0]},
			"faces": {
				"north": {"uv": [1, 13, 2, 14], "texture": "#0"},
				"east": {"uv": [1, 13, 2, 14], "texture": "#0"},
				"south": {"uv": [1, 13, 2, 14], "texture": "#0"},
				"west": {"uv": [1, 13, 2, 14], "texture": "#0"},
				"up": {"uv": [1, 13, 2, 14], "texture": "#0"},
				"down": {"uv": [1, 13, 2, 14], "texture": "#0"}
			}
		},
		{
			"from": [4, 2, 8],
			"to": [5, 3, 9],
			"rotation": {"angle": 0, "axis": "y", "origin": [0, -1, 0]},
			"faces": {
				"north": {"uv": [8, 12, 9, 13], "texture": "#0"},
				"east": {"uv": [8, 12, 9, 13], "texture": "#0"},
				"south": {"uv": [8, 12, 9, 13], "texture": "#0"},
				"west": {"uv": [8, 12, 9, 13], "texture": "#0"},
				"up": {"uv": [8, 12, 9, 13], "texture": "#0"},
				"down": {"uv": [8, 12, 9, 13], "texture": "#0"}
			}
		},
		{
			"from": [4, 0, 2.9],
			"to": [5, 1, 3.9],
			"rotation": {"angle": 0, "axis": "y", "origin": [0, -1, 0]},
			"faces": {
				"north": {"uv": [3, 14, 4, 15], "texture": "#0"},
				"east": {"uv": [3, 14, 4, 15], "texture": "#0"},
				"south": {"uv": [3, 14, 4, 15], "texture": "#0"},
				"west": {"uv": [3, 14, 4, 15], "texture": "#0"},
				"up": {"uv": [3, 14, 4, 15], "texture": "#0"},
				"down": {"uv": [3, 14, 4, 15], "texture": "#0"}
			}
		},
		{
			"from": [4, -1, 13.9],
			"to": [5, 0, 14.9],
			"rotation": {"angle": 0, "axis": "y", "origin": [0, -1, 0]},
			"faces": {
				"north": {"uv": [14, 15, 15, 16], "texture": "#0"},
				"east": {"uv": [14, 15, 15, 16], "texture": "#0"},
				"south": {"uv": [14, 15, 15, 16], "texture": "#0"},
				"west": {"uv": [14, 15, 15, 16], "texture": "#0"},
				"up": {"uv": [14, 15, 15, 16], "texture": "#0"},
				"down": {"uv": [14, 15, 15, 16], "texture": "#0"}
			}
		},
		{
			"from": [4, -1, 2],
			"to": [5, 1, 3],
			"rotation": {"angle": 0, "axis": "y", "origin": [0, -1, 0]},
			"faces": {
				"north": {"uv": [2, 14, 3, 16], "texture": "#0"},
				"east": {"uv": [2, 14, 3, 16], "texture": "#0"},
				"south": {"uv": [2, 14, 3, 16], "texture": "#0"},
				"west": {"uv": [2, 14, 3, 16], "texture": "#0"},
				"up": {"uv": [2, 14, 3, 15], "texture": "#0"},
				"down": {"uv": [2, 15, 3, 16], "texture": "#0"}
			}
		},
		{
			"from": [4, -1, 11],
			"to": [5, 1, 12],
			"rotation": {"angle": 0, "axis": "y", "origin": [0, -1, 0]},
			"faces": {
				"north": {"uv": [11, 14, 12, 16], "texture": "#0"},
				"east": {"uv": [11, 14, 12, 16], "texture": "#0"},
				"south": {"uv": [11, 14, 12, 16], "texture": "#0"},
				"west": {"uv": [11, 14, 12, 16], "texture": "#0"},
				"up": {"uv": [11, 14, 12, 15], "texture": "#0"},
				"down": {"uv": [11, 15, 12, 16], "texture": "#0"}
			}
		},
		{
			"from": [4, 0, 6],
			"to": [5, 2, 7],
			"rotation": {"angle": 0, "axis": "y", "origin": [0, -1, 0]},
			"faces": {
				"north": {"uv": [6, 13, 7, 15], "texture": "#0"},
				"east": {"uv": [6, 13, 7, 15], "texture": "#0"},
				"south": {"uv": [6, 13, 7, 15], "texture": "#0"},
				"west": {"uv": [6, 13, 7, 15], "texture": "#0"},
				"up": {"uv": [6, 13, 7, 14], "texture": "#0"},
				"down": {"uv": [6, 14, 7, 15], "texture": "#0"}
			}
		},
		{
			"from": [4, -1, 7],
			"to": [5, 4, 8],
			"rotation": {"angle": 0, "axis": "y", "origin": [0, -1, 0]},
			"faces": {
				"north": {"uv": [7, 11, 8, 16], "texture": "#0"},
				"east": {"uv": [7, 11, 8, 16], "texture": "#0"},
				"south": {"uv": [7, 11, 8, 16], "texture": "#0"},
				"west": {"uv": [7, 11, 8, 16], "texture": "#0"},
				"up": {"uv": [7, 11, 8, 12], "texture": "#0"},
				"down": {"uv": [7, 15, 8, 16], "texture": "#0"}
			}
		},
		{
			"from": [13.9, -1, 11],
			"to": [14.9, 0, 12],
			"rotation": {"angle": 0, "axis": "y", "origin": [0, -1, 0]},
			"faces": {
				"north": {"uv": [14, 15, 15, 16], "texture": "#0"},
				"east": {"uv": [14, 15, 15, 16], "texture": "#0"},
				"south": {"uv": [14, 15, 15, 16], "texture": "#0"},
				"west": {"uv": [14, 15, 15, 16], "texture": "#0"},
				"up": {"uv": [14, 15, 15, 16], "rotation": 270, "texture": "#0"},
				"down": {"uv": [14, 15, 15, 16], "rotation": 90, "texture": "#0"}
			}
		},
		{
			"from": [11, -1, 11],
			"to": [12, 1, 12],
			"rotation": {"angle": 0, "axis": "y", "origin": [0, -1, 0]},
			"faces": {
				"north": {"uv": [11, 14, 12, 16], "texture": "#0"},
				"east": {"uv": [11, 14, 12, 16], "texture": "#0"},
				"south": {"uv": [11, 14, 12, 16], "texture": "#0"},
				"west": {"uv": [11, 14, 12, 16], "texture": "#0"},
				"up": {"uv": [11, 14, 12, 15], "rotation": 270, "texture": "#0"},
				"down": {"uv": [11, 15, 12, 16], "rotation": 90, "texture": "#0"}
			}
		},
		{
			"from": [8, 2, 11],
			"to": [9, 3, 12],
			"rotation": {"angle": 0, "axis": "y", "origin": [0, -1, 0]},
			"faces": {
				"north": {"uv": [8, 12, 9, 13], "texture": "#0"},
				"east": {"uv": [8, 12, 9, 13], "texture": "#0"},
				"south": {"uv": [8, 12, 9, 13], "texture": "#0"},
				"west": {"uv": [8, 12, 9, 13], "texture": "#0"},
				"up": {"uv": [8, 12, 9, 13], "rotation": 270, "texture": "#0"},
				"down": {"uv": [8, 12, 9, 13], "rotation": 90, "texture": "#0"}
			}
		},
		{
			"from": [6, 0, 11],
			"to": [7, 2, 12],
			"rotation": {"angle": 0, "axis": "y", "origin": [0, -1, 0]},
			"faces": {
				"north": {"uv": [6, 13, 7, 15], "texture": "#0"},
				"east": {"uv": [6, 13, 7, 15], "texture": "#0"},
				"south": {"uv": [6, 13, 7, 15], "texture": "#0"},
				"west": {"uv": [6, 13, 7, 15], "texture": "#0"},
				"up": {"uv": [6, 13, 7, 14], "rotation": 270, "texture": "#0"},
				"down": {"uv": [6, 14, 7, 15], "rotation": 90, "texture": "#0"}
			}
		},
		{
			"from": [7, -1, 11],
			"to": [8, 4, 12],
			"rotation": {"angle": 0, "axis": "y", "origin": [0, -1, 0]},
			"faces": {
				"north": {"uv": [7, 11, 8, 16], "texture": "#0"},
				"east": {"uv": [7, 11, 8, 16], "texture": "#0"},
				"south": {"uv": [7, 11, 8, 16], "texture": "#0"},
				"west": {"uv": [7, 11, 8, 16], "texture": "#0"},
				"up": {"uv": [7, 11, 8, 12], "rotation": 270, "texture": "#0"},
				"down": {"uv": [7, 15, 8, 16], "rotation": 90, "texture": "#0"}
			}
		},
		{
			"from": [2, -1, 11],
			"to": [3, 1, 12],
			"rotation": {"angle": 0, "axis": "y", "origin": [0, -1, 0]},
			"faces": {
				"north": {"uv": [2, 14, 3, 16], "texture": "#0"},
				"east": {"uv": [2, 14, 3, 16], "texture": "#0"},
				"south": {"uv": [2, 14, 3, 16], "texture": "#0"},
				"west": {"uv": [2, 14, 3, 16], "texture": "#0"},
				"up": {"uv": [2, 14, 3, 15], "rotation": 270, "texture": "#0"},
				"down": {"uv": [2, 15, 3, 16], "rotation": 90, "texture": "#0"}
			}
		},
		{
			"from": [2.9, 0, 11],
			"to": [3.9, 1, 12],
			"rotation": {"angle": 0, "axis": "y", "origin": [0, -1, 0]},
			"faces": {
				"north": {"uv": [3, 14, 4, 15], "texture": "#0"},
				"east": {"uv": [3, 14, 4, 15], "texture": "#0"},
				"south": {"uv": [3, 14, 4, 15], "texture": "#0"},
				"west": {"uv": [3, 14, 4, 15], "texture": "#0"},
				"up": {"uv": [3, 14, 4, 15], "rotation": 270, "texture": "#0"},
				"down": {"uv": [3, 14, 4, 15], "rotation": 90, "texture": "#0"}
			}
		},
		{
			"from": [1, 1, 11],
			"to": [2, 2, 12],
			"rotation": {"angle": 0, "axis": "y", "origin": [0, -1, 0]},
			"faces": {
				"north": {"uv": [1, 13, 2, 14], "texture": "#0"},
				"east": {"uv": [1, 13, 2, 14], "texture": "#0"},
				"south": {"uv": [1, 13, 2, 14], "texture": "#0"},
				"west": {"uv": [1, 13, 2, 14], "texture": "#0"},
				"up": {"uv": [1, 13, 2, 14], "rotation": 270, "texture": "#0"},
				"down": {"uv": [1, 13, 2, 14], "rotation": 90, "texture": "#0"}
			}
		},
		{
			"from": [11, 1, 14],
			"to": [12, 2, 15],
			"rotation": {"angle": 0, "axis": "y", "origin": [0, -1, 0]},
			"faces": {
				"north": {"uv": [1, 13, 2, 14], "texture": "#0"},
				"east": {"uv": [1, 13, 2, 14], "texture": "#0"},
				"south": {"uv": [1, 13, 2, 14], "texture": "#0"},
				"west": {"uv": [1, 13, 2, 14], "texture": "#0"},
				"up": {"uv": [1, 13, 2, 14], "rotation": 180, "texture": "#0"},
				"down": {"uv": [1, 13, 2, 14], "rotation": 180, "texture": "#0"}
			}
		},
		{
			"from": [11, 0, 12.1],
			"to": [12, 1, 13.1],
			"rotation": {"angle": 0, "axis": "y", "origin": [0, -1, 0]},
			"faces": {
				"north": {"uv": [3, 14, 4, 15], "texture": "#0"},
				"east": {"uv": [3, 14, 4, 15], "texture": "#0"},
				"south": {"uv": [3, 14, 4, 15], "texture": "#0"},
				"west": {"uv": [3, 14, 4, 15], "texture": "#0"},
				"up": {"uv": [3, 14, 4, 15], "rotation": 180, "texture": "#0"},
				"down": {"uv": [3, 14, 4, 15], "rotation": 180, "texture": "#0"}
			}
		},
		{
			"from": [11, -1, 13],
			"to": [12, 1, 14],
			"rotation": {"angle": 0, "axis": "y", "origin": [0, -1, 0]},
			"faces": {
				"north": {"uv": [2, 14, 3, 16], "texture": "#0"},
				"east": {"uv": [2, 14, 3, 16], "texture": "#0"},
				"south": {"uv": [2, 14, 3, 16], "texture": "#0"},
				"west": {"uv": [2, 14, 3, 16], "texture": "#0"},
				"up": {"uv": [2, 14, 3, 15], "rotation": 180, "texture": "#0"},
				"down": {"uv": [2, 15, 3, 16], "rotation": 180, "texture": "#0"}
			}
		},
		{
			"from": [11, -1, 8],
			"to": [12, 4, 9],
			"rotation": {"angle": 0, "axis": "y", "origin": [0, -1, 0]},
			"faces": {
				"north": {"uv": [7, 11, 8, 16], "texture": "#0"},
				"east": {"uv": [7, 11, 8, 16], "texture": "#0"},
				"south": {"uv": [7, 11, 8, 16], "texture": "#0"},
				"west": {"uv": [7, 11, 8, 16], "texture": "#0"},
				"up": {"uv": [7, 11, 8, 12], "rotation": 180, "texture": "#0"},
				"down": {"uv": [7, 15, 8, 16], "rotation": 180, "texture": "#0"}
			}
		},
		{
			"from": [11, 0, 9],
			"to": [12, 2, 10],
			"rotation": {"angle": 0, "axis": "y", "origin": [0, -1, 0]},
			"faces": {
				"north": {"uv": [6, 13, 7, 15], "texture": "#0"},
				"east": {"uv": [6, 13, 7, 15], "texture": "#0"},
				"south": {"uv": [6, 13, 7, 15], "texture": "#0"},
				"west": {"uv": [6, 13, 7, 15], "texture": "#0"},
				"up": {"uv": [6, 13, 7, 14], "rotation": 180, "texture": "#0"},
				"down": {"uv": [6, 14, 7, 15], "rotation": 180, "texture": "#0"}
			}
		},
		{
			"from": [11, -1, 4],
			"to": [12, 1, 5],
			"rotation": {"angle": 0, "axis": "y", "origin": [0, -1, 0]},
			"faces": {
				"north": {"uv": [11, 14, 12, 16], "texture": "#0"},
				"east": {"uv": [11, 14, 12, 16], "texture": "#0"},
				"south": {"uv": [11, 14, 12, 16], "texture": "#0"},
				"west": {"uv": [11, 14, 12, 16], "texture": "#0"},
				"up": {"uv": [11, 14, 12, 15], "rotation": 180, "texture": "#0"},
				"down": {"uv": [11, 15, 12, 16], "rotation": 180, "texture": "#0"}
			}
		},
		{
			"from": [11, -1, 1.1],
			"to": [12, 0, 2.1],
			"rotation": {"angle": 0, "axis": "y", "origin": [0, -1, 0]},
			"faces": {
				"north": {"uv": [14, 15, 15, 16], "texture": "#0"},
				"east": {"uv": [14, 15, 15, 16], "texture": "#0"},
				"south": {"uv": [14, 15, 15, 16], "texture": "#0"},
				"west": {"uv": [14, 15, 15, 16], "texture": "#0"},
				"up": {"uv": [14, 15, 15, 16], "rotation": 180, "texture": "#0"},
				"down": {"uv": [14, 15, 15, 16], "rotation": 180, "texture": "#0"}
			}
		},
		{
			"from": [11, 2, 7],
			"to": [12, 3, 8],
			"rotation": {"angle": 0, "axis": "y", "origin": [0, -1, 0]},
			"faces": {
				"north": {"uv": [8, 12, 9, 13], "texture": "#0"},
				"east": {"uv": [8, 12, 9, 13], "texture": "#0"},
				"south": {"uv": [8, 12, 9, 13], "texture": "#0"},
				"west": {"uv": [8, 12, 9, 13], "texture": "#0"},
				"up": {"uv": [8, 12, 9, 13], "rotation": 180, "texture": "#0"},
				"down": {"uv": [8, 12, 9, 13], "rotation": 180, "texture": "#0"}
			}
		},
		{
			"from": [14, 1, 4],
			"to": [15, 2, 5],
			"rotation": {"angle": 0, "axis": "y", "origin": [0, -1, 0]},
			"faces": {
				"north": {"uv": [1, 13, 2, 14], "texture": "#0"},
				"east": {"uv": [1, 13, 2, 14], "texture": "#0"},
				"south": {"uv": [1, 13, 2, 14], "texture": "#0"},
				"west": {"uv": [1, 13, 2, 14], "texture": "#0"},
				"up": {"uv": [1, 13, 2, 14], "rotation": 90, "texture": "#0"},
				"down": {"uv": [1, 13, 2, 14], "rotation": 270, "texture": "#0"}
			}
		},
		{
			"from": [12.1, 0, 4],
			"to": [13.1, 1, 5],
			"rotation": {"angle": 0, "axis": "y", "origin": [0, -1, 0]},
			"faces": {
				"north": {"uv": [3, 14, 4, 15], "texture": "#0"},
				"east": {"uv": [3, 14, 4, 15], "texture": "#0"},
				"south": {"uv": [3, 14, 4, 15], "texture": "#0"},
				"west": {"uv": [3, 14, 4, 15], "texture": "#0"},
				"up": {"uv": [3, 14, 4, 15], "rotation": 90, "texture": "#0"},
				"down": {"uv": [3, 14, 4, 15], "rotation": 270, "texture": "#0"}
			}
		},
		{
			"from": [13, -1, 4],
			"to": [14, 1, 5],
			"rotation": {"angle": 0, "axis": "y", "origin": [0, -1, 0]},
			"faces": {
				"north": {"uv": [2, 14, 3, 16], "texture": "#0"},
				"east": {"uv": [2, 14, 3, 16], "texture": "#0"},
				"south": {"uv": [2, 14, 3, 16], "texture": "#0"},
				"west": {"uv": [2, 14, 3, 16], "texture": "#0"},
				"up": {"uv": [2, 14, 3, 15], "rotation": 90, "texture": "#0"},
				"down": {"uv": [2, 15, 3, 16], "rotation": 270, "texture": "#0"}
			}
		},
		{
			"from": [8, -1, 4],
			"to": [9, 4, 5],
			"rotation": {"angle": 0, "axis": "y", "origin": [0, -1, 0]},
			"faces": {
				"north": {"uv": [7, 11, 8, 16], "texture": "#0"},
				"east": {"uv": [7, 11, 8, 16], "texture": "#0"},
				"south": {"uv": [7, 11, 8, 16], "texture": "#0"},
				"west": {"uv": [7, 11, 8, 16], "texture": "#0"},
				"up": {"uv": [7, 11, 8, 12], "rotation": 90, "texture": "#0"},
				"down": {"uv": [7, 15, 8, 16], "rotation": 270, "texture": "#0"}
			}
		},
		{
			"from": [9, 0, 4],
			"to": [10, 2, 5],
			"rotation": {"angle": 0, "axis": "y", "origin": [0, -1, 0]},
			"faces": {
				"north": {"uv": [6, 13, 7, 15], "texture": "#0"},
				"east": {"uv": [6, 13, 7, 15], "texture": "#0"},
				"south": {"uv": [6, 13, 7, 15], "texture": "#0"},
				"west": {"uv": [6, 13, 7, 15], "texture": "#0"},
				"up": {"uv": [6, 13, 7, 14], "rotation": 90, "texture": "#0"},
				"down": {"uv": [6, 14, 7, 15], "rotation": 270, "texture": "#0"}
			}
		},
		{
			"from": [4, -1, 4],
			"to": [5, 1, 5],
			"rotation": {"angle": 0, "axis": "y", "origin": [0, -1, 0]},
			"faces": {
				"north": {"uv": [11, 14, 12, 16], "texture": "#0"},
				"east": {"uv": [11, 14, 12, 16], "texture": "#0"},
				"south": {"uv": [11, 14, 12, 16], "texture": "#0"},
				"west": {"uv": [11, 14, 12, 16], "texture": "#0"},
				"up": {"uv": [11, 14, 12, 15], "rotation": 90, "texture": "#0"},
				"down": {"uv": [11, 15, 12, 16], "rotation": 270, "texture": "#0"}
			}
		},
		{
			"from": [1.1, -1, 4],
			"to": [2.1, 0, 5],
			"rotation": {"angle": 0, "axis": "y", "origin": [0, -1, 0]},
			"faces": {
				"north": {"uv": [14, 15, 15, 16], "texture": "#0"},
				"east": {"uv": [14, 15, 15, 16], "texture": "#0"},
				"south": {"uv": [14, 15, 15, 16], "texture": "#0"},
				"west": {"uv": [14, 15, 15, 16], "texture": "#0"},
				"up": {"uv": [14, 15, 15, 16], "rotation": 90, "texture": "#0"},
				"down": {"uv": [14, 15, 15, 16], "rotation": 270, "texture": "#0"}
			}
		},
		{
			"from": [7, 2, 4],
			"to": [8, 3, 5],
			"rotation": {"angle": 0, "axis": "y", "origin": [0, -1, 0]},
			"faces": {
				"north": {"uv": [8, 12, 9, 13], "texture": "#0"},
				"east": {"uv": [8, 12, 9, 13], "texture": "#0"},
				"south": {"uv": [8, 12, 9, 13], "texture": "#0"},
				"west": {"uv": [8, 12, 9, 13], "texture": "#0"},
				"up": {"uv": [8, 12, 9, 13], "rotation": 90, "texture": "#0"},
				"down": {"uv": [8, 12, 9, 13], "rotation": 270, "texture": "#0"}
			}
		}
	]
}