{
	"textures": {
		"0": "block/wheat_stage7",
		"particle": "block/wheat_stage7"
	},
	"elements": [
		{
			"from": [7, 9, 4],
			"to": [8, 12, 5],
			"rotation": {"angle": 0, "axis": "y", "origin": [0, -1, 0]},
			"faces": {
				"north": {"uv": [8, 3, 9, 6], "texture": "#0"},
				"east": {"uv": [8, 3, 9, 6], "texture": "#0"},
				"south": {"uv": [8, 3, 9, 6], "texture": "#0"},
				"west": {"uv": [8, 3, 9, 6], "texture": "#0"},
				"up": {"uv": [8, 3, 9, 4], "texture": "#0"},
				"down": {"uv": [8, 5, 9, 6], "texture": "#0"}
			}
		},
		{
			"from": [15, -1, 4],
			"to": [16, 8, 5],
			"rotation": {"angle": 0, "axis": "y", "origin": [0, -1, 0]},
			"faces": {
				"north": {"uv": [0, 7, 1, 16], "texture": "#0"},
				"east": {"uv": [0, 7, 1, 16], "texture": "#0"},
				"south": {"uv": [0, 7, 1, 16], "texture": "#0"},
				"west": {"uv": [0, 7, 1, 16], "texture": "#0"},
				"up": {"uv": [0, 7, 1, 8], "texture": "#0"},
				"down": {"uv": [0, 15, 1, 16], "texture": "#0"}
			}
		},
		{
			"from": [11, -1, 4],
			"to": [12, 10, 5],
			"rotation": {"angle": 0, "axis": "y", "origin": [0, -1, 0]},
			"faces": {
				"north": {"uv": [4, 5, 5, 16], "texture": "#0"},
				"east": {"uv": [4, 5, 5, 16], "texture": "#0"},
				"south": {"uv": [4, 5, 5, 16], "texture": "#0"},
				"west": {"uv": [4, 5, 5, 16], "texture": "#0"},
				"up": {"uv": [4, 5, 5, 6], "texture": "#0"},
				"down": {"uv": [4, 15, 5, 16], "texture": "#0"}
			}
		},
		{
			"from": [13, -1, 4],
			"to": [14, 14, 5],
			"rotation": {"angle": 0, "axis": "y", "origin": [0, -1, 0]},
			"faces": {
				"north": {"uv": [2, 1, 3, 16], "texture": "#0"},
				"east": {"uv": [2, 1, 3, 16], "texture": "#0"},
				"south": {"uv": [2, 1, 3, 16], "texture": "#0"},
				"west": {"uv": [2, 1, 3, 16], "texture": "#0"},
				"up": {"uv": [2, 1, 3, 2], "texture": "#0"},
				"down": {"uv": [2, 15, 3, 16], "texture": "#0"}
			}
		},
		{
			"from": [8, -1, 4],
			"to": [9, 14, 5],
			"rotation": {"angle": 0, "axis": "y", "origin": [0, -1, 0]},
			"faces": {
				"north": {"uv": [7, 1, 8, 16], "texture": "#0"},
				"east": {"uv": [7, 1, 8, 16], "texture": "#0"},
				"south": {"uv": [7, 1, 8, 16], "texture": "#0"},
				"west": {"uv": [7, 1, 8, 16], "texture": "#0"},
				"up": {"uv": [7, 1, 8, 2], "texture": "#0"},
				"down": {"uv": [7, 15, 8, 16], "texture": "#0"}
			}
		},
		{
			"from": [4, -1, 4],
			"to": [5, 13, 5],
			"rotation": {"angle": 0, "axis": "y", "origin": [0, -1, 0]},
			"faces": {
				"north": {"uv": [11, 2, 12, 16], "texture": "#0"},
				"east": {"uv": [11, 2, 12, 16], "texture": "#0"},
				"south": {"uv": [11, 2, 12, 16], "texture": "#0"},
				"west": {"uv": [11, 2, 12, 16], "texture": "#0"},
				"up": {"uv": [11, 2, 12, 3], "texture": "#0"},
				"down": {"uv": [11, 15, 12, 16], "texture": "#0"}
			}
		},
		{
			"from": [1, -1, 4],
			"to": [2, 11, 5],
			"rotation": {"angle": 0, "axis": "y", "origin": [0, -1, 0]},
			"faces": {
				"north": {"uv": [14, 4, 15, 16], "texture": "#0"},
				"east": {"uv": [14, 4, 15, 16], "texture": "#0"},
				"south": {"uv": [14, 4, 15, 16], "texture": "#0"},
				"west": {"uv": [14, 4, 15, 16], "texture": "#0"},
				"up": {"uv": [14, 4, 15, 5], "texture": "#0"},
				"down": {"uv": [14, 15, 15, 16], "texture": "#0"}
			}
		},
		{
			"from": [14, 3, 4],
			"to": [15, 7, 5],
			"rotation": {"angle": 0, "axis": "y", "origin": [0, -1, 0]},
			"faces": {
				"north": {"uv": [1, 8, 2, 12], "texture": "#0"},
				"east": {"uv": [1, 8, 2, 12], "texture": "#0"},
				"south": {"uv": [1, 8, 2, 12], "texture": "#0"},
				"west": {"uv": [1, 8, 2, 12], "texture": "#0"},
				"up": {"uv": [1, 8, 2, 9], "texture": "#0"},
				"down": {"uv": [1, 11, 2, 12], "texture": "#0"}
			}
		},
		{
			"from": [9, -1, 4],
			"to": [10, 3, 5],
			"rotation": {"angle": 0, "axis": "y", "origin": [0, -1, 0]},
			"faces": {
				"north": {"uv": [6, 12, 7, 16], "texture": "#0"},
				"east": {"uv": [6, 12, 7, 16], "texture": "#0"},
				"south": {"uv": [6, 12, 7, 16], "texture": "#0"},
				"west": {"uv": [6, 12, 7, 16], "texture": "#0"},
				"up": {"uv": [6, 12, 7, 13], "texture": "#0"},
				"down": {"uv": [6, 15, 7, 16], "texture": "#0"}
			}
		},
		{
			"from": [3, -1, 4],
			"to": [4, 3, 5],
			"rotation": {"angle": 0, "axis": "y", "origin": [0, -1, 0]},
			"faces": {
				"north": {"uv": [12, 12, 13, 16], "texture": "#0"},
				"east": {"uv": [12, 12, 13, 16], "texture": "#0"},
				"south": {"uv": [12, 12, 13, 16], "texture": "#0"},
				"west": {"uv": [12, 12, 13, 16], "texture": "#0"},
				"up": {"uv": [12, 12, 13, 13], "texture": "#0"},
				"down": {"uv": [12, 15, 13, 16], "texture": "#0"}
			}
		},
		{
			"from": [2, 6, 4],
			"to": [3, 10, 5],
			"rotation": {"angle": 0, "axis": "y", "origin": [0, -1, 0]},
			"faces": {
				"north": {"uv": [13, 5, 14, 9], "texture": "#0"},
				"east": {"uv": [13, 5, 14, 9], "texture": "#0"},
				"south": {"uv": [13, 5, 14, 9], "texture": "#0"},
				"west": {"uv": [13, 5, 14, 9], "texture": "#0"},
				"up": {"uv": [13, 5, 14, 6], "texture": "#0"},
				"down": {"uv": [13, 8, 14, 9], "texture": "#0"}
			}
		},
		{
			"from": [14, 10, 4],
			"to": [15, 14, 5],
			"rotation": {"angle": 0, "axis": "y", "origin": [0, -1, 0]},
			"faces": {
				"north": {"uv": [1, 1, 2, 5], "texture": "#0"},
				"east": {"uv": [1, 1, 2, 5], "texture": "#0"},
				"south": {"uv": [1, 1, 2, 5], "texture": "#0"},
				"west": {"uv": [1, 1, 2, 5], "texture": "#0"},
				"up": {"uv": [1, 1, 2, 2], "texture": "#0"},
				"down": {"uv": [1, 4, 2, 5], "texture": "#0"}
			}
		},
		{
			"from": [12, 6, 4],
			"to": [13, 11, 5],
			"rotation": {"angle": 0, "axis": "y", "origin": [0, -1, 0]},
			"faces": {
				"north": {"uv": [3, 4, 4, 9], "texture": "#0"},
				"east": {"uv": [3, 4, 4, 9], "texture": "#0"},
				"south": {"uv": [3, 4, 4, 9], "texture": "#0"},
				"west": {"uv": [3, 4, 4, 9], "texture": "#0"},
				"up": {"uv": [3, 4, 4, 5], "texture": "#0"},
				"down": {"uv": [3, 8, 4, 9], "texture": "#0"}
			}
		},
		{
			"from": [6, 2, 4],
			"to": [7, 8, 5],
			"rotation": {"angle": 0, "axis": "y", "origin": [0, -1, 0]},
			"faces": {
				"north": {"uv": [9, 7, 10, 13], "texture": "#0"},
				"east": {"uv": [9, 7, 10, 13], "texture": "#0"},
				"south": {"uv": [9, 7, 10, 13], "texture": "#0"},
				"west": {"uv": [9, 7, 10, 13], "texture": "#0"},
				"up": {"uv": [9, 7, 10, 8], "texture": "#0"},
				"down": {"uv": [9, 12, 10, 13], "texture": "#0"}
			}
		},
		{
			"from": [9, 10, 4],
			"to": [10, 15, 5],
			"rotation": {"angle": 0, "axis": "y", "origin": [0, -1, 0]},
			"faces": {
				"north": {"uv": [6, 0, 7, 5], "texture": "#0"},
				"east": {"uv": [6, 0, 7, 5], "texture": "#0"},
				"south": {"uv": [6, 0, 7, 5], "texture": "#0"},
				"west": {"uv": [6, 0, 7, 5], "texture": "#0"},
				"up": {"uv": [6, 0, 7, 1], "texture": "#0"},
				"down": {"uv": [6, 4, 7, 5], "texture": "#0"}
			}
		},
		{
			"from": [12, -1, 4],
			"to": [13, 1, 5],
			"rotation": {"angle": 0, "axis": "y", "origin": [0, -1, 0]},
			"faces": {
				"north": {"uv": [3, 14, 4, 16], "texture": "#0"},
				"east": {"uv": [3, 14, 4, 16], "texture": "#0"},
				"south": {"uv": [3, 14, 4, 16], "texture": "#0"},
				"west": {"uv": [3, 14, 4, 16], "texture": "#0"},
				"up": {"uv": [3, 14, 4, 15], "texture": "#0"},
				"down": {"uv": [3, 15, 4, 16], "texture": "#0"}
			}
		},
		{
			"from": [7, 0, 4],
			"to": [8, 2, 5],
			"rotation": {"angle": 0, "axis": "y", "origin": [0, -1, 0]},
			"faces": {
				"north": {"uv": [8, 13, 9, 15], "texture": "#0"},
				"east": {"uv": [8, 13, 9, 15], "texture": "#0"},
				"south": {"uv": [8, 13, 9, 15], "texture": "#0"},
				"west": {"uv": [8, 13, 9, 15], "texture": "#0"},
				"up": {"uv": [8, 13, 9, 14], "texture": "#0"},
				"down": {"uv": [8, 14, 9, 15], "texture": "#0"}
			}
		},
		{
			"from": [6, -1, 4],
			"to": [7, 1, 5],
			"rotation": {"angle": 0, "axis": "y", "origin": [0, -1, 0]},
			"faces": {
				"north": {"uv": [9, 14, 10, 16], "texture": "#0"},
				"east": {"uv": [9, 14, 10, 16], "texture": "#0"},
				"south": {"uv": [9, 14, 10, 16], "texture": "#0"},
				"west": {"uv": [9, 14, 10, 16], "texture": "#0"},
				"up": {"uv": [9, 14, 10, 15], "texture": "#0"},
				"down": {"uv": [9, 15, 10, 16], "texture": "#0"}
			}
		},
		{
			"from": [6, 9, 4],
			"to": [7, 11, 5],
			"rotation": {"angle": 0, "axis": "y", "origin": [0, -1, 0]},
			"faces": {
				"north": {"uv": [9, 4, 10, 6], "texture": "#0"},
				"east": {"uv": [9, 4, 10, 6], "texture": "#0"},
				"south": {"uv": [9, 4, 10, 6], "texture": "#0"},
				"west": {"uv": [9, 4, 10, 6], "texture": "#0"},
				"up": {"uv": [9, 4, 10, 5], "texture": "#0"},
				"down": {"uv": [9, 5, 10, 6], "texture": "#0"}
			}
		},
		{
			"from": [5, 10, 4],
			"to": [6, 12, 5],
			"rotation": {"angle": 0, "axis": "y", "origin": [0, -1, 0]},
			"faces": {
				"north": {"uv": [10, 3, 11, 5], "texture": "#0"},
				"east": {"uv": [10, 3, 11, 5], "texture": "#0"},
				"south": {"uv": [10, 3, 11, 5], "texture": "#0"},
				"west": {"uv": [10, 3, 11, 5], "texture": "#0"},
				"up": {"uv": [10, 3, 11, 4], "texture": "#0"},
				"down": {"uv": [10, 4, 11, 5], "texture": "#0"}
			}
		},
		{
			"from": [0, 1, 4],
			"to": [1, 3, 5],
			"rotation": {"angle": 0, "axis": "y", "origin": [0, -1, 0]},
			"faces": {
				"north": {"uv": [15, 12, 16, 14], "texture": "#0"},
				"east": {"uv": [15, 12, 16, 14], "texture": "#0"},
				"south": {"uv": [15, 12, 16, 14], "texture": "#0"},
				"west": {"uv": [15, 12, 16, 14], "texture": "#0"},
				"up": {"uv": [15, 12, 16, 13], "texture": "#0"},
				"down": {"uv": [15, 13, 16, 14], "texture": "#0"}
			}
		},
		{
			"from": [0, 8, 4],
			"to": [1, 9, 5],
			"rotation": {"angle": 0, "axis": "y", "origin": [0, -1, 0]},
			"faces": {
				"north": {"uv": [15, 6, 16, 7], "texture": "#0"},
				"east": {"uv": [15, 6, 16, 7], "texture": "#0"},
				"south": {"uv": [15, 6, 16, 7], "texture": "#0"},
				"west": {"uv": [15, 6, 16, 7], "texture": "#0"},
				"up": {"uv": [15, 6, 16, 7], "texture": "#0"},
				"down": {"uv": [15, 6, 16, 7], "texture": "#0"}
			}
		},
		{
			"from": [3, 8, 4],
			"to": [4, 10, 5],
			"rotation": {"angle": 0, "axis": "y", "origin": [0, -1, 0]},
			"faces": {
				"north": {"uv": [12, 5, 13, 7], "texture": "#0"},
				"east": {"uv": [12, 5, 13, 7], "texture": "#0"},
				"south": {"uv": [12, 5, 13, 7], "texture": "#0"},
				"west": {"uv": [12, 5, 13, 7], "texture": "#0"},
				"up": {"uv": [12, 5, 13, 6], "texture": "#0"},
				"down": {"uv": [12, 6, 13, 7], "texture": "#0"}
			}
		},
		{
			"from": [10, 4, 4],
			"to": [11, 7, 5],
			"rotation": {"angle": 0, "axis": "y", "origin": [0, -1, 0]},
			"faces": {
				"north": {"uv": [5, 8, 6, 11], "texture": "#0"},
				"east": {"uv": [5, 8, 6, 11], "texture": "#0"},
				"south": {"uv": [5, 8, 6, 11], "texture": "#0"},
				"west": {"uv": [5, 8, 6, 11], "texture": "#0"},
				"up": {"uv": [5, 8, 6, 9], "texture": "#0"},
				"down": {"uv": [5, 10, 6, 11], "texture": "#0"}
			}
		},
		{
			"from": [9, 5, 4],
			"to": [10, 8, 5],
			"rotation": {"angle": 0, "axis": "y", "origin": [0, -1, 0]},
			"faces": {
				"north": {"uv": [6, 7, 7, 10], "texture": "#0"},
				"east": {"uv": [6, 7, 7, 10], "texture": "#0"},
				"south": {"uv": [6, 7, 7, 10], "texture": "#0"},
				"west": {"uv": [6, 7, 7, 10], "texture": "#0"},
				"up": {"uv": [6, 7, 7, 8], "texture": "#0"},
				"down": {"uv": [6, 9, 7, 10], "texture": "#0"}
			}
		},
		{
			"from": [5, 3, 4],
			"to": [6, 6, 5],
			"rotation": {"angle": 0, "axis": "y", "origin": [0, -1, 0]},
			"faces": {
				"north": {"uv": [10, 9, 11, 12], "texture": "#0"},
				"east": {"uv": [10, 9, 11, 12], "texture": "#0"},
				"south": {"uv": [10, 9, 11, 12], "texture": "#0"},
				"west": {"uv": [10, 9, 11, 12], "texture": "#0"},
				"up": {"uv": [10, 9, 11, 10], "texture": "#0"},
				"down": {"uv": [10, 11, 11, 12], "texture": "#0"}
			}
		},
		{
			"from": [4, 9, 7],
			"to": [5, 12, 8],
			"rotation": {"angle": 0, "axis": "y", "origin": [0, -1, 0]},
			"faces": {
				"north": {"uv": [8, 3, 9, 6], "texture": "#0"},
				"east": {"uv": [8, 3, 9, 6], "texture": "#0"},
				"south": {"uv": [8, 3, 9, 6], "texture": "#0"},
				"west": {"uv": [8, 3, 9, 6], "texture": "#0"},
				"up": {"uv": [8, 3, 9, 4], "rotation": 90, "texture": "#0"},
				"down": {"uv": [8, 5, 9, 6], "rotation": 270, "texture": "#0"}
			}
		},
		{
			"from": [4, -1, 15],
			"to": [5, 8, 16],
			"rotation": {"angle": 0, "axis": "y", "origin": [0, -1, 0]},
			"faces": {
				"north": {"uv": [0, 7, 1, 16], "texture": "#0"},
				"east": {"uv": [0, 7, 1, 16], "texture": "#0"},
				"south": {"uv": [0, 7, 1, 16], "texture": "#0"},
				"west": {"uv": [0, 7, 1, 16], "texture": "#0"},
				"up": {"uv": [0, 7, 1, 8], "rotation": 90, "texture": "#0"},
				"down": {"uv": [0, 15, 1, 16], "rotation": 270, "texture": "#0"}
			}
		},
		{
			"from": [4, -1, 11],
			"to": [5, 10, 12],
			"rotation": {"angle": 0, "axis": "y", "origin": [0, -1, 0]},
			"faces": {
				"north": {"uv": [4, 5, 5, 16], "texture": "#0"},
				"east": {"uv": [4, 5, 5, 16], "texture": "#0"},
				"south": {"uv": [4, 5, 5, 16], "texture": "#0"},
				"west": {"uv": [4, 5, 5, 16], "texture": "#0"},
				"up": {"uv": [4, 5, 5, 6], "rotation": 90, "texture": "#0"},
				"down": {"uv": [4, 15, 5, 16], "rotation": 270, "texture": "#0"}
			}
		},
		{
			"from": [4, -1, 13],
			"to": [5, 14, 14],
			"rotation": {"angle": 0, "axis": "y", "origin": [0, -1, 0]},
			"faces": {
				"north": {"uv": [2, 1, 3, 16], "texture": "#0"},
				"east": {"uv": [2, 1, 3, 16], "texture": "#0"},
				"south": {"uv": [2, 1, 3, 16], "texture": "#0"},
				"west": {"uv": [2, 1, 3, 16], "texture": "#0"},
				"up": {"uv": [2, 1, 3, 2], "rotation": 90, "texture": "#0"},
				"down": {"uv": [2, 15, 3, 16], "rotation": 270, "texture": "#0"}
			}
		},
		{
			"from": [4, -1, 8],
			"to": [5, 14, 9],
			"rotation": {"angle": 0, "axis": "y", "origin": [0, -1, 0]},
			"faces": {
				"north": {"uv": [7, 1, 8, 16], "texture": "#0"},
				"east": {"uv": [7, 1, 8, 16], "texture": "#0"},
				"south": {"uv": [7, 1, 8, 16], "texture": "#0"},
				"west": {"uv": [7, 1, 8, 16], "texture": "#0"},
				"up": {"uv": [7, 1, 8, 2], "rotation": 90, "texture": "#0"},
				"down": {"uv": [7, 15, 8, 16], "rotation": 270, "texture": "#0"}
			}
		},
		{
			"from": [4, -1, 4],
			"to": [5, 13, 5],
			"rotation": {"angle": 0, "axis": "y", "origin": [0, -1, 0]},
			"faces": {
				"north": {"uv": [11, 2, 12, 16], "texture": "#0"},
				"east": {"uv": [11, 2, 12, 16], "texture": "#0"},
				"south": {"uv": [11, 2, 12, 16], "texture": "#0"},
				"west": {"uv": [11, 2, 12, 16], "texture": "#0"},
				"up": {"uv": [11, 2, 12, 3], "rotation": 90, "texture": "#0"},
				"down": {"uv": [11, 15, 12, 16], "rotation": 270, "texture": "#0"}
			}
		},
		{
			"from": [4, -1, 1],
			"to": [5, 11, 2],
			"rotation": {"angle": 0, "axis": "y", "origin": [0, -1, 0]},
			"faces": {
				"north": {"uv": [14, 4, 15, 16], "texture": "#0"},
				"east": {"uv": [14, 4, 15, 16], "texture": "#0"},
				"south": {"uv": [14, 4, 15, 16], "texture": "#0"},
				"west": {"uv": [14, 4, 15, 16], "texture": "#0"},
				"up": {"uv": [14, 4, 15, 5], "rotation": 90, "texture": "#0"},
				"down": {"uv": [14, 15, 15, 16], "rotation": 270, "texture": "#0"}
			}
		},
		{
			"from": [4, 3, 14],
			"to": [5, 7, 15],
			"rotation": {"angle": 0, "axis": "y", "origin": [0, -1, 0]},
			"faces": {
				"north": {"uv": [1, 8, 2, 12], "texture": "#0"},
				"east": {"uv": [1, 8, 2, 12], "texture": "#0"},
				"south": {"uv": [1, 8, 2, 12], "texture": "#0"},
				"west": {"uv": [1, 8, 2, 12], "texture": "#0"},
				"up": {"uv": [1, 8, 2, 9], "rotation": 90, "texture": "#0"},
				"down": {"uv": [1, 11, 2, 12], "rotation": 270, "texture": "#0"}
			}
		},
		{
			"from": [4, -1, 9],
			"to": [5, 3, 10],
			"rotation": {"angle": 0, "axis": "y", "origin": [0, -1, 0]},
			"faces": {
				"north": {"uv": [6, 12, 7, 16], "texture": "#0"},
				"east": {"uv": [6, 12, 7, 16], "texture": "#0"},
				"south": {"uv": [6, 12, 7, 16], "texture": "#0"},
				"west": {"uv": [6, 12, 7, 16], "texture": "#0"},
				"up": {"uv": [6, 12, 7, 13], "rotation": 90, "texture": "#0"},
				"down": {"uv": [6, 15, 7, 16], "rotation": 270, "texture": "#0"}
			}
		},
		{
			"from": [4, -1, 3],
			"to": [5, 3, 4],
			"rotation": {"angle": 0, "axis": "y", "origin": [0, -1, 0]},
			"faces": {
				"north": {"uv": [12, 12, 13, 16], "texture": "#0"},
				"east": {"uv": [12, 12, 13, 16], "texture": "#0"},
				"south": {"uv": [12, 12, 13, 16], "texture": "#0"},
				"west": {"uv": [12, 12, 13, 16], "texture": "#0"},
				"up": {"uv": [12, 12, 13, 13], "rotation": 90, "texture": "#0"},
				"down": {"uv": [12, 15, 13, 16], "rotation": 270, "texture": "#0"}
			}
		},
		{
			"from": [4, 6, 2],
			"to": [5, 10, 3],
			"rotation": {"angle": 0, "axis": "y", "origin": [0, -1, 0]},
			"faces": {
				"north": {"uv": [13, 5, 14, 9], "texture": "#0"},
				"east": {"uv": [13, 5, 14, 9], "texture": "#0"},
				"south": {"uv": [13, 5, 14, 9], "texture": "#0"},
				"west": {"uv": [13, 5, 14, 9], "texture": "#0"},
				"up": {"uv": [13, 5, 14, 6], "rotation": 90, "texture": "#0"},
				"down": {"uv": [13, 8, 14, 9], "rotation": 270, "texture": "#0"}
			}
		},
		{
			"from": [4, 10, 14],
			"to": [5, 14, 15],
			"rotation": {"angle": 0, "axis": "y", "origin": [0, -1, 0]},
			"faces": {
				"north": {"uv": [1, 1, 2, 5], "texture": "#0"},
				"east": {"uv": [1, 1, 2, 5], "texture": "#0"},
				"south": {"uv": [1, 1, 2, 5], "texture": "#0"},
				"west": {"uv": [1, 1, 2, 5], "texture": "#0"},
				"up": {"uv": [1, 1, 2, 2], "rotation": 90, "texture": "#0"},
				"down": {"uv": [1, 4, 2, 5], "rotation": 270, "texture": "#0"}
			}
		},
		{
			"from": [4, 6, 12],
			"to": [5, 11, 13],
			"rotation": {"angle": 0, "axis": "y", "origin": [0, -1, 0]},
			"faces": {
				"north": {"uv": [3, 4, 4, 9], "texture": "#0"},
				"east": {"uv": [3, 4, 4, 9], "texture": "#0"},
				"south": {"uv": [3, 4, 4, 9], "texture": "#0"},
				"west": {"uv": [3, 4, 4, 9], "texture": "#0"},
				"up": {"uv": [3, 4, 4, 5], "rotation": 90, "texture": "#0"},
				"down": {"uv": [3, 8, 4, 9], "rotation": 270, "texture": "#0"}
			}
		},
		{
			"from": [4, 2, 6],
			"to": [5, 8, 7],
			"rotation": {"angle": 0, "axis": "y", "origin": [0, -1, 0]},
			"faces": {
				"north": {"uv": [9, 7, 10, 13], "texture": "#0"},
				"east": {"uv": [9, 7, 10, 13], "texture": "#0"},
				"south": {"uv": [9, 7, 10, 13], "texture": "#0"},
				"west": {"uv": [9, 7, 10, 13], "texture": "#0"},
				"up": {"uv": [9, 7, 10, 8], "rotation": 90, "texture": "#0"},
				"down": {"uv": [9, 12, 10, 13], "rotation": 270, "texture": "#0"}
			}
		},
		{
			"from": [4, 10, 9],
			"to": [5, 15, 10],
			"rotation": {"angle": 0, "axis": "y", "origin": [0, -1, 0]},
			"faces": {
				"north": {"uv": [6, 0, 7, 5], "texture": "#0"},
				"east": {"uv": [6, 0, 7, 5], "texture": "#0"},
				"south": {"uv": [6, 0, 7, 5], "texture": "#0"},
				"west": {"uv": [6, 0, 7, 5], "texture": "#0"},
				"up": {"uv": [6, 0, 7, 1], "rotation": 90, "texture": "#0"},
				"down": {"uv": [6, 4, 7, 5], "rotation": 270, "texture": "#0"}
			}
		},
		{
			"from": [4, -1, 12],
			"to": [5, 1, 13],
			"rotation": {"angle": 0, "axis": "y", "origin": [0, -1, 0]},
			"faces": {
				"north": {"uv": [3, 14, 4, 16], "texture": "#0"},
				"east": {"uv": [3, 14, 4, 16], "texture": "#0"},
				"south": {"uv": [3, 14, 4, 16], "texture": "#0"},
				"west": {"uv": [3, 14, 4, 16], "texture": "#0"},
				"up": {"uv": [3, 14, 4, 15], "rotation": 90, "texture": "#0"},
				"down": {"uv": [3, 15, 4, 16], "rotation": 270, "texture": "#0"}
			}
		},
		{
			"from": [4, 0, 7],
			"to": [5, 2, 8],
			"rotation": {"angle": 0, "axis": "y", "origin": [0, -1, 0]},
			"faces": {
				"north": {"uv": [8, 13, 9, 15], "texture": "#0"},
				"east": {"uv": [8, 13, 9, 15], "texture": "#0"},
				"south": {"uv": [8, 13, 9, 15], "texture": "#0"},
				"west": {"uv": [8, 13, 9, 15], "texture": "#0"},
				"up": {"uv": [8, 13, 9, 14], "rotation": 90, "texture": "#0"},
				"down": {"uv": [8, 14, 9, 15], "rotation": 270, "texture": "#0"}
			}
		},
		{
			"from": [4, -1, 6],
			"to": [5, 1, 7],
			"rotation": {"angle": 0, "axis": "y", "origin": [0, -1, 0]},
			"faces": {
				"north": {"uv": [9, 14, 10, 16], "texture": "#0"},
				"east": {"uv": [9, 14, 10, 16], "texture": "#0"},
				"south": {"uv": [9, 14, 10, 16], "texture": "#0"},
				"west": {"uv": [9, 14, 10, 16], "texture": "#0"},
				"up": {"uv": [9, 14, 10, 15], "rotation": 90, "texture": "#0"},
				"down": {"uv": [9, 15, 10, 16], "rotation": 270, "texture": "#0"}
			}
		},
		{
			"from": [4, 9, 6],
			"to": [5, 11, 7],
			"rotation": {"angle": 0, "axis": "y", "origin": [0, -1, 0]},
			"faces": {
				"north": {"uv": [9, 4, 10, 6], "texture": "#0"},
				"east": {"uv": [9, 4, 10, 6], "texture": "#0"},
				"south": {"uv": [9, 4, 10, 6], "texture": "#0"},
				"west": {"uv": [9, 4, 10, 6], "texture": "#0"},
				"up": {"uv": [9, 4, 10, 5], "rotation": 90, "texture": "#0"},
				"down": {"uv": [9, 5, 10, 6], "rotation": 270, "texture": "#0"}
			}
		},
		{
			"from": [4, 10, 5],
			"to": [5, 12, 6],
			"rotation": {"angle": 0, "axis": "y", "origin": [0, -1, 0]},
			"faces": {
				"north": {"uv": [10, 3, 11, 5], "texture": "#0"},
				"east": {"uv": [10, 3, 11, 5], "texture": "#0"},
				"south": {"uv": [10, 3, 11, 5], "texture": "#0"},
				"west": {"uv": [10, 3, 11, 5], "texture": "#0"},
				"up": {"uv": [10, 3, 11, 4], "rotation": 90, "texture": "#0"},
				"down": {"uv": [10, 4, 11, 5], "rotation": 270, "texture": "#0"}
			}
		},
		{
			"from": [4, 1, 0],
			"to": [5, 3, 1],
			"rotation": {"angle": 0, "axis": "y", "origin": [0, -1, 0]},
			"faces": {
				"north": {"uv": [15, 12, 16, 14], "texture": "#0"},
				"east": {"uv": [15, 12, 16, 14], "texture": "#0"},
				"south": {"uv": [15, 12, 16, 14], "texture": "#0"},
				"west": {"uv": [15, 12, 16, 14], "texture": "#0"},
				"up": {"uv": [15, 12, 16, 13], "rotation": 90, "texture": "#0"},
				"down": {"uv": [15, 13, 16, 14], "rotation": 270, "texture": "#0"}
			}
		},
		{
			"from": [4, 8, 0],
			"to": [5, 9, 1],
			"rotation": {"angle": 0, "axis": "y", "origin": [0, -1, 0]},
			"faces": {
				"north": {"uv": [15, 6, 16, 7], "texture": "#0"},
				"east": {"uv": [15, 6, 16, 7], "texture": "#0"},
				"south": {"uv": [15, 6, 16, 7], "texture": "#0"},
				"west": {"uv": [15, 6, 16, 7], "texture": "#0"},
				"up": {"uv": [15, 6, 16, 7], "rotation": 90, "texture": "#0"},
				"down": {"uv": [15, 6, 16, 7], "rotation": 270, "texture": "#0"}
			}
		},
		{
			"from": [4, 8, 3],
			"to": [5, 10, 4],
			"rotation": {"angle": 0, "axis": "y", "origin": [0, -1, 0]},
			"faces": {
				"north": {"uv": [12, 5, 13, 7], "texture": "#0"},
				"east": {"uv": [12, 5, 13, 7], "texture": "#0"},
				"south": {"uv": [12, 5, 13, 7], "texture": "#0"},
				"west": {"uv": [12, 5, 13, 7], "texture": "#0"},
				"up": {"uv": [12, 5, 13, 6], "rotation": 90, "texture": "#0"},
				"down": {"uv": [12, 6, 13, 7], "rotation": 270, "texture": "#0"}
			}
		},
		{
			"from": [4, 4, 10],
			"to": [5, 7, 11],
			"rotation": {"angle": 0, "axis": "y", "origin": [0, -1, 0]},
			"faces": {
				"north": {"uv": [5, 8, 6, 11], "texture": "#0"},
				"east": {"uv": [5, 8, 6, 11], "texture": "#0"},
				"south": {"uv": [5, 8, 6, 11], "texture": "#0"},
				"west": {"uv": [5, 8, 6, 11], "texture": "#0"},
				"up": {"uv": [5, 8, 6, 9], "rotation": 90, "texture": "#0"},
				"down": {"uv": [5, 10, 6, 11], "rotation": 270, "texture": "#0"}
			}
		},
		{
			"from": [4, 5, 9],
			"to": [5, 8, 10],
			"rotation": {"angle": 0, "axis": "y", "origin": [0, -1, 0]},
			"faces": {
				"north": {"uv": [6, 7, 7, 10], "texture": "#0"},
				"east": {"uv": [6, 7, 7, 10], "texture": "#0"},
				"south": {"uv": [6, 7, 7, 10], "texture": "#0"},
				"west": {"uv": [6, 7, 7, 10], "texture": "#0"},
				"up": {"uv": [6, 7, 7, 8], "rotation": 90, "texture": "#0"},
				"down": {"uv": [6, 9, 7, 10], "rotation": 270, "texture": "#0"}
			}
		},
		{
			"from": [4, 3, 5],
			"to": [5, 6, 6],
			"rotation": {"angle": 0, "axis": "y", "origin": [0, -1, 0]},
			"faces": {
				"north": {"uv": [10, 9, 11, 12], "texture": "#0"},
				"east": {"uv": [10, 9, 11, 12], "texture": "#0"},
				"south": {"uv": [10, 9, 11, 12], "texture": "#0"},
				"west": {"uv": [10, 9, 11, 12], "texture": "#0"},
				"up": {"uv": [10, 9, 11, 10], "rotation": 90, "texture": "#0"},
				"down": {"uv": [10, 11, 11, 12], "rotation": 270, "texture": "#0"}
			}
		},
		{
			"from": [11, 9, 8],
			"to": [12, 12, 9],
			"rotation": {"angle": 0, "axis": "y", "origin": [0, -1, 0]},
			"faces": {
				"north": {"uv": [8, 3, 9, 6], "texture": "#0"},
				"east": {"uv": [8, 3, 9, 6], "texture": "#0"},
				"south": {"uv": [8, 3, 9, 6], "texture": "#0"},
				"west": {"uv": [8, 3, 9, 6], "texture": "#0"},
				"up": {"uv": [8, 3, 9, 4], "rotation": 270, "texture": "#0"},
				"down": {"uv": [8, 5, 9, 6], "rotation": 90, "texture": "#0"}
			}
		},
		{
			"from": [11, -1, 0],
			"to": [12, 8, 1],
			"rotation": {"angle": 0, "axis": "y", "origin": [0, -1, 0]},
			"faces": {
				"north": {"uv": [0, 7, 1, 16], "texture": "#0"},
				"east": {"uv": [0, 7, 1, 16], "texture": "#0"},
				"south": {"uv": [0, 7, 1, 16], "texture": "#0"},
				"west": {"uv": [0, 7, 1, 16], "texture": "#0"},
				"up": {"uv": [0, 7, 1, 8], "rotation": 270, "texture": "#0"},
				"down": {"uv": [0, 15, 1, 16], "rotation": 90, "texture": "#0"}
			}
		},
		{
			"from": [11, -1, 4],
			"to": [12, 10, 5],
			"rotation": {"angle": 0, "axis": "y", "origin": [0, -1, 0]},
			"faces": {
				"north": {"uv": [4, 5, 5, 16], "texture": "#0"},
				"east": {"uv": [4, 5, 5, 16], "texture": "#0"},
				"south": {"uv": [4, 5, 5, 16], "texture": "#0"},
				"west": {"uv": [4, 5, 5, 16], "texture": "#0"},
				"up": {"uv": [4, 5, 5, 6], "rotation": 270, "texture": "#0"},
				"down": {"uv": [4, 15, 5, 16], "rotation": 90, "texture": "#0"}
			}
		},
		{
			"from": [11, -1, 2],
			"to": [12, 14, 3],
			"rotation": {"angle": 0, "axis": "y", "origin": [0, -1, 0]},
			"faces": {
				"north": {"uv": [2, 1, 3, 16], "texture": "#0"},
				"east": {"uv": [2, 1, 3, 16], "texture": "#0"},
				"south": {"uv": [2, 1, 3, 16], "texture": "#0"},
				"west": {"uv": [2, 1, 3, 16], "texture": "#0"},
				"up": {"uv": [2, 1, 3, 2], "rotation": 270, "texture": "#0"},
				"down": {"uv": [2, 15, 3, 16], "rotation": 90, "texture": "#0"}
			}
		},
		{
			"from": [11, -1, 7],
			"to": [12, 14, 8],
			"rotation": {"angle": 0, "axis": "y", "origin": [0, -1, 0]},
			"faces": {
				"north": {"uv": [7, 1, 8, 16], "texture": "#0"},
				"east": {"uv": [7, 1, 8, 16], "texture": "#0"},
				"south": {"uv": [7, 1, 8, 16], "texture": "#0"},
				"west": {"uv": [7, 1, 8, 16], "texture": "#0"},
				"up": {"uv": [7, 1, 8, 2], "rotation": 270, "texture": "#0"},
				"down": {"uv": [7, 15, 8, 16], "rotation": 90, "texture": "#0"}
			}
		},
		{
			"from": [11, -1, 11],
			"to": [12, 13, 12],
			"rotation": {"angle": 0, "axis": "y", "origin": [0, -1, 0]},
			"faces": {
				"north": {"uv": [11, 2, 12, 16], "texture": "#0"},
				"east": {"uv": [11, 2, 12, 16], "texture": "#0"},
				"south": {"uv": [11, 2, 12, 16], "texture": "#0"},
				"west": {"uv": [11, 2, 12, 16], "texture": "#0"},
				"up": {"uv": [11, 2, 12, 3], "rotation": 270, "texture": "#0"},
				"down": {"uv": [11, 15, 12, 16], "rotation": 90, "texture": "#0"}
			}
		},
		{
			"from": [11, -1, 14],
			"to": [12, 11, 15],
			"rotation": {"angle": 0, "axis": "y", "origin": [0, -1, 0]},
			"faces": {
				"north": {"uv": [14, 4, 15, 16], "texture": "#0"},
				"east": {"uv": [14, 4, 15, 16], "texture": "#0"},
				"south": {"uv": [14, 4, 15, 16], "texture": "#0"},
				"west": {"uv": [14, 4, 15, 16], "texture": "#0"},
				"up": {"uv": [14, 4, 15, 5], "rotation": 270, "texture": "#0"},
				"down": {"uv": [14, 15, 15, 16], "rotation": 90, "texture": "#0"}
			}
		},
		{
			"from": [11, 3, 1],
			"to": [12, 7, 2],
			"rotation": {"angle": 0, "axis": "y", "origin": [0, -1, 0]},
			"faces": {
				"north": {"uv": [1, 8, 2, 12], "texture": "#0"},
				"east": {"uv": [1, 8, 2, 12], "texture": "#0"},
				"south": {"uv": [1, 8, 2, 12], "texture": "#0"},
				"west": {"uv": [1, 8, 2, 12], "texture": "#0"},
				"up": {"uv": [1, 8, 2, 9], "rotation": 270, "texture": "#0"},
				"down": {"uv": [1, 11, 2, 12], "rotation": 90, "texture": "#0"}
			}
		},
		{
			"from": [11, -1, 6],
			"to": [12, 3, 7],
			"rotation": {"angle": 0, "axis": "y", "origin": [0, -1, 0]},
			"faces": {
				"north": {"uv": [6, 12, 7, 16], "texture": "#0"},
				"east": {"uv": [6, 12, 7, 16], "texture": "#0"},
				"south": {"uv": [6, 12, 7, 16], "texture": "#0"},
				"west": {"uv": [6, 12, 7, 16], "texture": "#0"},
				"up": {"uv": [6, 12, 7, 13], "rotation": 270, "texture": "#0"},
				"down": {"uv": [6, 15, 7, 16], "rotation": 90, "texture": "#0"}
			}
		},
		{
			"from": [11, -1, 12],
			"to": [12, 3, 13],
			"rotation": {"angle": 0, "axis": "y", "origin": [0, -1, 0]},
			"faces": {
				"north": {"uv": [12, 12, 13, 16], "texture": "#0"},
				"east": {"uv": [12, 12, 13, 16], "texture": "#0"},
				"south": {"uv": [12, 12, 13, 16], "texture": "#0"},
				"west": {"uv": [12, 12, 13, 16], "texture": "#0"},
				"up": {"uv": [12, 12, 13, 13], "rotation": 270, "texture": "#0"},
				"down": {"uv": [12, 15, 13, 16], "rotation": 90, "texture": "#0"}
			}
		},
		{
			"from": [11, 6, 13],
			"to": [12, 10, 14],
			"rotation": {"angle": 0, "axis": "y", "origin": [0, -1, 0]},
			"faces": {
				"north": {"uv": [13, 5, 14, 9], "texture": "#0"},
				"east": {"uv": [13, 5, 14, 9], "texture": "#0"},
				"south": {"uv": [13, 5, 14, 9], "texture": "#0"},
				"west": {"uv": [13, 5, 14, 9], "texture": "#0"},
				"up": {"uv": [13, 5, 14, 6], "rotation": 270, "texture": "#0"},
				"down": {"uv": [13, 8, 14, 9], "rotation": 90, "texture": "#0"}
			}
		},
		{
			"from": [11, 10, 1],
			"to": [12, 14, 2],
			"rotation": {"angle": 0, "axis": "y", "origin": [0, -1, 0]},
			"faces": {
				"north": {"uv": [1, 1, 2, 5], "texture": "#0"},
				"east": {"uv": [1, 1, 2, 5], "texture": "#0"},
				"south": {"uv": [1, 1, 2, 5], "texture": "#0"},
				"west": {"uv": [1, 1, 2, 5], "texture": "#0"},
				"up": {"uv": [1, 1, 2, 2], "rotation": 270, "texture": "#0"},
				"down": {"uv": [1, 4, 2, 5], "rotation": 90, "texture": "#0"}
			}
		},
		{
			"from": [11, 6, 3],
			"to": [12, 11, 4],
			"rotation": {"angle": 0, "axis": "y", "origin": [0, -1, 0]},
			"faces": {
				"north": {"uv": [3, 4, 4, 9], "texture": "#0"},
				"east": {"uv": [3, 4, 4, 9], "texture": "#0"},
				"south": {"uv": [3, 4, 4, 9], "texture": "#0"},
				"west": {"uv": [3, 4, 4, 9], "texture": "#0"},
				"up": {"uv": [3, 4, 4, 5], "rotation": 270, "texture": "#0"},
				"down": {"uv": [3, 8, 4, 9], "rotation": 90, "texture": "#0"}
			}
		},
		{
			"from": [11, 2, 9],
			"to": [12, 8, 10],
			"rotation": {"angle": 0, "axis": "y", "origin": [0, -1, 0]},
			"faces": {
				"north": {"uv": [9, 7, 10, 13], "texture": "#0"},
				"east": {"uv": [9, 7, 10, 13], "texture": "#0"},
				"south": {"uv": [9, 7, 10, 13], "texture": "#0"},
				"west": {"uv": [9, 7, 10, 13], "texture": "#0"},
				"up": {"uv": [9, 7, 10, 8], "rotation": 270, "texture": "#0"},
				"down": {"uv": [9, 12, 10, 13], "rotation": 90, "texture": "#0"}
			}
		},
		{
			"from": [11, 10, 6],
			"to": [12, 15, 7],
			"rotation": {"angle": 0, "axis": "y", "origin": [0, -1, 0]},
			"faces": {
				"north": {"uv": [6, 0, 7, 5], "texture": "#0"},
				"east": {"uv": [6, 0, 7, 5], "texture": "#0"},
				"south": {"uv": [6, 0, 7, 5], "texture": "#0"},
				"west": {"uv": [6, 0, 7, 5], "texture": "#0"},
				"up": {"uv": [6, 0, 7, 1], "rotation": 270, "texture": "#0"},
				"down": {"uv": [6, 4, 7, 5], "rotation": 90, "texture": "#0"}
			}
		},
		{
			"from": [11, -1, 3],
			"to": [12, 1, 4],
			"rotation": {"angle": 0, "axis": "y", "origin": [0, -1, 0]},
			"faces": {
				"north": {"uv": [3, 14, 4, 16], "texture": "#0"},
				"east": {"uv": [3, 14, 4, 16], "texture": "#0"},
				"south": {"uv": [3, 14, 4, 16], "texture": "#0"},
				"west": {"uv": [3, 14, 4, 16], "texture": "#0"},
				"up": {"uv": [3, 14, 4, 15], "rotation": 270, "texture": "#0"},
				"down": {"uv": [3, 15, 4, 16], "rotation": 90, "texture": "#0"}
			}
		},
		{
			"from": [11, 0, 8],
			"to": [12, 2, 9],
			"rotation": {"angle": 0, "axis": "y", "origin": [0, -1, 0]},
			"faces": {
				"north": {"uv": [8, 13, 9, 15], "texture": "#0"},
				"east": {"uv": [8, 13, 9, 15], "texture": "#0"},
				"south": {"uv": [8, 13, 9, 15], "texture": "#0"},
				"west": {"uv": [8, 13, 9, 15], "texture": "#0"},
				"up": {"uv": [8, 13, 9, 14], "rotation": 270, "texture": "#0"},
				"down": {"uv": [8, 14, 9, 15], "rotation": 90, "texture": "#0"}
			}
		},
		{
			"from": [11, -1, 9],
			"to": [12, 1, 10],
			"rotation": {"angle": 0, "axis": "y", "origin": [0, -1, 0]},
			"faces": {
				"north": {"uv": [9, 14, 10, 16], "texture": "#0"},
				"east": {"uv": [9, 14, 10, 16], "texture": "#0"},
				"south": {"uv": [9, 14, 10, 16], "texture": "#0"},
				"west": {"uv": [9, 14, 10, 16], "texture": "#0"},
				"up": {"uv": [9, 14, 10, 15], "rotation": 270, "texture": "#0"},
				"down": {"uv": [9, 15, 10, 16], "rotation": 90, "texture": "#0"}
			}
		},
		{
			"from": [11, 9, 9],
			"to": [12, 11, 10],
			"rotation": {"angle": 0, "axis": "y", "origin": [0, -1, 0]},
			"faces": {
				"north": {"uv": [9, 4, 10, 6], "texture": "#0"},
				"east": {"uv": [9, 4, 10, 6], "texture": "#0"},
				"south": {"uv": [9, 4, 10, 6], "texture": "#0"},
				"west": {"uv": [9, 4, 10, 6], "texture": "#0"},
				"up": {"uv": [9, 4, 10, 5], "rotation": 270, "texture": "#0"},
				"down": {"uv": [9, 5, 10, 6], "rotation": 90, "texture": "#0"}
			}
		},
		{
			"from": [11, 10, 10],
			"to": [12, 12, 11],
			"rotation": {"angle": 0, "axis": "y", "origin": [0, -1, 0]},
			"faces": {
				"north": {"uv": [10, 3, 11, 5], "texture": "#0"},
				"east": {"uv": [10, 3, 11, 5], "texture": "#0"},
				"south": {"uv": [10, 3, 11, 5], "texture": "#0"},
				"west": {"uv": [10, 3, 11, 5], "texture": "#0"},
				"up": {"uv": [10, 3, 11, 4], "rotation": 270, "texture": "#0"},
				"down": {"uv": [10, 4, 11, 5], "rotation": 90, "texture": "#0"}
			}
		},
		{
			"from": [11, 1, 15],
			"to": [12, 3, 16],
			"rotation": {"angle": 0, "axis": "y", "origin": [0, -1, 0]},
			"faces": {
				"north": {"uv": [15, 12, 16, 14], "texture": "#0"},
				"east": {"uv": [15, 12, 16, 14], "texture": "#0"},
				"south": {"uv": [15, 12, 16, 14], "texture": "#0"},
				"west": {"uv": [15, 12, 16, 14], "texture": "#0"},
				"up": {"uv": [15, 12, 16, 13], "rotation": 270, "texture": "#0"},
				"down": {"uv": [15, 13, 16, 14], "rotation": 90, "texture": "#0"}
			}
		},
		{
			"from": [11, 8, 15],
			"to": [12, 9, 16],
			"rotation": {"angle": 0, "axis": "y", "origin": [0, -1, 0]},
			"faces": {
				"north": {"uv": [15, 6, 16, 7], "texture": "#0"},
				"east": {"uv": [15, 6, 16, 7], "texture": "#0"},
				"south": {"uv": [15, 6, 16, 7], "texture": "#0"},
				"west": {"uv": [15, 6, 16, 7], "texture": "#0"},
				"up": {"uv": [15, 6, 16, 7], "rotation": 270, "texture": "#0"},
				"down": {"uv": [15, 6, 16, 7], "rotation": 90, "texture": "#0"}
			}
		},
		{
			"from": [11, 8, 12],
			"to": [12, 10, 13],
			"rotation": {"angle": 0, "axis": "y", "origin": [0, -1, 0]},
			"faces": {
				"north": {"uv": [12, 5, 13, 7], "texture": "#0"},
				"east": {"uv": [12, 5, 13, 7], "texture": "#0"},
				"south": {"uv": [12, 5, 13, 7], "texture": "#0"},
				"west": {"uv": [12, 5, 13, 7], "texture": "#0"},
				"up": {"uv": [12, 5, 13, 6], "rotation": 270, "texture": "#0"},
				"down": {"uv": [12, 6, 13, 7], "rotation": 90, "texture": "#0"}
			}
		},
		{
			"from": [11, 4, 5],
			"to": [12, 7, 6],
			"rotation": {"angle": 0, "axis": "y", "origin": [0, -1, 0]},
			"faces": {
				"north": {"uv": [5, 8, 6, 11], "texture": "#0"},
				"east": {"uv": [5, 8, 6, 11], "texture": "#0"},
				"south": {"uv": [5, 8, 6, 11], "texture": "#0"},
				"west": {"uv": [5, 8, 6, 11], "texture": "#0"},
				"up": {"uv": [5, 8, 6, 9], "rotation": 270, "texture": "#0"},
				"down": {"uv": [5, 10, 6, 11], "rotation": 90, "texture": "#0"}
			}
		},
		{
			"from": [11, 5, 6],
			"to": [12, 8, 7],
			"rotation": {"angle": 0, "axis": "y", "origin": [0, -1, 0]},
			"faces": {
				"north": {"uv": [6, 7, 7, 10], "texture": "#0"},
				"east": {"uv": [6, 7, 7, 10], "texture": "#0"},
				"south": {"uv": [6, 7, 7, 10], "texture": "#0"},
				"west": {"uv": [6, 7, 7, 10], "texture": "#0"},
				"up": {"uv": [6, 7, 7, 8], "rotation": 270, "texture": "#0"},
				"down": {"uv": [6, 9, 7, 10], "rotation": 90, "texture": "#0"}
			}
		},
		{
			"from": [11, 3, 10],
			"to": [12, 6, 11],
			"rotation": {"angle": 0, "axis": "y", "origin": [0, -1, 0]},
			"faces": {
				"north": {"uv": [10, 9, 11, 12], "texture": "#0"},
				"east": {"uv": [10, 9, 11, 12], "texture": "#0"},
				"south": {"uv": [10, 9, 11, 12], "texture": "#0"},
				"west": {"uv": [10, 9, 11, 12], "texture": "#0"},
				"up": {"uv": [10, 9, 11, 10], "rotation": 270, "texture": "#0"},
				"down": {"uv": [10, 11, 11, 12], "rotation": 90, "texture": "#0"}
			}
		},
		{
			"from": [8, 9, 11],
			"to": [9, 12, 12],
			"rotation": {"angle": 0, "axis": "y", "origin": [0, -1, 0]},
			"faces": {
				"north": {"uv": [8, 3, 9, 6], "texture": "#0"},
				"east": {"uv": [8, 3, 9, 6], "texture": "#0"},
				"south": {"uv": [8, 3, 9, 6], "texture": "#0"},
				"west": {"uv": [8, 3, 9, 6], "texture": "#0"},
				"up": {"uv": [8, 3, 9, 4], "rotation": 180, "texture": "#0"},
				"down": {"uv": [8, 5, 9, 6], "rotation": 180, "texture": "#0"}
			}
		},
		{
			"from": [0, -1, 11],
			"to": [1, 8, 12],
			"rotation": {"angle": 0, "axis": "y", "origin": [0, -1, 0]},
			"faces": {
				"north": {"uv": [0, 7, 1, 16], "texture": "#0"},
				"east": {"uv": [0, 7, 1, 16], "texture": "#0"},
				"south": {"uv": [0, 7, 1, 16], "texture": "#0"},
				"west": {"uv": [0, 7, 1, 16], "texture": "#0"},
				"up": {"uv": [0, 7, 1, 8], "rotation": 180, "texture": "#0"},
				"down": {"uv": [0, 15, 1, 16], "rotation": 180, "texture": "#0"}
			}
		},
		{
			"from": [4, -1, 11],
			"to": [5, 10, 12],
			"rotation": {"angle": 0, "axis": "y", "origin": [0, -1, 0]},
			"faces": {
				"north": {"uv": [4, 5, 5, 16], "texture": "#0"},
				"east": {"uv": [4, 5, 5, 16], "texture": "#0"},
				"south": {"uv": [4, 5, 5, 16], "texture": "#0"},
				"west": {"uv": [4, 5, 5, 16], "texture": "#0"},
				"up": {"uv": [4, 5, 5, 6], "rotation": 180, "texture": "#0"},
				"down": {"uv": [4, 15, 5, 16], "rotation": 180, "texture": "#0"}
			}
		},
		{
			"from": [2, -1, 11],
			"to": [3, 14, 12],
			"rotation": {"angle": 0, "axis": "y", "origin": [0, -1, 0]},
			"faces": {
				"north": {"uv": [2, 1, 3, 16], "texture": "#0"},
				"east": {"uv": [2, 1, 3, 16], "texture": "#0"},
				"south": {"uv": [2, 1, 3, 16], "texture": "#0"},
				"west": {"uv": [2, 1, 3, 16], "texture": "#0"},
				"up": {"uv": [2, 1, 3, 2], "rotation": 180, "texture": "#0"},
				"down": {"uv": [2, 15, 3, 16], "rotation": 180, "texture": "#0"}
			}
		},
		{
			"from": [7, -1, 11],
			"to": [8, 14, 12],
			"rotation": {"angle": 0, "axis": "y", "origin": [0, -1, 0]},
			"faces": {
				"north": {"uv": [7, 1, 8, 16], "texture": "#0"},
				"east": {"uv": [7, 1, 8, 16], "texture": "#0"},
				"south": {"uv": [7, 1, 8, 16], "texture": "#0"},
				"west": {"uv": [7, 1, 8, 16], "texture": "#0"},
				"up": {"uv": [7, 1, 8, 2], "rotation": 180, "texture": "#0"},
				"down": {"uv": [7, 15, 8, 16], "rotation": 180, "texture": "#0"}
			}
		},
		{
			"from": [11, -1, 11],
			"to": [12, 13, 12],
			"rotation": {"angle": 0, "axis": "y", "origin": [0, -1, 0]},
			"faces": {
				"north": {"uv": [11, 2, 12, 16], "texture": "#0"},
				"east": {"uv": [11, 2, 12, 16], "texture": "#0"},
				"south": {"uv": [11, 2, 12, 16], "texture": "#0"},
				"west": {"uv": [11, 2, 12, 16], "texture": "#0"},
				"up": {"uv": [11, 2, 12, 3], "rotation": 180, "texture": "#0"},
				"down": {"uv": [11, 15, 12, 16], "rotation": 180, "texture": "#0"}
			}
		},
		{
			"from": [14, -1, 11],
			"to": [15, 11, 12],
			"rotation": {"angle": 0, "axis": "y", "origin": [0, -1, 0]},
			"faces": {
				"north": {"uv": [14, 4, 15, 16], "texture": "#0"},
				"east": {"uv": [14, 4, 15, 16], "texture": "#0"},
				"south": {"uv": [14, 4, 15, 16], "texture": "#0"},
				"west": {"uv": [14, 4, 15, 16], "texture": "#0"},
				"up": {"uv": [14, 4, 15, 5], "rotation": 180, "texture": "#0"},
				"down": {"uv": [14, 15, 15, 16], "rotation": 180, "texture": "#0"}
			}
		},
		{
			"from": [1, 3, 11],
			"to": [2, 7, 12],
			"rotation": {"angle": 0, "axis": "y", "origin": [0, -1, 0]},
			"faces": {
				"north": {"uv": [1, 8, 2, 12], "texture": "#0"},
				"east": {"uv": [1, 8, 2, 12], "texture": "#0"},
				"south": {"uv": [1, 8, 2, 12], "texture": "#0"},
				"west": {"uv": [1, 8, 2, 12], "texture": "#0"},
				"up": {"uv": [1, 8, 2, 9], "rotation": 180, "texture": "#0"},
				"down": {"uv": [1, 11, 2, 12], "rotation": 180, "texture": "#0"}
			}
		},
		{
			"from": [6, -1, 11],
			"to": [7, 3, 12],
			"rotation": {"angle": 0, "axis": "y", "origin": [0, -1, 0]},
			"faces": {
				"north": {"uv": [6, 12, 7, 16], "texture": "#0"},
				"east": {"uv": [6, 12, 7, 16], "texture": "#0"},
				"south": {"uv": [6, 12, 7, 16], "texture": "#0"},
				"west": {"uv": [6, 12, 7, 16], "texture": "#0"},
				"up": {"uv": [6, 12, 7, 13], "rotation": 180, "texture": "#0"},
				"down": {"uv": [6, 15, 7, 16], "rotation": 180, "texture": "#0"}
			}
		},
		{
			"from": [12, -1, 11],
			"to": [13, 3, 12],
			"rotation": {"angle": 0, "axis": "y", "origin": [0, -1, 0]},
			"faces": {
				"north": {"uv": [12, 12, 13, 16], "texture": "#0"},
				"east": {"uv": [12, 12, 13, 16], "texture": "#0"},
				"south": {"uv": [12, 12, 13, 16], "texture": "#0"},
				"west": {"uv": [12, 12, 13, 16], "texture": "#0"},
				"up": {"uv": [12, 12, 13, 13], "rotation": 180, "texture": "#0"},
				"down": {"uv": [12, 15, 13, 16], "rotation": 180, "texture": "#0"}
			}
		},
		{
			"from": [13, 6, 11],
			"to": [14, 10, 12],
			"rotation": {"angle": 0, "axis": "y", "origin": [0, -1, 0]},
			"faces": {
				"north": {"uv": [13, 5, 14, 9], "texture": "#0"},
				"east": {"uv": [13, 5, 14, 9], "texture": "#0"},
				"south": {"uv": [13, 5, 14, 9], "texture": "#0"},
				"west": {"uv": [13, 5, 14, 9], "texture": "#0"},
				"up": {"uv": [13, 5, 14, 6], "rotation": 180, "texture": "#0"},
				"down": {"uv": [13, 8, 14, 9], "rotation": 180, "texture": "#0"}
			}
		},
		{
			"from": [1, 10, 11],
			"to": [2, 14, 12],
			"rotation": {"angle": 0, "axis": "y", "origin": [0, -1, 0]},
			"faces": {
				"north": {"uv": [1, 1, 2, 5], "texture": "#0"},
				"east": {"uv": [1, 1, 2, 5], "texture": "#0"},
				"south": {"uv": [1, 1, 2, 5], "texture": "#0"},
				"west": {"uv": [1, 1, 2, 5], "texture": "#0"},
				"up": {"uv": [1, 1, 2, 2], "rotation": 180, "texture": "#0"},
				"down": {"uv": [1, 4, 2, 5], "rotation": 180, "texture": "#0"}
			}
		},
		{
			"from": [3, 6, 11],
			"to": [4, 11, 12],
			"rotation": {"angle": 0, "axis": "y", "origin": [0, -1, 0]},
			"faces": {
				"north": {"uv": [3, 4, 4, 9], "texture": "#0"},
				"east": {"uv": [3, 4, 4, 9], "texture": "#0"},
				"south": {"uv": [3, 4, 4, 9], "texture": "#0"},
				"west": {"uv": [3, 4, 4, 9], "texture": "#0"},
				"up": {"uv": [3, 4, 4, 5], "rotation": 180, "texture": "#0"},
				"down": {"uv": [3, 8, 4, 9], "rotation": 180, "texture": "#0"}
			}
		},
		{
			"from": [9, 2, 11],
			"to": [10, 8, 12],
			"rotation": {"angle": 0, "axis": "y", "origin": [0, -1, 0]},
			"faces": {
				"north": {"uv": [9, 7, 10, 13], "texture": "#0"},
				"east": {"uv": [9, 7, 10, 13], "texture": "#0"},
				"south": {"uv": [9, 7, 10, 13], "texture": "#0"},
				"west": {"uv": [9, 7, 10, 13], "texture": "#0"},
				"up": {"uv": [9, 7, 10, 8], "rotation": 180, "texture": "#0"},
				"down": {"uv": [9, 12, 10, 13], "rotation": 180, "texture": "#0"}
			}
		},
		{
			"from": [6, 10, 11],
			"to": [7, 15, 12],
			"rotation": {"angle": 0, "axis": "y", "origin": [0, -1, 0]},
			"faces": {
				"north": {"uv": [6, 0, 7, 5], "texture": "#0"},
				"east": {"uv": [6, 0, 7, 5], "texture": "#0"},
				"south": {"uv": [6, 0, 7, 5], "texture": "#0"},
				"west": {"uv": [6, 0, 7, 5], "texture": "#0"},
				"up": {"uv": [6, 0, 7, 1], "rotation": 180, "texture": "#0"},
				"down": {"uv": [6, 4, 7, 5], "rotation": 180, "texture": "#0"}
			}
		},
		{
			"from": [3, -1, 11],
			"to": [4, 1, 12],
			"rotation": {"angle": 0, "axis": "y", "origin": [0, -1, 0]},
			"faces": {
				"north": {"uv": [3, 14, 4, 16], "texture": "#0"},
				"east": {"uv": [3, 14, 4, 16], "texture": "#0"},
				"south": {"uv": [3, 14, 4, 16], "texture": "#0"},
				"west": {"uv": [3, 14, 4, 16], "texture": "#0"},
				"up": {"uv": [3, 14, 4, 15], "rotation": 180, "texture": "#0"},
				"down": {"uv": [3, 15, 4, 16], "rotation": 180, "texture": "#0"}
			}
		},
		{
			"from": [8, 0, 11],
			"to": [9, 2, 12],
			"rotation": {"angle": 0, "axis": "y", "origin": [0, -1, 0]},
			"faces": {
				"north": {"uv": [8, 13, 9, 15], "texture": "#0"},
				"east": {"uv": [8, 13, 9, 15], "texture": "#0"},
				"south": {"uv": [8, 13, 9, 15], "texture": "#0"},
				"west": {"uv": [8, 13, 9, 15], "texture": "#0"},
				"up": {"uv": [8, 13, 9, 14], "rotation": 180, "texture": "#0"},
				"down": {"uv": [8, 14, 9, 15], "rotation": 180, "texture": "#0"}
			}
		},
		{
			"from": [9, -1, 11],
			"to": [10, 1, 12],
			"rotation": {"angle": 0, "axis": "y", "origin": [0, -1, 0]},
			"faces": {
				"north": {"uv": [9, 14, 10, 16], "texture": "#0"},
				"east": {"uv": [9, 14, 10, 16], "texture": "#0"},
				"south": {"uv": [9, 14, 10, 16], "texture": "#0"},
				"west": {"uv": [9, 14, 10, 16], "texture": "#0"},
				"up": {"uv": [9, 14, 10, 15], "rotation": 180, "texture": "#0"},
				"down": {"uv": [9, 15, 10, 16], "rotation": 180, "texture": "#0"}
			}
		},
		{
			"from": [9, 9, 11],
			"to": [10, 11, 12],
			"rotation": {"angle": 0, "axis": "y", "origin": [0, -1, 0]},
			"faces": {
				"north": {"uv": [9, 4, 10, 6], "texture": "#0"},
				"east": {"uv": [9, 4, 10, 6], "texture": "#0"},
				"south": {"uv": [9, 4, 10, 6], "texture": "#0"},
				"west": {"uv": [9, 4, 10, 6], "texture": "#0"},
				"up": {"uv": [9, 4, 10, 5], "rotation": 180, "texture": "#0"},
				"down": {"uv": [9, 5, 10, 6], "rotation": 180, "texture": "#0"}
			}
		},
		{
			"from": [10, 10, 11],
			"to": [11, 12, 12],
			"rotation": {"angle": 0, "axis": "y", "origin": [0, -1, 0]},
			"faces": {
				"north": {"uv": [10, 3, 11, 5], "texture": "#0"},
				"east": {"uv": [10, 3, 11, 5], "texture": "#0"},
				"south": {"uv": [10, 3, 11, 5], "texture": "#0"},
				"west": {"uv": [10, 3, 11, 5], "texture": "#0"},
				"up": {"uv": [10, 3, 11, 4], "rotation": 180, "texture": "#0"},
				"down": {"uv": [10, 4, 11, 5], "rotation": 180, "texture": "#0"}
			}
		},
		{
			"from": [15, 1, 11],
			"to": [16, 3, 12],
			"rotation": {"angle": 0, "axis": "y", "origin": [0, -1, 0]},
			"faces": {
				"north": {"uv": [15, 12, 16, 14], "texture": "#0"},
				"east": {"uv": [15, 12, 16, 14], "texture": "#0"},
				"south": {"uv": [15, 12, 16, 14], "texture": "#0"},
				"west": {"uv": [15, 12, 16, 14], "texture": "#0"},
				"up": {"uv": [15, 12, 16, 13], "rotation": 180, "texture": "#0"},
				"down": {"uv": [15, 13, 16, 14], "rotation": 180, "texture": "#0"}
			}
		},
		{
			"from": [15, 8, 11],
			"to": [16, 9, 12],
			"rotation": {"angle": 0, "axis": "y", "origin": [0, -1, 0]},
			"faces": {
				"north": {"uv": [15, 6, 16, 7], "texture": "#0"},
				"east": {"uv": [15, 6, 16, 7], "texture": "#0"},
				"south": {"uv": [15, 6, 16, 7], "texture": "#0"},
				"west": {"uv": [15, 6, 16, 7], "texture": "#0"},
				"up": {"uv": [15, 6, 16, 7], "rotation": 180, "texture": "#0"},
				"down": {"uv": [15, 6, 16, 7], "rotation": 180, "texture": "#0"}
			}
		},
		{
			"from": [12, 8, 11],
			"to": [13, 10, 12],
			"rotation": {"angle": 0, "axis": "y", "origin": [0, -1, 0]},
			"faces": {
				"north": {"uv": [12, 5, 13, 7], "texture": "#0"},
				"east": {"uv": [12, 5, 13, 7], "texture": "#0"},
				"south": {"uv": [12, 5, 13, 7], "texture": "#0"},
				"west": {"uv": [12, 5, 13, 7], "texture": "#0"},
				"up": {"uv": [12, 5, 13, 6], "rotation": 180, "texture": "#0"},
				"down": {"uv": [12, 6, 13, 7], "rotation": 180, "texture": "#0"}
			}
		},
		{
			"from": [5, 4, 11],
			"to": [6, 7, 12],
			"rotation": {"angle": 0, "axis": "y", "origin": [0, -1, 0]},
			"faces": {
				"north": {"uv": [5, 8, 6, 11], "texture": "#0"},
				"east": {"uv": [5, 8, 6, 11], "texture": "#0"},
				"south": {"uv": [5, 8, 6, 11], "texture": "#0"},
				"west": {"uv": [5, 8, 6, 11], "texture": "#0"},
				"up": {"uv": [5, 8, 6, 9], "rotation": 180, "texture": "#0"},
				"down": {"uv": [5, 10, 6, 11], "rotation": 180, "texture": "#0"}
			}
		},
		{
			"from": [6, 5, 11],
			"to": [7, 8, 12],
			"rotation": {"angle": 0, "axis": "y", "origin": [0, -1, 0]},
			"faces": {
				"north": {"uv": [6, 7, 7, 10], "texture": "#0"},
				"east": {"uv": [6, 7, 7, 10], "texture": "#0"},
				"south": {"uv": [6, 7, 7, 10], "texture": "#0"},
				"west": {"uv": [6, 7, 7, 10], "texture": "#0"},
				"up": {"uv": [6, 7, 7, 8], "rotation": 180, "texture": "#0"},
				"down": {"uv": [6, 9, 7, 10], "rotation": 180, "texture": "#0"}
			}
		},
		{
			"from": [10, 3, 11],
			"to": [11, 6, 12],
			"rotation": {"angle": 0, "axis": "y", "origin": [0, -1, 0]},
			"faces": {
				"north": {"uv": [10, 9, 11, 12], "texture": "#0"},
				"east": {"uv": [10, 9, 11, 12], "texture": "#0"},
				"south": {"uv": [10, 9, 11, 12], "texture": "#0"},
				"west": {"uv": [10, 9, 11, 12], "texture": "#0"},
				"up": {"uv": [10, 9, 11, 10], "rotation": 180, "texture": "#0"},
				"down": {"uv": [10, 11, 11, 12], "rotation": 180, "texture": "#0"}
			}
		}
	],
	"groups": [
		{
			"name": "group",
			"origin": [0, 0, 0],
			"color": 0,
			"children": [0, 1, 2, 3, 4, 5, 6, 7, 8, 9, 10, 11, 12, 13, 14, 15, 16, 17, 18, 19, 20, 21, 22, 23, 24, 25]
		},
		{
			"name": "group",
			"origin": [0, 0, 0],
			"color": 0,
			"children": [26, 27, 28, 29, 30, 31, 32, 33, 34, 35, 36, 37, 38, 39, 40, 41, 42, 43, 44, 45, 46, 47, 48, 49, 50, 51]
		},
		{
			"name": "group",
			"origin": [0, 0, 0],
			"color": 0,
			"children": [52, 53, 54, 55, 56, 57, 58, 59, 60, 61, 62, 63, 64, 65, 66, 67, 68, 69, 70, 71, 72, 73, 74, 75, 76, 77]
		},
		{
			"name": "group",
			"origin": [0, 0, 0],
			"color": 0,
			"children": [78, 79, 80, 81, 82, 83, 84, 85, 86, 87, 88, 89, 90, 91, 92, 93, 94, 95, 96, 97, 98, 99, 100, 101, 102, 103]
		}
	]
}