{
	"credit": "Made with Blockbench",
	"textures": {
		"1": "block/wheat_stage0",
		"particle": "block/wheat_stage0"
	},
	"elements": [
		{
			"from": [13, -1, 4],
			"to": [14, 0, 5],
			"rotation": {"angle": 0, "axis": "y", "origin": [0, -1, 0]},
			"faces": {
				"north": {"uv": [2, 15, 3, 16], "texture": "#1"},
				"east": {"uv": [2, 15, 3, 16], "texture": "#1"},
				"south": {"uv": [2, 15, 3, 16], "texture": "#1"},
				"west": {"uv": [2, 15, 3, 16], "texture": "#1"},
				"up": {"uv": [2, 15, 3, 16], "texture": "#1"},
				"down": {"uv": [2, 15, 3, 16], "texture": "#1"}
			}
		},
		{
			"from": [7, 0, 4],
			"to": [8, 1, 5],
			"rotation": {"angle": 0, "axis": "y", "origin": [0, -1, 0]},
			"faces": {
				"north": {"uv": [8, 14, 9, 15], "texture": "#1"},
				"east": {"uv": [8, 14, 9, 15], "texture": "#1"},
				"south": {"uv": [8, 14, 9, 15], "texture": "#1"},
				"west": {"uv": [8, 14, 9, 15], "texture": "#1"},
				"up": {"uv": [8, 14, 9, 15], "texture": "#1"},
				"down": {"uv": [8, 14, 9, 15], "texture": "#1"}
			}
		},
		{
			"from": [9, 1, 4],
			"to": [10, 2, 5],
			"rotation": {"angle": 0, "axis": "y", "origin": [0, -1, 0]},
			"faces": {
				"north": {"uv": [7, 13, 6, 14], "texture": "#1"},
				"east": {"uv": [7, 13, 6, 14], "texture": "#1"},
				"south": {"uv": [7, 13, 6, 14], "texture": "#1"},
				"west": {"uv": [7, 13, 6, 14], "texture": "#1"},
				"up": {"uv": [7, 13, 6, 14], "texture": "#1"},
				"down": {"uv": [7, 13, 6, 14], "texture": "#1"}
			}
		},
		{
			"from": [8, -1, 4],
			"to": [9, 1, 5],
			"rotation": {"angle": 0, "axis": "y", "origin": [0, -1, 0]},
			"faces": {
				"north": {"uv": [7, 14, 8, 16], "texture": "#1"},
				"east": {"uv": [7, 14, 8, 16], "texture": "#1"},
				"south": {"uv": [7, 14, 8, 16], "texture": "#1"},
				"west": {"uv": [7, 14, 8, 16], "texture": "#1"},
				"up": {"uv": [7, 14, 8, 15], "texture": "#1"},
				"down": {"uv": [7, 15, 8, 16], "texture": "#1"}
			}
		},
		{
			"from": [4, 0, 8],
			"to": [5, 1, 9],
			"rotation": {"angle": 0, "axis": "y", "origin": [0, -1, 0]},
			"faces": {
				"north": {"uv": [8, 14, 9, 15], "texture": "#1"},
				"east": {"uv": [8, 14, 9, 15], "texture": "#1"},
				"south": {"uv": [8, 14, 9, 15], "texture": "#1"},
				"west": {"uv": [8, 14, 9, 15], "texture": "#1"},
				"up": {"uv": [8, 14, 9, 15], "rotation": 270, "texture": "#1"},
				"down": {"uv": [8, 14, 9, 15], "rotation": 90, "texture": "#1"}
			}
		},
		{
			"from": [4, -1, 7],
			"to": [5, 1, 8],
			"rotation": {"angle": 0, "axis": "y", "origin": [0, -1, 0]},
			"faces": {
				"north": {"uv": [7, 14, 8, 16], "texture": "#1"},
				"east": {"uv": [7, 14, 8, 16], "texture": "#1"},
				"south": {"uv": [7, 14, 8, 16], "texture": "#1"},
				"west": {"uv": [7, 14, 8, 16], "texture": "#1"},
				"up": {"uv": [7, 14, 8, 15], "rotation": 270, "texture": "#1"},
				"down": {"uv": [7, 15, 8, 16], "rotation": 90, "texture": "#1"}
			}
		},
		{
			"from": [4, 1, 6],
			"to": [5, 2, 7],
			"rotation": {"angle": 0, "axis": "y", "origin": [0, -1, 0]},
			"faces": {
				"north": {"uv": [7, 13, 6, 14], "texture": "#1"},
				"east": {"uv": [7, 13, 6, 14], "texture": "#1"},
				"south": {"uv": [7, 13, 6, 14], "texture": "#1"},
				"west": {"uv": [7, 13, 6, 14], "texture": "#1"},
				"up": {"uv": [7, 13, 6, 14], "rotation": 270, "texture": "#1"},
				"down": {"uv": [7, 13, 6, 14], "rotation": 90, "texture": "#1"}
			}
		},
		{
			"from": [8, 0, 11],
			"to": [9, 1, 12],
			"rotation": {"angle": 0, "axis": "y", "origin": [0, -1, 0]},
			"faces": {
				"north": {"uv": [8, 14, 9, 15], "texture": "#1"},
				"east": {"uv": [8, 14, 9, 15], "texture": "#1"},
				"south": {"uv": [8, 14, 9, 15], "texture": "#1"},
				"west": {"uv": [8, 14, 9, 15], "texture": "#1"},
				"up": {"uv": [8, 14, 9, 15], "rotation": 180, "texture": "#1"},
				"down": {"uv": [8, 14, 9, 15], "rotation": 180, "texture": "#1"}
			}
		},
		{
			"from": [7, -1, 11],
			"to": [8, 1, 12],
			"rotation": {"angle": 0, "axis": "y", "origin": [0, -1, 0]},
			"faces": {
				"north": {"uv": [7, 14, 8, 16], "texture": "#1"},
				"east": {"uv": [7, 14, 8, 16], "texture": "#1"},
				"south": {"uv": [7, 14, 8, 16], "texture": "#1"},
				"west": {"uv": [7, 14, 8, 16], "texture": "#1"},
				"up": {"uv": [7, 14, 8, 15], "rotation": 180, "texture": "#1"},
				"down": {"uv": [7, 15, 8, 16], "rotation": 180, "texture": "#1"}
			}
		},
		{
			"from": [6, 1, 11],
			"to": [7, 2, 12],
			"rotation": {"angle": 0, "axis": "y", "origin": [0, -1, 0]},
			"faces": {
				"north": {"uv": [7, 13, 6, 14], "texture": "#1"},
				"east": {"uv": [7, 13, 6, 14], "texture": "#1"},
				"south": {"uv": [7, 13, 6, 14], "texture": "#1"},
				"west": {"uv": [7, 13, 6, 14], "texture": "#1"},
				"up": {"uv": [7, 13, 6, 14], "rotation": 180, "texture": "#1"},
				"down": {"uv": [7, 13, 6, 14], "rotation": 180, "texture": "#1"}
			}
		},
		{
			"from": [11, 0, 7],
			"to": [12, 1, 8],
			"rotation": {"angle": 0, "axis": "y", "origin": [0, -1, 0]},
			"faces": {
				"north": {"uv": [8, 14, 9, 15], "texture": "#1"},
				"east": {"uv": [8, 14, 9, 15], "texture": "#1"},
				"south": {"uv": [8, 14, 9, 15], "texture": "#1"},
				"west": {"uv": [8, 14, 9, 15], "texture": "#1"},
				"up": {"uv": [8, 14, 9, 15], "rotation": 90, "texture": "#1"},
				"down": {"uv": [8, 14, 9, 15], "rotation": 270, "texture": "#1"}
			}
		},
		{
			"from": [11, -1, 8],
			"to": [12, 1, 9],
			"rotation": {"angle": 0, "axis": "y", "origin": [0, -1, 0]},
			"faces": {
				"north": {"uv": [7, 14, 8, 16], "texture": "#1"},
				"east": {"uv": [7, 14, 8, 16], "texture": "#1"},
				"south": {"uv": [7, 14, 8, 16], "texture": "#1"},
				"west": {"uv": [7, 14, 8, 16], "texture": "#1"},
				"up": {"uv": [7, 14, 8, 15], "rotation": 90, "texture": "#1"},
				"down": {"uv": [7, 15, 8, 16], "rotation": 270, "texture": "#1"}
			}
		},
		{
			"from": [11, 1, 9],
			"to": [12, 2, 10],
			"rotation": {"angle": 0, "axis": "y", "origin": [0, -1, 0]},
			"faces": {
				"north": {"uv": [7, 13, 6, 14], "texture": "#1"},
				"east": {"uv": [7, 13, 6, 14], "texture": "#1"},
				"south": {"uv": [7, 13, 6, 14], "texture": "#1"},
				"west": {"uv": [7, 13, 6, 14], "texture": "#1"},
				"up": {"uv": [7, 13, 6, 14], "rotation": 90, "texture": "#1"},
				"down": {"uv": [7, 13, 6, 14], "rotation": 270, "texture": "#1"}
			}
		},
		{
			"from": [4, -1, 4],
			"to": [5, 1, 5],
			"rotation": {"angle": 0, "axis": "y", "origin": [0, -1, 0]},
			"faces": {
				"north": {"uv": [11, 14, 12, 16], "texture": "#1"},
				"east": {"uv": [11, 14, 12, 16], "texture": "#1"},
				"south": {"uv": [11, 14, 12, 16], "texture": "#1"},
				"west": {"uv": [11, 14, 12, 16], "texture": "#1"},
				"up": {"uv": [11, 14, 12, 15], "texture": "#1"},
				"down": {"uv": [11, 15, 12, 16], "texture": "#1"}
			}
		},
		{
			"from": [4, -1, 11],
			"to": [5, 1, 12],
			"rotation": {"angle": 0, "axis": "y", "origin": [0, -1, 0]},
			"faces": {
				"north": {"uv": [11, 14, 12, 16], "texture": "#1"},
				"east": {"uv": [11, 14, 12, 16], "texture": "#1"},
				"south": {"uv": [11, 14, 12, 16], "texture": "#1"},
				"west": {"uv": [11, 14, 12, 16], "texture": "#1"},
				"up": {"uv": [11, 14, 12, 15], "texture": "#1"},
				"down": {"uv": [11, 15, 12, 16], "texture": "#1"}
			}
		},
		{
			"from": [11, -1, 11],
			"to": [12, 1, 12],
			"rotation": {"angle": 0, "axis": "y", "origin": [0, -1, 0]},
			"faces": {
				"north": {"uv": [11, 14, 12, 16], "texture": "#1"},
				"east": {"uv": [11, 14, 12, 16], "texture": "#1"},
				"south": {"uv": [11, 14, 12, 16], "texture": "#1"},
				"west": {"uv": [11, 14, 12, 16], "texture": "#1"},
				"up": {"uv": [11, 14, 12, 15], "texture": "#1"},
				"down": {"uv": [11, 15, 12, 16], "texture": "#1"}
			}
		},
		{
			"from": [11, -1, 4],
			"to": [12, 1, 5],
			"rotation": {"angle": 0, "axis": "y", "origin": [0, -1, 0]},
			"faces": {
				"north": {"uv": [11, 14, 12, 16], "texture": "#1"},
				"east": {"uv": [11, 14, 12, 16], "texture": "#1"},
				"south": {"uv": [11, 14, 12, 16], "texture": "#1"},
				"west": {"uv": [11, 14, 12, 16], "texture": "#1"},
				"up": {"uv": [11, 14, 12, 15], "texture": "#1"},
				"down": {"uv": [11, 15, 12, 16], "texture": "#1"}
			}
		},
		{
			"from": [2, -1, 11],
			"to": [3, 0, 12],
			"rotation": {"angle": 0, "axis": "y", "origin": [0, -1, 0]},
			"faces": {
				"north": {"uv": [2, 15, 3, 16], "texture": "#1"},
				"east": {"uv": [2, 15, 3, 16], "texture": "#1"},
				"south": {"uv": [2, 15, 3, 16], "texture": "#1"},
				"west": {"uv": [2, 15, 3, 16], "texture": "#1"},
				"up": {"uv": [2, 15, 3, 16], "rotation": 90, "texture": "#1"},
				"down": {"uv": [2, 15, 3, 16], "rotation": 270, "texture": "#1"}
			}
		},
		{
			"from": [4, -1, 2],
			"to": [5, 0, 3],
			"rotation": {"angle": 0, "axis": "y", "origin": [0, -1, 0]},
			"faces": {
				"north": {"uv": [2, 15, 3, 16], "texture": "#1"},
				"east": {"uv": [2, 15, 3, 16], "texture": "#1"},
				"south": {"uv": [2, 15, 3, 16], "texture": "#1"},
				"west": {"uv": [2, 15, 3, 16], "texture": "#1"},
				"up": {"uv": [2, 15, 3, 16], "rotation": 90, "texture": "#1"},
				"down": {"uv": [2, 15, 3, 16], "rotation": 270, "texture": "#1"}
			}
		},
		{
			"from": [11, -1, 13],
			"to": [12, 0, 14],
			"rotation": {"angle": 0, "axis": "y", "origin": [0, -1, 0]},
			"faces": {
				"north": {"uv": [2, 15, 3, 16], "texture": "#1"},
				"east": {"uv": [2, 15, 3, 16], "texture": "#1"},
				"south": {"uv": [2, 15, 3, 16], "texture": "#1"},
				"west": {"uv": [2, 15, 3, 16], "texture": "#1"},
				"up": {"uv": [2, 15, 3, 16], "rotation": 90, "texture": "#1"},
				"down": {"uv": [2, 15, 3, 16], "rotation": 270, "texture": "#1"}
			}
		}
	]
}