{
	"textures": {
		"0": "block/wheat_stage5",
		"particle": "block/wheat_stage5"
	},
	"elements": [
		{
			"from": [15, -1, 4],
			"to": [16, 6, 5],
			"rotation": {"angle": 0, "axis": "y", "origin": [0, -1, 0]},
			"faces": {
				"north": {"uv": [0, 9, 1, 16], "texture": "#0"},
				"east": {"uv": [0, 9, 1, 16], "texture": "#0"},
				"south": {"uv": [0, 9, 1, 16], "texture": "#0"},
				"west": {"uv": [0, 9, 1, 16], "texture": "#0"},
				"up": {"uv": [0, 9, 1, 10], "texture": "#0"},
				"down": {"uv": [0, 15, 1, 16], "texture": "#0"}
			}
		},
		{
			"from": [6, -1, 4],
			"to": [7, 6, 5],
			"rotation": {"angle": 0, "axis": "y", "origin": [0, -1, 0]},
			"faces": {
				"north": {"uv": [9, 9, 10, 16], "texture": "#0"},
				"east": {"uv": [9, 9, 10, 16], "texture": "#0"},
				"south": {"uv": [9, 9, 10, 16], "texture": "#0"},
				"west": {"uv": [9, 9, 10, 16], "texture": "#0"},
				"up": {"uv": [9, 9, 10, 10], "texture": "#0"},
				"down": {"uv": [9, 15, 10, 16], "texture": "#0"}
			}
		},
		{
			"from": [4, -1, 4],
			"to": [5, 8, 5],
			"rotation": {"angle": 0, "axis": "y", "origin": [0, -1, 0]},
			"faces": {
				"north": {"uv": [11, 7, 12, 16], "texture": "#0"},
				"east": {"uv": [11, 7, 12, 16], "texture": "#0"},
				"south": {"uv": [11, 7, 12, 16], "texture": "#0"},
				"west": {"uv": [11, 7, 12, 16], "texture": "#0"},
				"up": {"uv": [11, 7, 12, 8], "texture": "#0"},
				"down": {"uv": [11, 15, 12, 16], "texture": "#0"}
			}
		},
		{
			"from": [11, -1, 4],
			"to": [12, 6, 5],
			"rotation": {"angle": 0, "axis": "y", "origin": [0, -1, 0]},
			"faces": {
				"north": {"uv": [4, 9, 5, 16], "texture": "#0"},
				"east": {"uv": [4, 9, 5, 16], "texture": "#0"},
				"south": {"uv": [4, 9, 5, 16], "texture": "#0"},
				"west": {"uv": [4, 9, 5, 16], "texture": "#0"},
				"up": {"uv": [4, 9, 5, 10], "texture": "#0"},
				"down": {"uv": [4, 15, 5, 16], "texture": "#0"}
			}
		},
		{
			"from": [13, -1, 4],
			"to": [14, 11, 5],
			"rotation": {"angle": 0, "axis": "y", "origin": [0, -1, 0]},
			"faces": {
				"north": {"uv": [2, 4, 3, 16], "texture": "#0"},
				"east": {"uv": [2, 4, 3, 16], "texture": "#0"},
				"south": {"uv": [2, 4, 3, 16], "texture": "#0"},
				"west": {"uv": [2, 4, 3, 16], "texture": "#0"},
				"up": {"uv": [2, 4, 3, 5], "texture": "#0"},
				"down": {"uv": [2, 15, 3, 16], "texture": "#0"}
			}
		},
		{
			"from": [8, -1, 4],
			"to": [9, 14, 5],
			"rotation": {"angle": 0, "axis": "y", "origin": [0, -1, 0]},
			"faces": {
				"north": {"uv": [7, 1, 8, 16], "texture": "#0"},
				"east": {"uv": [7, 1, 8, 16], "texture": "#0"},
				"south": {"uv": [7, 1, 8, 16], "texture": "#0"},
				"west": {"uv": [7, 1, 8, 16], "texture": "#0"},
				"up": {"uv": [7, 1, 8, 2], "texture": "#0"},
				"down": {"uv": [7, 15, 8, 16], "texture": "#0"}
			}
		},
		{
			"from": [14, 1, 4],
			"to": [15, 6, 5],
			"rotation": {"angle": 0, "axis": "y", "origin": [0, -1, 0]},
			"faces": {
				"north": {"uv": [1, 9, 2, 14], "texture": "#0"},
				"east": {"uv": [1, 9, 2, 14], "texture": "#0"},
				"south": {"uv": [1, 9, 2, 14], "texture": "#0"},
				"west": {"uv": [1, 9, 2, 14], "texture": "#0"},
				"up": {"uv": [1, 9, 2, 10], "texture": "#0"},
				"down": {"uv": [1, 13, 2, 14], "texture": "#0"}
			}
		},
		{
			"from": [14, 9, 4],
			"to": [15, 10, 5],
			"rotation": {"angle": 0, "axis": "y", "origin": [0, -1, 0]},
			"faces": {
				"north": {"uv": [1, 5, 2, 6], "texture": "#0"},
				"east": {"uv": [1, 5, 2, 6], "texture": "#0"},
				"south": {"uv": [1, 5, 2, 6], "texture": "#0"},
				"west": {"uv": [1, 5, 2, 6], "texture": "#0"},
				"up": {"uv": [1, 5, 2, 6], "texture": "#0"},
				"down": {"uv": [1, 5, 2, 6], "texture": "#0"}
			}
		},
		{
			"from": [11, 8, 4],
			"to": [12, 9, 5],
			"rotation": {"angle": 0, "axis": "y", "origin": [0, -1, 0]},
			"faces": {
				"north": {"uv": [4, 6, 5, 7], "texture": "#0"},
				"east": {"uv": [4, 6, 5, 7], "texture": "#0"},
				"south": {"uv": [4, 6, 5, 7], "texture": "#0"},
				"west": {"uv": [4, 6, 5, 7], "texture": "#0"},
				"up": {"uv": [4, 6, 5, 7], "texture": "#0"},
				"down": {"uv": [4, 6, 5, 7], "texture": "#0"}
			}
		},
		{
			"from": [6, 10, 4],
			"to": [7, 11, 5],
			"rotation": {"angle": 0, "axis": "y", "origin": [0, -1, 0]},
			"faces": {
				"north": {"uv": [9, 4, 10, 5], "texture": "#0"},
				"east": {"uv": [9, 4, 10, 5], "texture": "#0"},
				"south": {"uv": [9, 4, 10, 5], "texture": "#0"},
				"west": {"uv": [9, 4, 10, 5], "texture": "#0"},
				"up": {"uv": [9, 4, 10, 5], "texture": "#0"},
				"down": {"uv": [9, 4, 10, 5], "texture": "#0"}
			}
		},
		{
			"from": [12, 0, 4],
			"to": [13, 1, 5],
			"rotation": {"angle": 0, "axis": "y", "origin": [0, -1, 0]},
			"faces": {
				"north": {"uv": [3, 14, 4, 15], "texture": "#0"},
				"east": {"uv": [3, 14, 4, 15], "texture": "#0"},
				"south": {"uv": [3, 14, 4, 15], "texture": "#0"},
				"west": {"uv": [3, 14, 4, 15], "texture": "#0"},
				"up": {"uv": [3, 14, 4, 15], "texture": "#0"},
				"down": {"uv": [3, 14, 4, 15], "texture": "#0"}
			}
		},
		{
			"from": [12, 7, 4],
			"to": [13, 9, 5],
			"rotation": {"angle": 0, "axis": "y", "origin": [0, -1, 0]},
			"faces": {
				"north": {"uv": [3, 6, 4, 8], "texture": "#0"},
				"east": {"uv": [3, 6, 4, 8], "texture": "#0"},
				"south": {"uv": [3, 6, 4, 8], "texture": "#0"},
				"west": {"uv": [3, 6, 4, 8], "texture": "#0"},
				"up": {"uv": [3, 6, 4, 7], "texture": "#0"},
				"down": {"uv": [3, 7, 4, 8], "texture": "#0"}
			}
		},
		{
			"from": [10, 5, 4],
			"to": [11, 7, 5],
			"rotation": {"angle": 0, "axis": "y", "origin": [0, -1, 0]},
			"faces": {
				"north": {"uv": [5, 8, 6, 10], "texture": "#0"},
				"east": {"uv": [5, 8, 6, 10], "texture": "#0"},
				"south": {"uv": [5, 8, 6, 10], "texture": "#0"},
				"west": {"uv": [5, 8, 6, 10], "texture": "#0"},
				"up": {"uv": [5, 8, 6, 9], "texture": "#0"},
				"down": {"uv": [5, 9, 6, 10], "texture": "#0"}
			}
		},
		{
			"from": [9, 11, 4],
			"to": [10, 13, 5],
			"rotation": {"angle": 0, "axis": "y", "origin": [0, -1, 0]},
			"faces": {
				"north": {"uv": [6, 2, 7, 4], "texture": "#0"},
				"east": {"uv": [6, 2, 7, 4], "texture": "#0"},
				"south": {"uv": [6, 2, 7, 4], "texture": "#0"},
				"west": {"uv": [6, 2, 7, 4], "texture": "#0"},
				"up": {"uv": [6, 2, 7, 3], "texture": "#0"},
				"down": {"uv": [6, 3, 7, 4], "texture": "#0"}
			}
		},
		{
			"from": [7, 9, 4],
			"to": [8, 11, 5],
			"rotation": {"angle": 0, "axis": "y", "origin": [0, -1, 0]},
			"faces": {
				"north": {"uv": [8, 4, 9, 6], "texture": "#0"},
				"east": {"uv": [8, 4, 9, 6], "texture": "#0"},
				"south": {"uv": [8, 4, 9, 6], "texture": "#0"},
				"west": {"uv": [8, 4, 9, 6], "texture": "#0"},
				"up": {"uv": [8, 4, 9, 5], "texture": "#0"},
				"down": {"uv": [8, 5, 9, 6], "texture": "#0"}
			}
		},
		{
			"from": [3, 5, 4],
			"to": [4, 7, 5],
			"rotation": {"angle": 0, "axis": "y", "origin": [0, -1, 0]},
			"faces": {
				"north": {"uv": [12, 8, 13, 10], "texture": "#0"},
				"east": {"uv": [12, 8, 13, 10], "texture": "#0"},
				"south": {"uv": [12, 8, 13, 10], "texture": "#0"},
				"west": {"uv": [12, 8, 13, 10], "texture": "#0"},
				"up": {"uv": [12, 8, 13, 9], "texture": "#0"},
				"down": {"uv": [12, 9, 13, 10], "texture": "#0"}
			}
		},
		{
			"from": [2, 6, 4],
			"to": [3, 7, 5],
			"rotation": {"angle": 0, "axis": "y", "origin": [0, -1, 0]},
			"faces": {
				"north": {"uv": [13, 8, 14, 9], "texture": "#0"},
				"east": {"uv": [13, 8, 14, 9], "texture": "#0"},
				"south": {"uv": [13, 8, 14, 9], "texture": "#0"},
				"west": {"uv": [13, 8, 14, 9], "texture": "#0"},
				"up": {"uv": [13, 8, 14, 9], "texture": "#0"},
				"down": {"uv": [13, 8, 14, 9], "texture": "#0"}
			}
		},
		{
			"from": [0, 4, 4],
			"to": [1, 5, 5],
			"rotation": {"angle": 0, "axis": "y", "origin": [0, -1, 0]},
			"faces": {
				"north": {"uv": [15, 11, 16, 12], "texture": "#0"},
				"east": {"uv": [15, 11, 16, 12], "texture": "#0"},
				"south": {"uv": [15, 11, 16, 12], "texture": "#0"},
				"west": {"uv": [15, 11, 16, 12], "texture": "#0"},
				"up": {"uv": [15, 11, 16, 12], "texture": "#0"},
				"down": {"uv": [15, 11, 16, 12], "texture": "#0"}
			}
		},
		{
			"from": [0, -1, 4],
			"to": [1, 0, 5],
			"rotation": {"angle": 0, "axis": "y", "origin": [0, -1, 0]},
			"faces": {
				"north": {"uv": [15, 15, 16, 16], "texture": "#0"},
				"east": {"uv": [15, 15, 16, 16], "texture": "#0"},
				"south": {"uv": [15, 15, 16, 16], "texture": "#0"},
				"west": {"uv": [15, 15, 16, 16], "texture": "#0"},
				"up": {"uv": [15, 15, 16, 16], "texture": "#0"},
				"down": {"uv": [15, 15, 16, 16], "texture": "#0"}
			}
		},
		{
			"from": [7, 0, 4],
			"to": [8, 2, 5],
			"rotation": {"angle": 0, "axis": "y", "origin": [0, -1, 0]},
			"faces": {
				"north": {"uv": [8, 13, 9, 15], "texture": "#0"},
				"east": {"uv": [8, 13, 9, 15], "texture": "#0"},
				"south": {"uv": [8, 13, 9, 15], "texture": "#0"},
				"west": {"uv": [8, 13, 9, 15], "texture": "#0"},
				"up": {"uv": [8, 13, 9, 14], "texture": "#0"},
				"down": {"uv": [8, 14, 9, 15], "texture": "#0"}
			}
		},
		{
			"from": [9, 4, 4],
			"to": [10, 7, 5],
			"rotation": {"angle": 0, "axis": "y", "origin": [0, -1, 0]},
			"faces": {
				"north": {"uv": [6, 8, 7, 11], "texture": "#0"},
				"east": {"uv": [6, 8, 7, 11], "texture": "#0"},
				"south": {"uv": [6, 8, 7, 11], "texture": "#0"},
				"west": {"uv": [6, 8, 7, 11], "texture": "#0"},
				"up": {"uv": [6, 8, 7, 9], "texture": "#0"},
				"down": {"uv": [6, 10, 7, 11], "texture": "#0"}
			}
		},
		{
			"from": [5, 2, 4],
			"to": [6, 5, 5],
			"rotation": {"angle": 0, "axis": "y", "origin": [0, -1, 0]},
			"faces": {
				"north": {"uv": [10, 10, 11, 13], "texture": "#0"},
				"east": {"uv": [10, 10, 11, 13], "texture": "#0"},
				"south": {"uv": [10, 10, 11, 13], "texture": "#0"},
				"west": {"uv": [10, 10, 11, 13], "texture": "#0"},
				"up": {"uv": [10, 10, 11, 11], "texture": "#0"},
				"down": {"uv": [10, 12, 11, 13], "texture": "#0"}
			}
		},
		{
			"from": [3, -1, 4],
			"to": [4, 2, 5],
			"rotation": {"angle": 0, "axis": "y", "origin": [0, -1, 0]},
			"faces": {
				"north": {"uv": [12, 13, 13, 16], "texture": "#0"},
				"east": {"uv": [12, 13, 13, 16], "texture": "#0"},
				"south": {"uv": [12, 13, 13, 16], "texture": "#0"},
				"west": {"uv": [12, 13, 13, 16], "texture": "#0"},
				"up": {"uv": [12, 13, 13, 14], "texture": "#0"},
				"down": {"uv": [12, 15, 13, 16], "texture": "#0"}
			}
		},
		{
			"from": [1, -1, 4],
			"to": [2, 2, 5],
			"rotation": {"angle": 0, "axis": "y", "origin": [0, -1, 0]},
			"faces": {
				"north": {"uv": [14, 13, 15, 16], "texture": "#0"},
				"east": {"uv": [14, 13, 15, 16], "texture": "#0"},
				"south": {"uv": [14, 13, 15, 16], "texture": "#0"},
				"west": {"uv": [14, 13, 15, 16], "texture": "#0"},
				"up": {"uv": [14, 13, 15, 14], "texture": "#0"},
				"down": {"uv": [14, 15, 15, 16], "texture": "#0"}
			}
		},
		{
			"from": [1, 2, 4],
			"to": [3, 5, 5],
			"rotation": {"angle": 0, "axis": "y", "origin": [0, -1, 0]},
			"faces": {
				"north": {"uv": [13, 10, 15, 13], "texture": "#0"},
				"east": {"uv": [13, 10, 14, 13], "texture": "#0"},
				"south": {"uv": [13, 10, 15, 13], "texture": "#0"},
				"west": {"uv": [13, 10, 14, 13], "texture": "#0"},
				"up": {"uv": [13, 10, 15, 11], "texture": "#0"},
				"down": {"uv": [13, 12, 15, 13], "texture": "#0"}
			}
		},
		{
			"from": [9, -1, 4],
			"to": [10, 2, 5],
			"rotation": {"angle": 0, "axis": "y", "origin": [0, -1, 0]},
			"faces": {
				"north": {"uv": [6, 13, 7, 16], "texture": "#0"},
				"east": {"uv": [6, 13, 7, 16], "texture": "#0"},
				"south": {"uv": [6, 13, 7, 16], "texture": "#0"},
				"west": {"uv": [6, 13, 7, 16], "texture": "#0"},
				"up": {"uv": [6, 13, 7, 14], "texture": "#0"},
				"down": {"uv": [6, 15, 7, 16], "texture": "#0"}
			}
		},
		{
			"from": [10, 2, 4],
			"to": [11, 4, 5],
			"rotation": {"angle": 0, "axis": "y", "origin": [0, -1, 0]},
			"faces": {
				"north": {"uv": [5, 11, 6, 13], "texture": "#0"},
				"east": {"uv": [5, 11, 6, 13], "texture": "#0"},
				"south": {"uv": [5, 11, 6, 13], "texture": "#0"},
				"west": {"uv": [5, 11, 6, 13], "texture": "#0"},
				"up": {"uv": [5, 11, 6, 12], "texture": "#0"},
				"down": {"uv": [5, 12, 6, 13], "texture": "#0"}
			}
		},
		{
			"from": [4, -1, 0],
			"to": [5, 6, 1],
			"rotation": {"angle": 0, "axis": "y", "origin": [0, -1, 0]},
			"faces": {
				"north": {"uv": [0, 9, 1, 16], "texture": "#0"},
				"east": {"uv": [0, 9, 1, 16], "texture": "#0"},
				"south": {"uv": [0, 9, 1, 16], "texture": "#0"},
				"west": {"uv": [0, 9, 1, 16], "texture": "#0"},
				"up": {"uv": [0, 9, 1, 10], "rotation": 270, "texture": "#0"},
				"down": {"uv": [0, 15, 1, 16], "rotation": 90, "texture": "#0"}
			}
		},
		{
			"from": [4, -1, 9],
			"to": [5, 6, 10],
			"rotation": {"angle": 0, "axis": "y", "origin": [0, -1, 0]},
			"faces": {
				"north": {"uv": [9, 9, 10, 16], "texture": "#0"},
				"east": {"uv": [9, 9, 10, 16], "texture": "#0"},
				"south": {"uv": [9, 9, 10, 16], "texture": "#0"},
				"west": {"uv": [9, 9, 10, 16], "texture": "#0"},
				"up": {"uv": [9, 9, 10, 10], "rotation": 270, "texture": "#0"},
				"down": {"uv": [9, 15, 10, 16], "rotation": 90, "texture": "#0"}
			}
		},
		{
			"from": [4, -1, 11],
			"to": [5, 8, 12],
			"rotation": {"angle": 0, "axis": "y", "origin": [0, -1, 0]},
			"faces": {
				"north": {"uv": [11, 7, 12, 16], "texture": "#0"},
				"east": {"uv": [11, 7, 12, 16], "texture": "#0"},
				"south": {"uv": [11, 7, 12, 16], "texture": "#0"},
				"west": {"uv": [11, 7, 12, 16], "texture": "#0"},
				"up": {"uv": [11, 7, 12, 8], "rotation": 270, "texture": "#0"},
				"down": {"uv": [11, 15, 12, 16], "rotation": 90, "texture": "#0"}
			}
		},
		{
			"from": [4, -1, 4],
			"to": [5, 6, 5],
			"rotation": {"angle": 0, "axis": "y", "origin": [0, -1, 0]},
			"faces": {
				"north": {"uv": [4, 9, 5, 16], "texture": "#0"},
				"east": {"uv": [4, 9, 5, 16], "texture": "#0"},
				"south": {"uv": [4, 9, 5, 16], "texture": "#0"},
				"west": {"uv": [4, 9, 5, 16], "texture": "#0"},
				"up": {"uv": [4, 9, 5, 10], "rotation": 270, "texture": "#0"},
				"down": {"uv": [4, 15, 5, 16], "rotation": 90, "texture": "#0"}
			}
		},
		{
			"from": [4, -1, 2],
			"to": [5, 11, 3],
			"rotation": {"angle": 0, "axis": "y", "origin": [0, -1, 0]},
			"faces": {
				"north": {"uv": [2, 4, 3, 16], "texture": "#0"},
				"east": {"uv": [2, 4, 3, 16], "texture": "#0"},
				"south": {"uv": [2, 4, 3, 16], "texture": "#0"},
				"west": {"uv": [2, 4, 3, 16], "texture": "#0"},
				"up": {"uv": [2, 4, 3, 5], "rotation": 270, "texture": "#0"},
				"down": {"uv": [2, 15, 3, 16], "rotation": 90, "texture": "#0"}
			}
		},
		{
			"from": [4, -1, 7],
			"to": [5, 14, 8],
			"rotation": {"angle": 0, "axis": "y", "origin": [0, -1, 0]},
			"faces": {
				"north": {"uv": [7, 1, 8, 16], "texture": "#0"},
				"east": {"uv": [7, 1, 8, 16], "texture": "#0"},
				"south": {"uv": [7, 1, 8, 16], "texture": "#0"},
				"west": {"uv": [7, 1, 8, 16], "texture": "#0"},
				"up": {"uv": [7, 1, 8, 2], "rotation": 270, "texture": "#0"},
				"down": {"uv": [7, 15, 8, 16], "rotation": 90, "texture": "#0"}
			}
		},
		{
			"from": [4, 1, 1],
			"to": [5, 6, 2],
			"rotation": {"angle": 0, "axis": "y", "origin": [0, -1, 0]},
			"faces": {
				"north": {"uv": [1, 9, 2, 14], "texture": "#0"},
				"east": {"uv": [1, 9, 2, 14], "texture": "#0"},
				"south": {"uv": [1, 9, 2, 14], "texture": "#0"},
				"west": {"uv": [1, 9, 2, 14], "texture": "#0"},
				"up": {"uv": [1, 9, 2, 10], "rotation": 270, "texture": "#0"},
				"down": {"uv": [1, 13, 2, 14], "rotation": 90, "texture": "#0"}
			}
		},
		{
			"from": [4, 9, 1],
			"to": [5, 10, 2],
			"rotation": {"angle": 0, "axis": "y", "origin": [0, -1, 0]},
			"faces": {
				"north": {"uv": [1, 5, 2, 6], "texture": "#0"},
				"east": {"uv": [1, 5, 2, 6], "texture": "#0"},
				"south": {"uv": [1, 5, 2, 6], "texture": "#0"},
				"west": {"uv": [1, 5, 2, 6], "texture": "#0"},
				"up": {"uv": [1, 5, 2, 6], "rotation": 270, "texture": "#0"},
				"down": {"uv": [1, 5, 2, 6], "rotation": 90, "texture": "#0"}
			}
		},
		{
			"from": [4, 8, 4],
			"to": [5, 9, 5],
			"rotation": {"angle": 0, "axis": "y", "origin": [0, -1, 0]},
			"faces": {
				"north": {"uv": [4, 6, 5, 7], "texture": "#0"},
				"east": {"uv": [4, 6, 5, 7], "texture": "#0"},
				"south": {"uv": [4, 6, 5, 7], "texture": "#0"},
				"west": {"uv": [4, 6, 5, 7], "texture": "#0"},
				"up": {"uv": [4, 6, 5, 7], "rotation": 270, "texture": "#0"},
				"down": {"uv": [4, 6, 5, 7], "rotation": 90, "texture": "#0"}
			}
		},
		{
			"from": [4, 10, 9],
			"to": [5, 11, 10],
			"rotation": {"angle": 0, "axis": "y", "origin": [0, -1, 0]},
			"faces": {
				"north": {"uv": [9, 4, 10, 5], "texture": "#0"},
				"east": {"uv": [9, 4, 10, 5], "texture": "#0"},
				"south": {"uv": [9, 4, 10, 5], "texture": "#0"},
				"west": {"uv": [9, 4, 10, 5], "texture": "#0"},
				"up": {"uv": [9, 4, 10, 5], "rotation": 270, "texture": "#0"},
				"down": {"uv": [9, 4, 10, 5], "rotation": 90, "texture": "#0"}
			}
		},
		{
			"from": [4, 0, 3],
			"to": [5, 1, 4],
			"rotation": {"angle": 0, "axis": "y", "origin": [0, -1, 0]},
			"faces": {
				"north": {"uv": [3, 14, 4, 15], "texture": "#0"},
				"east": {"uv": [3, 14, 4, 15], "texture": "#0"},
				"south": {"uv": [3, 14, 4, 15], "texture": "#0"},
				"west": {"uv": [3, 14, 4, 15], "texture": "#0"},
				"up": {"uv": [3, 14, 4, 15], "rotation": 270, "texture": "#0"},
				"down": {"uv": [3, 14, 4, 15], "rotation": 90, "texture": "#0"}
			}
		},
		{
			"from": [4, 7, 3],
			"to": [5, 9, 4],
			"rotation": {"angle": 0, "axis": "y", "origin": [0, -1, 0]},
			"faces": {
				"north": {"uv": [3, 6, 4, 8], "texture": "#0"},
				"east": {"uv": [3, 6, 4, 8], "texture": "#0"},
				"south": {"uv": [3, 6, 4, 8], "texture": "#0"},
				"west": {"uv": [3, 6, 4, 8], "texture": "#0"},
				"up": {"uv": [3, 6, 4, 7], "rotation": 270, "texture": "#0"},
				"down": {"uv": [3, 7, 4, 8], "rotation": 90, "texture": "#0"}
			}
		},
		{
			"from": [4, 5, 5],
			"to": [5, 7, 6],
			"rotation": {"angle": 0, "axis": "y", "origin": [0, -1, 0]},
			"faces": {
				"north": {"uv": [5, 8, 6, 10], "texture": "#0"},
				"east": {"uv": [5, 8, 6, 10], "texture": "#0"},
				"south": {"uv": [5, 8, 6, 10], "texture": "#0"},
				"west": {"uv": [5, 8, 6, 10], "texture": "#0"},
				"up": {"uv": [5, 8, 6, 9], "rotation": 270, "texture": "#0"},
				"down": {"uv": [5, 9, 6, 10], "rotation": 90, "texture": "#0"}
			}
		},
		{
			"from": [4, 11, 6],
			"to": [5, 13, 7],
			"rotation": {"angle": 0, "axis": "y", "origin": [0, -1, 0]},
			"faces": {
				"north": {"uv": [6, 2, 7, 4], "texture": "#0"},
				"east": {"uv": [6, 2, 7, 4], "texture": "#0"},
				"south": {"uv": [6, 2, 7, 4], "texture": "#0"},
				"west": {"uv": [6, 2, 7, 4], "texture": "#0"},
				"up": {"uv": [6, 2, 7, 3], "rotation": 270, "texture": "#0"},
				"down": {"uv": [6, 3, 7, 4], "rotation": 90, "texture": "#0"}
			}
		},
		{
			"from": [4, 9, 8],
			"to": [5, 11, 9],
			"rotation": {"angle": 0, "axis": "y", "origin": [0, -1, 0]},
			"faces": {
				"north": {"uv": [8, 4, 9, 6], "texture": "#0"},
				"east": {"uv": [8, 4, 9, 6], "texture": "#0"},
				"south": {"uv": [8, 4, 9, 6], "texture": "#0"},
				"west": {"uv": [8, 4, 9, 6], "texture": "#0"},
				"up": {"uv": [8, 4, 9, 5], "rotation": 270, "texture": "#0"},
				"down": {"uv": [8, 5, 9, 6], "rotation": 90, "texture": "#0"}
			}
		},
		{
			"from": [4, 5, 12],
			"to": [5, 7, 13],
			"rotation": {"angle": 0, "axis": "y", "origin": [0, -1, 0]},
			"faces": {
				"north": {"uv": [12, 8, 13, 10], "texture": "#0"},
				"east": {"uv": [12, 8, 13, 10], "texture": "#0"},
				"south": {"uv": [12, 8, 13, 10], "texture": "#0"},
				"west": {"uv": [12, 8, 13, 10], "texture": "#0"},
				"up": {"uv": [12, 8, 13, 9], "rotation": 270, "texture": "#0"},
				"down": {"uv": [12, 9, 13, 10], "rotation": 90, "texture": "#0"}
			}
		},
		{
			"from": [4, 6, 13],
			"to": [5, 7, 14],
			"rotation": {"angle": 0, "axis": "y", "origin": [0, -1, 0]},
			"faces": {
				"north": {"uv": [13, 8, 14, 9], "texture": "#0"},
				"east": {"uv": [13, 8, 14, 9], "texture": "#0"},
				"south": {"uv": [13, 8, 14, 9], "texture": "#0"},
				"west": {"uv": [13, 8, 14, 9], "texture": "#0"},
				"up": {"uv": [13, 8, 14, 9], "rotation": 270, "texture": "#0"},
				"down": {"uv": [13, 8, 14, 9], "rotation": 90, "texture": "#0"}
			}
		},
		{
			"from": [4, 4, 15],
			"to": [5, 5, 16],
			"rotation": {"angle": 0, "axis": "y", "origin": [0, -1, 0]},
			"faces": {
				"north": {"uv": [15, 11, 16, 12], "texture": "#0"},
				"east": {"uv": [15, 11, 16, 12], "texture": "#0"},
				"south": {"uv": [15, 11, 16, 12], "texture": "#0"},
				"west": {"uv": [15, 11, 16, 12], "texture": "#0"},
				"up": {"uv": [15, 11, 16, 12], "rotation": 270, "texture": "#0"},
				"down": {"uv": [15, 11, 16, 12], "rotation": 90, "texture": "#0"}
			}
		},
		{
			"from": [4, -1, 15],
			"to": [5, 0, 16],
			"rotation": {"angle": 0, "axis": "y", "origin": [0, -1, 0]},
			"faces": {
				"north": {"uv": [15, 15, 16, 16], "texture": "#0"},
				"east": {"uv": [15, 15, 16, 16], "texture": "#0"},
				"south": {"uv": [15, 15, 16, 16], "texture": "#0"},
				"west": {"uv": [15, 15, 16, 16], "texture": "#0"},
				"up": {"uv": [15, 15, 16, 16], "rotation": 270, "texture": "#0"},
				"down": {"uv": [15, 15, 16, 16], "rotation": 90, "texture": "#0"}
			}
		},
		{
			"from": [4, 0, 8],
			"to": [5, 2, 9],
			"rotation": {"angle": 0, "axis": "y", "origin": [0, -1, 0]},
			"faces": {
				"north": {"uv": [8, 13, 9, 15], "texture": "#0"},
				"east": {"uv": [8, 13, 9, 15], "texture": "#0"},
				"south": {"uv": [8, 13, 9, 15], "texture": "#0"},
				"west": {"uv": [8, 13, 9, 15], "texture": "#0"},
				"up": {"uv": [8, 13, 9, 14], "rotation": 270, "texture": "#0"},
				"down": {"uv": [8, 14, 9, 15], "rotation": 90, "texture": "#0"}
			}
		},
		{
			"from": [4, 4, 6],
			"to": [5, 7, 7],
			"rotation": {"angle": 0, "axis": "y", "origin": [0, -1, 0]},
			"faces": {
				"north": {"uv": [6, 8, 7, 11], "texture": "#0"},
				"east": {"uv": [6, 8, 7, 11], "texture": "#0"},
				"south": {"uv": [6, 8, 7, 11], "texture": "#0"},
				"west": {"uv": [6, 8, 7, 11], "texture": "#0"},
				"up": {"uv": [6, 8, 7, 9], "rotation": 270, "texture": "#0"},
				"down": {"uv": [6, 10, 7, 11], "rotation": 90, "texture": "#0"}
			}
		},
		{
			"from": [4, 2, 10],
			"to": [5, 5, 11],
			"rotation": {"angle": 0, "axis": "y", "origin": [0, -1, 0]},
			"faces": {
				"north": {"uv": [10, 10, 11, 13], "texture": "#0"},
				"east": {"uv": [10, 10, 11, 13], "texture": "#0"},
				"south": {"uv": [10, 10, 11, 13], "texture": "#0"},
				"west": {"uv": [10, 10, 11, 13], "texture": "#0"},
				"up": {"uv": [10, 10, 11, 11], "rotation": 270, "texture": "#0"},
				"down": {"uv": [10, 12, 11, 13], "rotation": 90, "texture": "#0"}
			}
		},
		{
			"from": [4, -1, 12],
			"to": [5, 2, 13],
			"rotation": {"angle": 0, "axis": "y", "origin": [0, -1, 0]},
			"faces": {
				"north": {"uv": [12, 13, 13, 16], "texture": "#0"},
				"east": {"uv": [12, 13, 13, 16], "texture": "#0"},
				"south": {"uv": [12, 13, 13, 16], "texture": "#0"},
				"west": {"uv": [12, 13, 13, 16], "texture": "#0"},
				"up": {"uv": [12, 13, 13, 14], "rotation": 270, "texture": "#0"},
				"down": {"uv": [12, 15, 13, 16], "rotation": 90, "texture": "#0"}
			}
		},
		{
			"from": [4, -1, 14],
			"to": [5, 2, 15],
			"rotation": {"angle": 0, "axis": "y", "origin": [0, -1, 0]},
			"faces": {
				"north": {"uv": [14, 13, 15, 16], "texture": "#0"},
				"east": {"uv": [14, 13, 15, 16], "texture": "#0"},
				"south": {"uv": [14, 13, 15, 16], "texture": "#0"},
				"west": {"uv": [14, 13, 15, 16], "texture": "#0"},
				"up": {"uv": [14, 13, 15, 14], "rotation": 270, "texture": "#0"},
				"down": {"uv": [14, 15, 15, 16], "rotation": 90, "texture": "#0"}
			}
		},
		{
			"from": [4, 2, 13],
			"to": [5, 5, 15],
			"rotation": {"angle": 0, "axis": "y", "origin": [0, -1, 0]},
			"faces": {
				"north": {"uv": [13, 10, 14, 13], "texture": "#0"},
				"east": {"uv": [13, 10, 15, 13], "texture": "#0"},
				"south": {"uv": [13, 10, 14, 13], "texture": "#0"},
				"west": {"uv": [13, 10, 15, 13], "texture": "#0"},
				"up": {"uv": [13, 10, 15, 11], "rotation": 270, "texture": "#0"},
				"down": {"uv": [13, 12, 15, 13], "rotation": 90, "texture": "#0"}
			}
		},
		{
			"from": [4, -1, 6],
			"to": [5, 2, 7],
			"rotation": {"angle": 0, "axis": "y", "origin": [0, -1, 0]},
			"faces": {
				"north": {"uv": [6, 13, 7, 16], "texture": "#0"},
				"east": {"uv": [6, 13, 7, 16], "texture": "#0"},
				"south": {"uv": [6, 13, 7, 16], "texture": "#0"},
				"west": {"uv": [6, 13, 7, 16], "texture": "#0"},
				"up": {"uv": [6, 13, 7, 14], "rotation": 270, "texture": "#0"},
				"down": {"uv": [6, 15, 7, 16], "rotation": 90, "texture": "#0"}
			}
		},
		{
			"from": [4, 2, 5],
			"to": [5, 4, 6],
			"rotation": {"angle": 0, "axis": "y", "origin": [0, -1, 0]},
			"faces": {
				"north": {"uv": [5, 11, 6, 13], "texture": "#0"},
				"east": {"uv": [5, 11, 6, 13], "texture": "#0"},
				"south": {"uv": [5, 11, 6, 13], "texture": "#0"},
				"west": {"uv": [5, 11, 6, 13], "texture": "#0"},
				"up": {"uv": [5, 11, 6, 12], "rotation": 270, "texture": "#0"},
				"down": {"uv": [5, 12, 6, 13], "rotation": 90, "texture": "#0"}
			}
		},
		{
			"from": [0, -1, 11],
			"to": [1, 6, 12],
			"rotation": {"angle": 0, "axis": "y", "origin": [0, -1, 0]},
			"faces": {
				"north": {"uv": [0, 9, 1, 16], "texture": "#0"},
				"east": {"uv": [0, 9, 1, 16], "texture": "#0"},
				"south": {"uv": [0, 9, 1, 16], "texture": "#0"},
				"west": {"uv": [0, 9, 1, 16], "texture": "#0"},
				"up": {"uv": [0, 9, 1, 10], "rotation": 180, "texture": "#0"},
				"down": {"uv": [0, 15, 1, 16], "rotation": 180, "texture": "#0"}
			}
		},
		{
			"from": [9, -1, 11],
			"to": [10, 6, 12],
			"rotation": {"angle": 0, "axis": "y", "origin": [0, -1, 0]},
			"faces": {
				"north": {"uv": [9, 9, 10, 16], "texture": "#0"},
				"east": {"uv": [9, 9, 10, 16], "texture": "#0"},
				"south": {"uv": [9, 9, 10, 16], "texture": "#0"},
				"west": {"uv": [9, 9, 10, 16], "texture": "#0"},
				"up": {"uv": [9, 9, 10, 10], "rotation": 180, "texture": "#0"},
				"down": {"uv": [9, 15, 10, 16], "rotation": 180, "texture": "#0"}
			}
		},
		{
			"from": [11, -1, 11],
			"to": [12, 8, 12],
			"rotation": {"angle": 0, "axis": "y", "origin": [0, -1, 0]},
			"faces": {
				"north": {"uv": [11, 7, 12, 16], "texture": "#0"},
				"east": {"uv": [11, 7, 12, 16], "texture": "#0"},
				"south": {"uv": [11, 7, 12, 16], "texture": "#0"},
				"west": {"uv": [11, 7, 12, 16], "texture": "#0"},
				"up": {"uv": [11, 7, 12, 8], "rotation": 180, "texture": "#0"},
				"down": {"uv": [11, 15, 12, 16], "rotation": 180, "texture": "#0"}
			}
		},
		{
			"from": [4, -1, 11],
			"to": [5, 6, 12],
			"rotation": {"angle": 0, "axis": "y", "origin": [0, -1, 0]},
			"faces": {
				"north": {"uv": [4, 9, 5, 16], "texture": "#0"},
				"east": {"uv": [4, 9, 5, 16], "texture": "#0"},
				"south": {"uv": [4, 9, 5, 16], "texture": "#0"},
				"west": {"uv": [4, 9, 5, 16], "texture": "#0"},
				"up": {"uv": [4, 9, 5, 10], "rotation": 180, "texture": "#0"},
				"down": {"uv": [4, 15, 5, 16], "rotation": 180, "texture": "#0"}
			}
		},
		{
			"from": [2, -1, 11],
			"to": [3, 11, 12],
			"rotation": {"angle": 0, "axis": "y", "origin": [0, -1, 0]},
			"faces": {
				"north": {"uv": [2, 4, 3, 16], "texture": "#0"},
				"east": {"uv": [2, 4, 3, 16], "texture": "#0"},
				"south": {"uv": [2, 4, 3, 16], "texture": "#0"},
				"west": {"uv": [2, 4, 3, 16], "texture": "#0"},
				"up": {"uv": [2, 4, 3, 5], "rotation": 180, "texture": "#0"},
				"down": {"uv": [2, 15, 3, 16], "rotation": 180, "texture": "#0"}
			}
		},
		{
			"from": [7, -1, 11],
			"to": [8, 14, 12],
			"rotation": {"angle": 0, "axis": "y", "origin": [0, -1, 0]},
			"faces": {
				"north": {"uv": [7, 1, 8, 16], "texture": "#0"},
				"east": {"uv": [7, 1, 8, 16], "texture": "#0"},
				"south": {"uv": [7, 1, 8, 16], "texture": "#0"},
				"west": {"uv": [7, 1, 8, 16], "texture": "#0"},
				"up": {"uv": [7, 1, 8, 2], "rotation": 180, "texture": "#0"},
				"down": {"uv": [7, 15, 8, 16], "rotation": 180, "texture": "#0"}
			}
		},
		{
			"from": [1, 1, 11],
			"to": [2, 6, 12],
			"rotation": {"angle": 0, "axis": "y", "origin": [0, -1, 0]},
			"faces": {
				"north": {"uv": [1, 9, 2, 14], "texture": "#0"},
				"east": {"uv": [1, 9, 2, 14], "texture": "#0"},
				"south": {"uv": [1, 9, 2, 14], "texture": "#0"},
				"west": {"uv": [1, 9, 2, 14], "texture": "#0"},
				"up": {"uv": [1, 9, 2, 10], "rotation": 180, "texture": "#0"},
				"down": {"uv": [1, 13, 2, 14], "rotation": 180, "texture": "#0"}
			}
		},
		{
			"from": [1, 9, 11],
			"to": [2, 10, 12],
			"rotation": {"angle": 0, "axis": "y", "origin": [0, -1, 0]},
			"faces": {
				"north": {"uv": [1, 5, 2, 6], "texture": "#0"},
				"east": {"uv": [1, 5, 2, 6], "texture": "#0"},
				"south": {"uv": [1, 5, 2, 6], "texture": "#0"},
				"west": {"uv": [1, 5, 2, 6], "texture": "#0"},
				"up": {"uv": [1, 5, 2, 6], "rotation": 180, "texture": "#0"},
				"down": {"uv": [1, 5, 2, 6], "rotation": 180, "texture": "#0"}
			}
		},
		{
			"from": [4, 8, 11],
			"to": [5, 9, 12],
			"rotation": {"angle": 0, "axis": "y", "origin": [0, -1, 0]},
			"faces": {
				"north": {"uv": [4, 6, 5, 7], "texture": "#0"},
				"east": {"uv": [4, 6, 5, 7], "texture": "#0"},
				"south": {"uv": [4, 6, 5, 7], "texture": "#0"},
				"west": {"uv": [4, 6, 5, 7], "texture": "#0"},
				"up": {"uv": [4, 6, 5, 7], "rotation": 180, "texture": "#0"},
				"down": {"uv": [4, 6, 5, 7], "rotation": 180, "texture": "#0"}
			}
		},
		{
			"from": [9, 10, 11],
			"to": [10, 11, 12],
			"rotation": {"angle": 0, "axis": "y", "origin": [0, -1, 0]},
			"faces": {
				"north": {"uv": [9, 4, 10, 5], "texture": "#0"},
				"east": {"uv": [9, 4, 10, 5], "texture": "#0"},
				"south": {"uv": [9, 4, 10, 5], "texture": "#0"},
				"west": {"uv": [9, 4, 10, 5], "texture": "#0"},
				"up": {"uv": [9, 4, 10, 5], "rotation": 180, "texture": "#0"},
				"down": {"uv": [9, 4, 10, 5], "rotation": 180, "texture": "#0"}
			}
		},
		{
			"from": [3, 0, 11],
			"to": [4, 1, 12],
			"rotation": {"angle": 0, "axis": "y", "origin": [0, -1, 0]},
			"faces": {
				"north": {"uv": [3, 14, 4, 15], "texture": "#0"},
				"east": {"uv": [3, 14, 4, 15], "texture": "#0"},
				"south": {"uv": [3, 14, 4, 15], "texture": "#0"},
				"west": {"uv": [3, 14, 4, 15], "texture": "#0"},
				"up": {"uv": [3, 14, 4, 15], "rotation": 180, "texture": "#0"},
				"down": {"uv": [3, 14, 4, 15], "rotation": 180, "texture": "#0"}
			}
		},
		{
			"from": [3, 7, 11],
			"to": [4, 9, 12],
			"rotation": {"angle": 0, "axis": "y", "origin": [0, -1, 0]},
			"faces": {
				"north": {"uv": [3, 6, 4, 8], "texture": "#0"},
				"east": {"uv": [3, 6, 4, 8], "texture": "#0"},
				"south": {"uv": [3, 6, 4, 8], "texture": "#0"},
				"west": {"uv": [3, 6, 4, 8], "texture": "#0"},
				"up": {"uv": [3, 6, 4, 7], "rotation": 180, "texture": "#0"},
				"down": {"uv": [3, 7, 4, 8], "rotation": 180, "texture": "#0"}
			}
		},
		{
			"from": [5, 5, 11],
			"to": [6, 7, 12],
			"rotation": {"angle": 0, "axis": "y", "origin": [0, -1, 0]},
			"faces": {
				"north": {"uv": [5, 8, 6, 10], "texture": "#0"},
				"east": {"uv": [5, 8, 6, 10], "texture": "#0"},
				"south": {"uv": [5, 8, 6, 10], "texture": "#0"},
				"west": {"uv": [5, 8, 6, 10], "texture": "#0"},
				"up": {"uv": [5, 8, 6, 9], "rotation": 180, "texture": "#0"},
				"down": {"uv": [5, 9, 6, 10], "rotation": 180, "texture": "#0"}
			}
		},
		{
			"from": [6, 11, 11],
			"to": [7, 13, 12],
			"rotation": {"angle": 0, "axis": "y", "origin": [0, -1, 0]},
			"faces": {
				"north": {"uv": [6, 2, 7, 4], "texture": "#0"},
				"east": {"uv": [6, 2, 7, 4], "texture": "#0"},
				"south": {"uv": [6, 2, 7, 4], "texture": "#0"},
				"west": {"uv": [6, 2, 7, 4], "texture": "#0"},
				"up": {"uv": [6, 2, 7, 3], "rotation": 180, "texture": "#0"},
				"down": {"uv": [6, 3, 7, 4], "rotation": 180, "texture": "#0"}
			}
		},
		{
			"from": [8, 9, 11],
			"to": [9, 11, 12],
			"rotation": {"angle": 0, "axis": "y", "origin": [0, -1, 0]},
			"faces": {
				"north": {"uv": [8, 4, 9, 6], "texture": "#0"},
				"east": {"uv": [8, 4, 9, 6], "texture": "#0"},
				"south": {"uv": [8, 4, 9, 6], "texture": "#0"},
				"west": {"uv": [8, 4, 9, 6], "texture": "#0"},
				"up": {"uv": [8, 4, 9, 5], "rotation": 180, "texture": "#0"},
				"down": {"uv": [8, 5, 9, 6], "rotation": 180, "texture": "#0"}
			}
		},
		{
			"from": [12, 5, 11],
			"to": [13, 7, 12],
			"rotation": {"angle": 0, "axis": "y", "origin": [0, -1, 0]},
			"faces": {
				"north": {"uv": [12, 8, 13, 10], "texture": "#0"},
				"east": {"uv": [12, 8, 13, 10], "texture": "#0"},
				"south": {"uv": [12, 8, 13, 10], "texture": "#0"},
				"west": {"uv": [12, 8, 13, 10], "texture": "#0"},
				"up": {"uv": [12, 8, 13, 9], "rotation": 180, "texture": "#0"},
				"down": {"uv": [12, 9, 13, 10], "rotation": 180, "texture": "#0"}
			}
		},
		{
			"from": [13, 6, 11],
			"to": [14, 7, 12],
			"rotation": {"angle": 0, "axis": "y", "origin": [0, -1, 0]},
			"faces": {
				"north": {"uv": [13, 8, 14, 9], "texture": "#0"},
				"east": {"uv": [13, 8, 14, 9], "texture": "#0"},
				"south": {"uv": [13, 8, 14, 9], "texture": "#0"},
				"west": {"uv": [13, 8, 14, 9], "texture": "#0"},
				"up": {"uv": [13, 8, 14, 9], "rotation": 180, "texture": "#0"},
				"down": {"uv": [13, 8, 14, 9], "rotation": 180, "texture": "#0"}
			}
		},
		{
			"from": [15, 4, 11],
			"to": [16, 5, 12],
			"rotation": {"angle": 0, "axis": "y", "origin": [0, -1, 0]},
			"faces": {
				"north": {"uv": [15, 11, 16, 12], "texture": "#0"},
				"east": {"uv": [15, 11, 16, 12], "texture": "#0"},
				"south": {"uv": [15, 11, 16, 12], "texture": "#0"},
				"west": {"uv": [15, 11, 16, 12], "texture": "#0"},
				"up": {"uv": [15, 11, 16, 12], "rotation": 180, "texture": "#0"},
				"down": {"uv": [15, 11, 16, 12], "rotation": 180, "texture": "#0"}
			}
		},
		{
			"from": [15, -1, 11],
			"to": [16, 0, 12],
			"rotation": {"angle": 0, "axis": "y", "origin": [0, -1, 0]},
			"faces": {
				"north": {"uv": [15, 15, 16, 16], "texture": "#0"},
				"east": {"uv": [15, 15, 16, 16], "texture": "#0"},
				"south": {"uv": [15, 15, 16, 16], "texture": "#0"},
				"west": {"uv": [15, 15, 16, 16], "texture": "#0"},
				"up": {"uv": [15, 15, 16, 16], "rotation": 180, "texture": "#0"},
				"down": {"uv": [15, 15, 16, 16], "rotation": 180, "texture": "#0"}
			}
		},
		{
			"from": [8, 0, 11],
			"to": [9, 2, 12],
			"rotation": {"angle": 0, "axis": "y", "origin": [0, -1, 0]},
			"faces": {
				"north": {"uv": [8, 13, 9, 15], "texture": "#0"},
				"east": {"uv": [8, 13, 9, 15], "texture": "#0"},
				"south": {"uv": [8, 13, 9, 15], "texture": "#0"},
				"west": {"uv": [8, 13, 9, 15], "texture": "#0"},
				"up": {"uv": [8, 13, 9, 14], "rotation": 180, "texture": "#0"},
				"down": {"uv": [8, 14, 9, 15], "rotation": 180, "texture": "#0"}
			}
		},
		{
			"from": [6, 4, 11],
			"to": [7, 7, 12],
			"rotation": {"angle": 0, "axis": "y", "origin": [0, -1, 0]},
			"faces": {
				"north": {"uv": [6, 8, 7, 11], "texture": "#0"},
				"east": {"uv": [6, 8, 7, 11], "texture": "#0"},
				"south": {"uv": [6, 8, 7, 11], "texture": "#0"},
				"west": {"uv": [6, 8, 7, 11], "texture": "#0"},
				"up": {"uv": [6, 8, 7, 9], "rotation": 180, "texture": "#0"},
				"down": {"uv": [6, 10, 7, 11], "rotation": 180, "texture": "#0"}
			}
		},
		{
			"from": [10, 2, 11],
			"to": [11, 5, 12],
			"rotation": {"angle": 0, "axis": "y", "origin": [0, -1, 0]},
			"faces": {
				"north": {"uv": [10, 10, 11, 13], "texture": "#0"},
				"east": {"uv": [10, 10, 11, 13], "texture": "#0"},
				"south": {"uv": [10, 10, 11, 13], "texture": "#0"},
				"west": {"uv": [10, 10, 11, 13], "texture": "#0"},
				"up": {"uv": [10, 10, 11, 11], "rotation": 180, "texture": "#0"},
				"down": {"uv": [10, 12, 11, 13], "rotation": 180, "texture": "#0"}
			}
		},
		{
			"from": [12, -1, 11],
			"to": [13, 2, 12],
			"rotation": {"angle": 0, "axis": "y", "origin": [0, -1, 0]},
			"faces": {
				"north": {"uv": [12, 13, 13, 16], "texture": "#0"},
				"east": {"uv": [12, 13, 13, 16], "texture": "#0"},
				"south": {"uv": [12, 13, 13, 16], "texture": "#0"},
				"west": {"uv": [12, 13, 13, 16], "texture": "#0"},
				"up": {"uv": [12, 13, 13, 14], "rotation": 180, "texture": "#0"},
				"down": {"uv": [12, 15, 13, 16], "rotation": 180, "texture": "#0"}
			}
		},
		{
			"from": [14, -1, 11],
			"to": [15, 2, 12],
			"rotation": {"angle": 0, "axis": "y", "origin": [0, -1, 0]},
			"faces": {
				"north": {"uv": [14, 13, 15, 16], "texture": "#0"},
				"east": {"uv": [14, 13, 15, 16], "texture": "#0"},
				"south": {"uv": [14, 13, 15, 16], "texture": "#0"},
				"west": {"uv": [14, 13, 15, 16], "texture": "#0"},
				"up": {"uv": [14, 13, 15, 14], "rotation": 180, "texture": "#0"},
				"down": {"uv": [14, 15, 15, 16], "rotation": 180, "texture": "#0"}
			}
		},
		{
			"from": [13, 2, 11],
			"to": [15, 5, 12],
			"rotation": {"angle": 0, "axis": "y", "origin": [0, -1, 0]},
			"faces": {
				"north": {"uv": [13, 10, 15, 13], "texture": "#0"},
				"east": {"uv": [13, 10, 14, 13], "texture": "#0"},
				"south": {"uv": [13, 10, 15, 13], "texture": "#0"},
				"west": {"uv": [13, 10, 14, 13], "texture": "#0"},
				"up": {"uv": [13, 10, 15, 11], "rotation": 180, "texture": "#0"},
				"down": {"uv": [13, 12, 15, 13], "rotation": 180, "texture": "#0"}
			}
		},
		{
			"from": [6, -1, 11],
			"to": [7, 2, 12],
			"rotation": {"angle": 0, "axis": "y", "origin": [0, -1, 0]},
			"faces": {
				"north": {"uv": [6, 13, 7, 16], "texture": "#0"},
				"east": {"uv": [6, 13, 7, 16], "texture": "#0"},
				"south": {"uv": [6, 13, 7, 16], "texture": "#0"},
				"west": {"uv": [6, 13, 7, 16], "texture": "#0"},
				"up": {"uv": [6, 13, 7, 14], "rotation": 180, "texture": "#0"},
				"down": {"uv": [6, 15, 7, 16], "rotation": 180, "texture": "#0"}
			}
		},
		{
			"from": [5, 2, 11],
			"to": [6, 4, 12],
			"rotation": {"angle": 0, "axis": "y", "origin": [0, -1, 0]},
			"faces": {
				"north": {"uv": [5, 11, 6, 13], "texture": "#0"},
				"east": {"uv": [5, 11, 6, 13], "texture": "#0"},
				"south": {"uv": [5, 11, 6, 13], "texture": "#0"},
				"west": {"uv": [5, 11, 6, 13], "texture": "#0"},
				"up": {"uv": [5, 11, 6, 12], "rotation": 180, "texture": "#0"},
				"down": {"uv": [5, 12, 6, 13], "rotation": 180, "texture": "#0"}
			}
		},
		{
			"from": [11, -1, 15],
			"to": [12, 6, 16],
			"rotation": {"angle": 0, "axis": "y", "origin": [0, -1, 0]},
			"faces": {
				"north": {"uv": [0, 9, 1, 16], "texture": "#0"},
				"east": {"uv": [0, 9, 1, 16], "texture": "#0"},
				"south": {"uv": [0, 9, 1, 16], "texture": "#0"},
				"west": {"uv": [0, 9, 1, 16], "texture": "#0"},
				"up": {"uv": [0, 9, 1, 10], "rotation": 90, "texture": "#0"},
				"down": {"uv": [0, 15, 1, 16], "rotation": 270, "texture": "#0"}
			}
		},
		{
			"from": [11, -1, 6],
			"to": [12, 6, 7],
			"rotation": {"angle": 0, "axis": "y", "origin": [0, -1, 0]},
			"faces": {
				"north": {"uv": [9, 9, 10, 16], "texture": "#0"},
				"east": {"uv": [9, 9, 10, 16], "texture": "#0"},
				"south": {"uv": [9, 9, 10, 16], "texture": "#0"},
				"west": {"uv": [9, 9, 10, 16], "texture": "#0"},
				"up": {"uv": [9, 9, 10, 10], "rotation": 90, "texture": "#0"},
				"down": {"uv": [9, 15, 10, 16], "rotation": 270, "texture": "#0"}
			}
		},
		{
			"from": [11, -1, 4],
			"to": [12, 8, 5],
			"rotation": {"angle": 0, "axis": "y", "origin": [0, -1, 0]},
			"faces": {
				"north": {"uv": [11, 7, 12, 16], "texture": "#0"},
				"east": {"uv": [11, 7, 12, 16], "texture": "#0"},
				"south": {"uv": [11, 7, 12, 16], "texture": "#0"},
				"west": {"uv": [11, 7, 12, 16], "texture": "#0"},
				"up": {"uv": [11, 7, 12, 8], "rotation": 90, "texture": "#0"},
				"down": {"uv": [11, 15, 12, 16], "rotation": 270, "texture": "#0"}
			}
		},
		{
			"from": [11, -1, 11],
			"to": [12, 6, 12],
			"rotation": {"angle": 0, "axis": "y", "origin": [0, -1, 0]},
			"faces": {
				"north": {"uv": [4, 9, 5, 16], "texture": "#0"},
				"east": {"uv": [4, 9, 5, 16], "texture": "#0"},
				"south": {"uv": [4, 9, 5, 16], "texture": "#0"},
				"west": {"uv": [4, 9, 5, 16], "texture": "#0"},
				"up": {"uv": [4, 9, 5, 10], "rotation": 90, "texture": "#0"},
				"down": {"uv": [4, 15, 5, 16], "rotation": 270, "texture": "#0"}
			}
		},
		{
			"from": [11, -1, 13],
			"to": [12, 11, 14],
			"rotation": {"angle": 0, "axis": "y", "origin": [0, -1, 0]},
			"faces": {
				"north": {"uv": [2, 4, 3, 16], "texture": "#0"},
				"east": {"uv": [2, 4, 3, 16], "texture": "#0"},
				"south": {"uv": [2, 4, 3, 16], "texture": "#0"},
				"west": {"uv": [2, 4, 3, 16], "texture": "#0"},
				"up": {"uv": [2, 4, 3, 5], "rotation": 90, "texture": "#0"},
				"down": {"uv": [2, 15, 3, 16], "rotation": 270, "texture": "#0"}
			}
		},
		{
			"from": [11, -1, 8],
			"to": [12, 14, 9],
			"rotation": {"angle": 0, "axis": "y", "origin": [0, -1, 0]},
			"faces": {
				"north": {"uv": [7, 1, 8, 16], "texture": "#0"},
				"east": {"uv": [7, 1, 8, 16], "texture": "#0"},
				"south": {"uv": [7, 1, 8, 16], "texture": "#0"},
				"west": {"uv": [7, 1, 8, 16], "texture": "#0"},
				"up": {"uv": [7, 1, 8, 2], "rotation": 90, "texture": "#0"},
				"down": {"uv": [7, 15, 8, 16], "rotation": 270, "texture": "#0"}
			}
		},
		{
			"from": [11, 1, 14],
			"to": [12, 6, 15],
			"rotation": {"angle": 0, "axis": "y", "origin": [0, -1, 0]},
			"faces": {
				"north": {"uv": [1, 9, 2, 14], "texture": "#0"},
				"east": {"uv": [1, 9, 2, 14], "texture": "#0"},
				"south": {"uv": [1, 9, 2, 14], "texture": "#0"},
				"west": {"uv": [1, 9, 2, 14], "texture": "#0"},
				"up": {"uv": [1, 9, 2, 10], "rotation": 90, "texture": "#0"},
				"down": {"uv": [1, 13, 2, 14], "rotation": 270, "texture": "#0"}
			}
		},
		{
			"from": [11, 9, 14],
			"to": [12, 10, 15],
			"rotation": {"angle": 0, "axis": "y", "origin": [0, -1, 0]},
			"faces": {
				"north": {"uv": [1, 5, 2, 6], "texture": "#0"},
				"east": {"uv": [1, 5, 2, 6], "texture": "#0"},
				"south": {"uv": [1, 5, 2, 6], "texture": "#0"},
				"west": {"uv": [1, 5, 2, 6], "texture": "#0"},
				"up": {"uv": [1, 5, 2, 6], "rotation": 90, "texture": "#0"},
				"down": {"uv": [1, 5, 2, 6], "rotation": 270, "texture": "#0"}
			}
		},
		{
			"from": [11, 8, 11],
			"to": [12, 9, 12],
			"rotation": {"angle": 0, "axis": "y", "origin": [0, -1, 0]},
			"faces": {
				"north": {"uv": [4, 6, 5, 7], "texture": "#0"},
				"east": {"uv": [4, 6, 5, 7], "texture": "#0"},
				"south": {"uv": [4, 6, 5, 7], "texture": "#0"},
				"west": {"uv": [4, 6, 5, 7], "texture": "#0"},
				"up": {"uv": [4, 6, 5, 7], "rotation": 90, "texture": "#0"},
				"down": {"uv": [4, 6, 5, 7], "rotation": 270, "texture": "#0"}
			}
		},
		{
			"from": [11, 10, 6],
			"to": [12, 11, 7],
			"rotation": {"angle": 0, "axis": "y", "origin": [0, -1, 0]},
			"faces": {
				"north": {"uv": [9, 4, 10, 5], "texture": "#0"},
				"east": {"uv": [9, 4, 10, 5], "texture": "#0"},
				"south": {"uv": [9, 4, 10, 5], "texture": "#0"},
				"west": {"uv": [9, 4, 10, 5], "texture": "#0"},
				"up": {"uv": [9, 4, 10, 5], "rotation": 90, "texture": "#0"},
				"down": {"uv": [9, 4, 10, 5], "rotation": 270, "texture": "#0"}
			}
		},
		{
			"from": [11, 0, 12],
			"to": [12, 1, 13],
			"rotation": {"angle": 0, "axis": "y", "origin": [0, -1, 0]},
			"faces": {
				"north": {"uv": [3, 14, 4, 15], "texture": "#0"},
				"east": {"uv": [3, 14, 4, 15], "texture": "#0"},
				"south": {"uv": [3, 14, 4, 15], "texture": "#0"},
				"west": {"uv": [3, 14, 4, 15], "texture": "#0"},
				"up": {"uv": [3, 14, 4, 15], "rotation": 90, "texture": "#0"},
				"down": {"uv": [3, 14, 4, 15], "rotation": 270, "texture": "#0"}
			}
		},
		{
			"from": [11, 7, 12],
			"to": [12, 9, 13],
			"rotation": {"angle": 0, "axis": "y", "origin": [0, -1, 0]},
			"faces": {
				"north": {"uv": [3, 6, 4, 8], "texture": "#0"},
				"east": {"uv": [3, 6, 4, 8], "texture": "#0"},
				"south": {"uv": [3, 6, 4, 8], "texture": "#0"},
				"west": {"uv": [3, 6, 4, 8], "texture": "#0"},
				"up": {"uv": [3, 6, 4, 7], "rotation": 90, "texture": "#0"},
				"down": {"uv": [3, 7, 4, 8], "rotation": 270, "texture": "#0"}
			}
		},
		{
			"from": [11, 5, 10],
			"to": [12, 7, 11],
			"rotation": {"angle": 0, "axis": "y", "origin": [0, -1, 0]},
			"faces": {
				"north": {"uv": [5, 8, 6, 10], "texture": "#0"},
				"east": {"uv": [5, 8, 6, 10], "texture": "#0"},
				"south": {"uv": [5, 8, 6, 10], "texture": "#0"},
				"west": {"uv": [5, 8, 6, 10], "texture": "#0"},
				"up": {"uv": [5, 8, 6, 9], "rotation": 90, "texture": "#0"},
				"down": {"uv": [5, 9, 6, 10], "rotation": 270, "texture": "#0"}
			}
		},
		{
			"from": [11, 11, 9],
			"to": [12, 13, 10],
			"rotation": {"angle": 0, "axis": "y", "origin": [0, -1, 0]},
			"faces": {
				"north": {"uv": [6, 2, 7, 4], "texture": "#0"},
				"east": {"uv": [6, 2, 7, 4], "texture": "#0"},
				"south": {"uv": [6, 2, 7, 4], "texture": "#0"},
				"west": {"uv": [6, 2, 7, 4], "texture": "#0"},
				"up": {"uv": [6, 2, 7, 3], "rotation": 90, "texture": "#0"},
				"down": {"uv": [6, 3, 7, 4], "rotation": 270, "texture": "#0"}
			}
		},
		{
			"from": [11, 9, 7],
			"to": [12, 11, 8],
			"rotation": {"angle": 0, "axis": "y", "origin": [0, -1, 0]},
			"faces": {
				"north": {"uv": [8, 4, 9, 6], "texture": "#0"},
				"east": {"uv": [8, 4, 9, 6], "texture": "#0"},
				"south": {"uv": [8, 4, 9, 6], "texture": "#0"},
				"west": {"uv": [8, 4, 9, 6], "texture": "#0"},
				"up": {"uv": [8, 4, 9, 5], "rotation": 90, "texture": "#0"},
				"down": {"uv": [8, 5, 9, 6], "rotation": 270, "texture": "#0"}
			}
		},
		{
			"from": [11, 5, 3],
			"to": [12, 7, 4],
			"rotation": {"angle": 0, "axis": "y", "origin": [0, -1, 0]},
			"faces": {
				"north": {"uv": [12, 8, 13, 10], "texture": "#0"},
				"east": {"uv": [12, 8, 13, 10], "texture": "#0"},
				"south": {"uv": [12, 8, 13, 10], "texture": "#0"},
				"west": {"uv": [12, 8, 13, 10], "texture": "#0"},
				"up": {"uv": [12, 8, 13, 9], "rotation": 90, "texture": "#0"},
				"down": {"uv": [12, 9, 13, 10], "rotation": 270, "texture": "#0"}
			}
		},
		{
			"from": [11, 6, 2],
			"to": [12, 7, 3],
			"rotation": {"angle": 0, "axis": "y", "origin": [0, -1, 0]},
			"faces": {
				"north": {"uv": [13, 8, 14, 9], "texture": "#0"},
				"east": {"uv": [13, 8, 14, 9], "texture": "#0"},
				"south": {"uv": [13, 8, 14, 9], "texture": "#0"},
				"west": {"uv": [13, 8, 14, 9], "texture": "#0"},
				"up": {"uv": [13, 8, 14, 9], "rotation": 90, "texture": "#0"},
				"down": {"uv": [13, 8, 14, 9], "rotation": 270, "texture": "#0"}
			}
		},
		{
			"from": [11, 4, 0],
			"to": [12, 5, 1],
			"rotation": {"angle": 0, "axis": "y", "origin": [0, -1, 0]},
			"faces": {
				"north": {"uv": [15, 11, 16, 12], "texture": "#0"},
				"east": {"uv": [15, 11, 16, 12], "texture": "#0"},
				"south": {"uv": [15, 11, 16, 12], "texture": "#0"},
				"west": {"uv": [15, 11, 16, 12], "texture": "#0"},
				"up": {"uv": [15, 11, 16, 12], "rotation": 90, "texture": "#0"},
				"down": {"uv": [15, 11, 16, 12], "rotation": 270, "texture": "#0"}
			}
		},
		{
			"from": [11, -1, 0],
			"to": [12, 0, 1],
			"rotation": {"angle": 0, "axis": "y", "origin": [0, -1, 0]},
			"faces": {
				"north": {"uv": [15, 15, 16, 16], "texture": "#0"},
				"east": {"uv": [15, 15, 16, 16], "texture": "#0"},
				"south": {"uv": [15, 15, 16, 16], "texture": "#0"},
				"west": {"uv": [15, 15, 16, 16], "texture": "#0"},
				"up": {"uv": [15, 15, 16, 16], "rotation": 90, "texture": "#0"},
				"down": {"uv": [15, 15, 16, 16], "rotation": 270, "texture": "#0"}
			}
		},
		{
			"from": [11, 0, 7],
			"to": [12, 2, 8],
			"rotation": {"angle": 0, "axis": "y", "origin": [0, -1, 0]},
			"faces": {
				"north": {"uv": [8, 13, 9, 15], "texture": "#0"},
				"east": {"uv": [8, 13, 9, 15], "texture": "#0"},
				"south": {"uv": [8, 13, 9, 15], "texture": "#0"},
				"west": {"uv": [8, 13, 9, 15], "texture": "#0"},
				"up": {"uv": [8, 13, 9, 14], "rotation": 90, "texture": "#0"},
				"down": {"uv": [8, 14, 9, 15], "rotation": 270, "texture": "#0"}
			}
		},
		{
			"from": [11, 4, 9],
			"to": [12, 7, 10],
			"rotation": {"angle": 0, "axis": "y", "origin": [0, -1, 0]},
			"faces": {
				"north": {"uv": [6, 8, 7, 11], "texture": "#0"},
				"east": {"uv": [6, 8, 7, 11], "texture": "#0"},
				"south": {"uv": [6, 8, 7, 11], "texture": "#0"},
				"west": {"uv": [6, 8, 7, 11], "texture": "#0"},
				"up": {"uv": [6, 8, 7, 9], "rotation": 90, "texture": "#0"},
				"down": {"uv": [6, 10, 7, 11], "rotation": 270, "texture": "#0"}
			}
		},
		{
			"from": [11, 2, 5],
			"to": [12, 5, 6],
			"rotation": {"angle": 0, "axis": "y", "origin": [0, -1, 0]},
			"faces": {
				"north": {"uv": [10, 10, 11, 13], "texture": "#0"},
				"east": {"uv": [10, 10, 11, 13], "texture": "#0"},
				"south": {"uv": [10, 10, 11, 13], "texture": "#0"},
				"west": {"uv": [10, 10, 11, 13], "texture": "#0"},
				"up": {"uv": [10, 10, 11, 11], "rotation": 90, "texture": "#0"},
				"down": {"uv": [10, 12, 11, 13], "rotation": 270, "texture": "#0"}
			}
		},
		{
			"from": [11, -1, 3],
			"to": [12, 2, 4],
			"rotation": {"angle": 0, "axis": "y", "origin": [0, -1, 0]},
			"faces": {
				"north": {"uv": [12, 13, 13, 16], "texture": "#0"},
				"east": {"uv": [12, 13, 13, 16], "texture": "#0"},
				"south": {"uv": [12, 13, 13, 16], "texture": "#0"},
				"west": {"uv": [12, 13, 13, 16], "texture": "#0"},
				"up": {"uv": [12, 13, 13, 14], "rotation": 90, "texture": "#0"},
				"down": {"uv": [12, 15, 13, 16], "rotation": 270, "texture": "#0"}
			}
		},
		{
			"from": [11, -1, 1],
			"to": [12, 2, 2],
			"rotation": {"angle": 0, "axis": "y", "origin": [0, -1, 0]},
			"faces": {
				"north": {"uv": [14, 13, 15, 16], "texture": "#0"},
				"east": {"uv": [14, 13, 15, 16], "texture": "#0"},
				"south": {"uv": [14, 13, 15, 16], "texture": "#0"},
				"west": {"uv": [14, 13, 15, 16], "texture": "#0"},
				"up": {"uv": [14, 13, 15, 14], "rotation": 90, "texture": "#0"},
				"down": {"uv": [14, 15, 15, 16], "rotation": 270, "texture": "#0"}
			}
		},
		{
			"from": [11, 2, 1],
			"to": [12, 5, 3],
			"rotation": {"angle": 0, "axis": "y", "origin": [0, -1, 0]},
			"faces": {
				"north": {"uv": [13, 10, 14, 13], "texture": "#0"},
				"east": {"uv": [13, 10, 15, 13], "texture": "#0"},
				"south": {"uv": [13, 10, 14, 13], "texture": "#0"},
				"west": {"uv": [13, 10, 15, 13], "texture": "#0"},
				"up": {"uv": [13, 10, 15, 11], "rotation": 90, "texture": "#0"},
				"down": {"uv": [13, 12, 15, 13], "rotation": 270, "texture": "#0"}
			}
		},
		{
			"from": [11, -1, 9],
			"to": [12, 2, 10],
			"rotation": {"angle": 0, "axis": "y", "origin": [0, -1, 0]},
			"faces": {
				"north": {"uv": [6, 13, 7, 16], "texture": "#0"},
				"east": {"uv": [6, 13, 7, 16], "texture": "#0"},
				"south": {"uv": [6, 13, 7, 16], "texture": "#0"},
				"west": {"uv": [6, 13, 7, 16], "texture": "#0"},
				"up": {"uv": [6, 13, 7, 14], "rotation": 90, "texture": "#0"},
				"down": {"uv": [6, 15, 7, 16], "rotation": 270, "texture": "#0"}
			}
		},
		{
			"from": [11, 2, 10],
			"to": [12, 4, 11],
			"rotation": {"angle": 0, "axis": "y", "origin": [0, -1, 0]},
			"faces": {
				"north": {"uv": [5, 11, 6, 13], "texture": "#0"},
				"east": {"uv": [5, 11, 6, 13], "texture": "#0"},
				"south": {"uv": [5, 11, 6, 13], "texture": "#0"},
				"west": {"uv": [5, 11, 6, 13], "texture": "#0"},
				"up": {"uv": [5, 11, 6, 12], "rotation": 90, "texture": "#0"},
				"down": {"uv": [5, 12, 6, 13], "rotation": 270, "texture": "#0"}
			}
		}
	]
}