{
	"textures": {
		"0": "block/wheat_stage3",
		"particle": "block/wheat_stage3"
	},
	"elements": [
		{
			"from": [15, -1, 4],
			"to": [16, 1, 5],
			"rotation": {"angle": 0, "axis": "y", "origin": [0, -1, 0]},
			"faces": {
				"north": {"uv": [0, 14, 1, 16], "texture": "#0"},
				"east": {"uv": [0, 14, 1, 16], "texture": "#0"},
				"south": {"uv": [0, 14, 1, 16], "texture": "#0"},
				"west": {"uv": [0, 14, 1, 16], "texture": "#0"},
				"up": {"uv": [0, 14, 1, 15], "texture": "#0"},
				"down": {"uv": [0, 15, 1, 16], "texture": "#0"}
			}
		},
		{
			"from": [2, -1, 4],
			"to": [3, 1, 5],
			"rotation": {"angle": 0, "axis": "y", "origin": [0, -1, 0]},
			"faces": {
				"north": {"uv": [13, 14, 14, 16], "texture": "#0"},
				"east": {"uv": [13, 14, 14, 16], "texture": "#0"},
				"south": {"uv": [13, 14, 14, 16], "texture": "#0"},
				"west": {"uv": [13, 14, 14, 16], "texture": "#0"},
				"up": {"uv": [13, 14, 14, 15], "texture": "#0"},
				"down": {"uv": [13, 15, 14, 16], "texture": "#0"}
			}
		},
		{
			"from": [10, -1, 4],
			"to": [11, 1, 5],
			"rotation": {"angle": 0, "axis": "y", "origin": [0, -1, 0]},
			"faces": {
				"north": {"uv": [5, 14, 6, 16], "texture": "#0"},
				"east": {"uv": [5, 14, 6, 16], "texture": "#0"},
				"south": {"uv": [5, 14, 6, 16], "texture": "#0"},
				"west": {"uv": [5, 14, 6, 16], "texture": "#0"},
				"up": {"uv": [5, 14, 6, 15], "texture": "#0"},
				"down": {"uv": [5, 15, 6, 16], "texture": "#0"}
			}
		},
		{
			"from": [5, 0, 4],
			"to": [6, 2, 5],
			"rotation": {"angle": 0, "axis": "y", "origin": [0, -1, 0]},
			"faces": {
				"north": {"uv": [10, 13, 11, 15], "texture": "#0"},
				"east": {"uv": [10, 13, 11, 15], "texture": "#0"},
				"south": {"uv": [10, 13, 11, 15], "texture": "#0"},
				"west": {"uv": [10, 13, 11, 15], "texture": "#0"},
				"up": {"uv": [10, 13, 11, 14], "texture": "#0"},
				"down": {"uv": [10, 14, 11, 15], "texture": "#0"}
			}
		},
		{
			"from": [7, 5, 4],
			"to": [8, 7, 5],
			"rotation": {"angle": 0, "axis": "y", "origin": [0, -1, 0]},
			"faces": {
				"north": {"uv": [8, 8, 9, 10], "texture": "#0"},
				"east": {"uv": [8, 8, 9, 10], "texture": "#0"},
				"south": {"uv": [8, 8, 9, 10], "texture": "#0"},
				"west": {"uv": [8, 8, 9, 10], "texture": "#0"},
				"up": {"uv": [8, 8, 9, 9], "texture": "#0"},
				"down": {"uv": [8, 9, 9, 10], "texture": "#0"}
			}
		},
		{
			"from": [14, 1, 4],
			"to": [15, 4, 5],
			"rotation": {"angle": 0, "axis": "y", "origin": [0, -1, 0]},
			"faces": {
				"north": {"uv": [1, 11, 2, 14], "texture": "#0"},
				"east": {"uv": [1, 11, 2, 14], "texture": "#0"},
				"south": {"uv": [1, 11, 2, 14], "texture": "#0"},
				"west": {"uv": [1, 11, 2, 14], "texture": "#0"},
				"up": {"uv": [1, 11, 2, 12], "texture": "#0"},
				"down": {"uv": [1, 13, 2, 14], "texture": "#0"}
			}
		},
		{
			"from": [12, 3, 4],
			"to": [13, 6, 5],
			"rotation": {"angle": 0, "axis": "y", "origin": [0, -1, 0]},
			"faces": {
				"north": {"uv": [3, 9, 4, 12], "texture": "#0"},
				"east": {"uv": [3, 9, 4, 12], "texture": "#0"},
				"south": {"uv": [3, 9, 4, 12], "texture": "#0"},
				"west": {"uv": [3, 9, 4, 12], "texture": "#0"},
				"up": {"uv": [3, 9, 4, 10], "texture": "#0"},
				"down": {"uv": [3, 11, 4, 12], "texture": "#0"}
			}
		},
		{
			"from": [9, 2, 4],
			"to": [10, 5, 5],
			"rotation": {"angle": 0, "axis": "y", "origin": [0, -1, 0]},
			"faces": {
				"north": {"uv": [6, 10, 7, 13], "texture": "#0"},
				"east": {"uv": [6, 10, 7, 13], "texture": "#0"},
				"south": {"uv": [6, 10, 7, 13], "texture": "#0"},
				"west": {"uv": [6, 10, 7, 13], "texture": "#0"},
				"up": {"uv": [6, 10, 7, 11], "texture": "#0"},
				"down": {"uv": [6, 12, 7, 13], "texture": "#0"}
			}
		},
		{
			"from": [6, -1, 4],
			"to": [7, 2, 5],
			"rotation": {"angle": 0, "axis": "y", "origin": [0, -1, 0]},
			"faces": {
				"north": {"uv": [9, 13, 10, 16], "texture": "#0"},
				"east": {"uv": [9, 13, 10, 16], "texture": "#0"},
				"south": {"uv": [9, 13, 10, 16], "texture": "#0"},
				"west": {"uv": [9, 13, 10, 16], "texture": "#0"},
				"up": {"uv": [9, 13, 10, 14], "texture": "#0"},
				"down": {"uv": [9, 15, 10, 16], "texture": "#0"}
			}
		},
		{
			"from": [13, -1, 4],
			"to": [14, 5, 5],
			"rotation": {"angle": 0, "axis": "y", "origin": [0, -1, 0]},
			"faces": {
				"north": {"uv": [2, 10, 3, 16], "texture": "#0"},
				"east": {"uv": [2, 10, 3, 16], "texture": "#0"},
				"south": {"uv": [2, 10, 3, 16], "texture": "#0"},
				"west": {"uv": [2, 10, 3, 16], "texture": "#0"},
				"up": {"uv": [2, 10, 3, 11], "texture": "#0"},
				"down": {"uv": [2, 15, 3, 16], "texture": "#0"}
			}
		},
		{
			"from": [8, -1, 4],
			"to": [9, 8, 5],
			"rotation": {"angle": 0, "axis": "y", "origin": [0, -1, 0]},
			"faces": {
				"north": {"uv": [7, 7, 8, 16], "texture": "#0"},
				"east": {"uv": [7, 7, 8, 16], "texture": "#0"},
				"south": {"uv": [7, 7, 8, 16], "texture": "#0"},
				"west": {"uv": [7, 7, 8, 16], "texture": "#0"},
				"up": {"uv": [7, 7, 8, 8], "texture": "#0"},
				"down": {"uv": [7, 15, 8, 16], "texture": "#0"}
			}
		},
		{
			"from": [11, -1, 4],
			"to": [12, 4, 5],
			"rotation": {"angle": 0, "axis": "y", "origin": [0, -1, 0]},
			"faces": {
				"north": {"uv": [4, 11, 5, 16], "texture": "#0"},
				"east": {"uv": [4, 11, 5, 16], "texture": "#0"},
				"south": {"uv": [4, 11, 5, 16], "texture": "#0"},
				"west": {"uv": [4, 11, 5, 16], "texture": "#0"},
				"up": {"uv": [4, 11, 5, 12], "texture": "#0"},
				"down": {"uv": [4, 15, 5, 16], "texture": "#0"}
			}
		},
		{
			"from": [4, -1, 4],
			"to": [5, 4, 5],
			"rotation": {"angle": 0, "axis": "y", "origin": [0, -1, 0]},
			"faces": {
				"north": {"uv": [11, 11, 12, 16], "texture": "#0"},
				"east": {"uv": [11, 11, 12, 16], "texture": "#0"},
				"south": {"uv": [11, 11, 12, 16], "texture": "#0"},
				"west": {"uv": [11, 11, 12, 16], "texture": "#0"},
				"up": {"uv": [11, 11, 12, 12], "texture": "#0"},
				"down": {"uv": [11, 15, 12, 16], "texture": "#0"}
			}
		},
		{
			"from": [1, -1, 4],
			"to": [2, 4, 5],
			"rotation": {"angle": 0, "axis": "y", "origin": [0, -1, 0]},
			"faces": {
				"north": {"uv": [14, 12, 15, 16], "texture": "#0"},
				"east": {"uv": [14, 12, 15, 16], "texture": "#0"},
				"south": {"uv": [14, 12, 15, 16], "texture": "#0"},
				"west": {"uv": [14, 12, 15, 16], "texture": "#0"},
				"up": {"uv": [14, 12, 15, 13], "texture": "#0"},
				"down": {"uv": [14, 15, 15, 16], "texture": "#0"}
			}
		},
		{
			"from": [15, 3, 4],
			"to": [16, 4, 5],
			"rotation": {"angle": 0, "axis": "y", "origin": [0, -1, 0]},
			"faces": {
				"north": {"uv": [0, 11, 1, 12], "texture": "#0"},
				"east": {"uv": [0, 11, 1, 12], "texture": "#0"},
				"south": {"uv": [0, 11, 1, 12], "texture": "#0"},
				"west": {"uv": [0, 11, 1, 12], "texture": "#0"},
				"up": {"uv": [0, 11, 1, 12], "texture": "#0"},
				"down": {"uv": [0, 11, 1, 12], "texture": "#0"}
			}
		},
		{
			"from": [14, -1, 4],
			"to": [15, 0, 5],
			"rotation": {"angle": 0, "axis": "y", "origin": [0, -1, 0]},
			"faces": {
				"north": {"uv": [1, 15, 2, 16], "texture": "#0"},
				"east": {"uv": [1, 15, 2, 16], "texture": "#0"},
				"south": {"uv": [1, 15, 2, 16], "texture": "#0"},
				"west": {"uv": [1, 15, 2, 16], "texture": "#0"},
				"up": {"uv": [1, 15, 2, 16], "texture": "#0"},
				"down": {"uv": [1, 15, 2, 16], "texture": "#0"}
			}
		},
		{
			"from": [9, -1, 4],
			"to": [10, 0, 5],
			"rotation": {"angle": 0, "axis": "y", "origin": [0, -1, 0]},
			"faces": {
				"north": {"uv": [6, 15, 7, 16], "texture": "#0"},
				"east": {"uv": [6, 15, 7, 16], "texture": "#0"},
				"south": {"uv": [6, 15, 7, 16], "texture": "#0"},
				"west": {"uv": [6, 15, 7, 16], "texture": "#0"},
				"up": {"uv": [6, 15, 7, 16], "texture": "#0"},
				"down": {"uv": [6, 15, 7, 16], "texture": "#0"}
			}
		},
		{
			"from": [3, 2, 4],
			"to": [4, 3, 5],
			"rotation": {"angle": 0, "axis": "y", "origin": [0, -1, 0]},
			"faces": {
				"north": {"uv": [12, 12, 13, 13], "texture": "#0"},
				"east": {"uv": [12, 12, 13, 13], "texture": "#0"},
				"south": {"uv": [12, 12, 13, 13], "texture": "#0"},
				"west": {"uv": [12, 12, 13, 13], "texture": "#0"},
				"up": {"uv": [12, 12, 13, 13], "texture": "#0"},
				"down": {"uv": [12, 12, 13, 13], "texture": "#0"}
			}
		},
		{
			"from": [3, -1, 4],
			"to": [4, 0, 5],
			"rotation": {"angle": 0, "axis": "y", "origin": [0, -1, 0]},
			"faces": {
				"north": {"uv": [12, 15, 13, 16], "texture": "#0"},
				"east": {"uv": [12, 15, 13, 16], "texture": "#0"},
				"south": {"uv": [12, 15, 13, 16], "texture": "#0"},
				"west": {"uv": [12, 15, 13, 16], "texture": "#0"},
				"up": {"uv": [12, 15, 13, 16], "texture": "#0"},
				"down": {"uv": [12, 15, 13, 16], "texture": "#0"}
			}
		},
		{
			"from": [6, 6, 4],
			"to": [7, 7, 5],
			"rotation": {"angle": 0, "axis": "y", "origin": [0, -1, 0]},
			"faces": {
				"north": {"uv": [9, 8, 10, 9], "texture": "#0"},
				"east": {"uv": [9, 8, 10, 9], "texture": "#0"},
				"south": {"uv": [9, 8, 10, 9], "texture": "#0"},
				"west": {"uv": [9, 8, 10, 9], "texture": "#0"},
				"up": {"uv": [9, 8, 10, 9], "texture": "#0"},
				"down": {"uv": [9, 8, 10, 9], "texture": "#0"}
			}
		},
		{
			"from": [10, 4, 4],
			"to": [11, 5, 5],
			"rotation": {"angle": 0, "axis": "y", "origin": [0, -1, 0]},
			"faces": {
				"north": {"uv": [5, 10, 6, 11], "texture": "#0"},
				"east": {"uv": [5, 10, 6, 11], "texture": "#0"},
				"south": {"uv": [5, 10, 6, 11], "texture": "#0"},
				"west": {"uv": [5, 10, 6, 11], "texture": "#0"},
				"up": {"uv": [5, 10, 6, 11], "texture": "#0"},
				"down": {"uv": [5, 10, 6, 11], "texture": "#0"}
			}
		},
		{
			"from": [4, -1, 0],
			"to": [5, 1, 1],
			"rotation": {"angle": 0, "axis": "y", "origin": [0, -1, 0]},
			"faces": {
				"north": {"uv": [0, 14, 1, 16], "texture": "#0"},
				"east": {"uv": [0, 14, 1, 16], "texture": "#0"},
				"south": {"uv": [0, 14, 1, 16], "texture": "#0"},
				"west": {"uv": [0, 14, 1, 16], "texture": "#0"},
				"up": {"uv": [0, 14, 1, 15], "rotation": 270, "texture": "#0"},
				"down": {"uv": [0, 15, 1, 16], "rotation": 90, "texture": "#0"}
			}
		},
		{
			"from": [4, -1, 13],
			"to": [5, 1, 14],
			"rotation": {"angle": 0, "axis": "y", "origin": [0, -1, 0]},
			"faces": {
				"north": {"uv": [13, 14, 14, 16], "texture": "#0"},
				"east": {"uv": [13, 14, 14, 16], "texture": "#0"},
				"south": {"uv": [13, 14, 14, 16], "texture": "#0"},
				"west": {"uv": [13, 14, 14, 16], "texture": "#0"},
				"up": {"uv": [13, 14, 14, 15], "rotation": 270, "texture": "#0"},
				"down": {"uv": [13, 15, 14, 16], "rotation": 90, "texture": "#0"}
			}
		},
		{
			"from": [4, -1, 5],
			"to": [5, 1, 6],
			"rotation": {"angle": 0, "axis": "y", "origin": [0, -1, 0]},
			"faces": {
				"north": {"uv": [5, 14, 6, 16], "texture": "#0"},
				"east": {"uv": [5, 14, 6, 16], "texture": "#0"},
				"south": {"uv": [5, 14, 6, 16], "texture": "#0"},
				"west": {"uv": [5, 14, 6, 16], "texture": "#0"},
				"up": {"uv": [5, 14, 6, 15], "rotation": 270, "texture": "#0"},
				"down": {"uv": [5, 15, 6, 16], "rotation": 90, "texture": "#0"}
			}
		},
		{
			"from": [4, 0, 10],
			"to": [5, 2, 11],
			"rotation": {"angle": 0, "axis": "y", "origin": [0, -1, 0]},
			"faces": {
				"north": {"uv": [10, 13, 11, 15], "texture": "#0"},
				"east": {"uv": [10, 13, 11, 15], "texture": "#0"},
				"south": {"uv": [10, 13, 11, 15], "texture": "#0"},
				"west": {"uv": [10, 13, 11, 15], "texture": "#0"},
				"up": {"uv": [10, 13, 11, 14], "rotation": 270, "texture": "#0"},
				"down": {"uv": [10, 14, 11, 15], "rotation": 90, "texture": "#0"}
			}
		},
		{
			"from": [4, 5, 8],
			"to": [5, 7, 9],
			"rotation": {"angle": 0, "axis": "y", "origin": [0, -1, 0]},
			"faces": {
				"north": {"uv": [8, 8, 9, 10], "texture": "#0"},
				"east": {"uv": [8, 8, 9, 10], "texture": "#0"},
				"south": {"uv": [8, 8, 9, 10], "texture": "#0"},
				"west": {"uv": [8, 8, 9, 10], "texture": "#0"},
				"up": {"uv": [8, 8, 9, 9], "rotation": 270, "texture": "#0"},
				"down": {"uv": [8, 9, 9, 10], "rotation": 90, "texture": "#0"}
			}
		},
		{
			"from": [4, 1, 1],
			"to": [5, 4, 2],
			"rotation": {"angle": 0, "axis": "y", "origin": [0, -1, 0]},
			"faces": {
				"north": {"uv": [1, 11, 2, 14], "texture": "#0"},
				"east": {"uv": [1, 11, 2, 14], "texture": "#0"},
				"south": {"uv": [1, 11, 2, 14], "texture": "#0"},
				"west": {"uv": [1, 11, 2, 14], "texture": "#0"},
				"up": {"uv": [1, 11, 2, 12], "rotation": 270, "texture": "#0"},
				"down": {"uv": [1, 13, 2, 14], "rotation": 90, "texture": "#0"}
			}
		},
		{
			"from": [4, 3, 3],
			"to": [5, 6, 4],
			"rotation": {"angle": 0, "axis": "y", "origin": [0, -1, 0]},
			"faces": {
				"north": {"uv": [3, 9, 4, 12], "texture": "#0"},
				"east": {"uv": [3, 9, 4, 12], "texture": "#0"},
				"south": {"uv": [3, 9, 4, 12], "texture": "#0"},
				"west": {"uv": [3, 9, 4, 12], "texture": "#0"},
				"up": {"uv": [3, 9, 4, 10], "rotation": 270, "texture": "#0"},
				"down": {"uv": [3, 11, 4, 12], "rotation": 90, "texture": "#0"}
			}
		},
		{
			"from": [4, 2, 6],
			"to": [5, 5, 7],
			"rotation": {"angle": 0, "axis": "y", "origin": [0, -1, 0]},
			"faces": {
				"north": {"uv": [6, 10, 7, 13], "texture": "#0"},
				"east": {"uv": [6, 10, 7, 13], "texture": "#0"},
				"south": {"uv": [6, 10, 7, 13], "texture": "#0"},
				"west": {"uv": [6, 10, 7, 13], "texture": "#0"},
				"up": {"uv": [6, 10, 7, 11], "rotation": 270, "texture": "#0"},
				"down": {"uv": [6, 12, 7, 13], "rotation": 90, "texture": "#0"}
			}
		},
		{
			"from": [4, -1, 9],
			"to": [5, 2, 10],
			"rotation": {"angle": 0, "axis": "y", "origin": [0, -1, 0]},
			"faces": {
				"north": {"uv": [9, 13, 10, 16], "texture": "#0"},
				"east": {"uv": [9, 13, 10, 16], "texture": "#0"},
				"south": {"uv": [9, 13, 10, 16], "texture": "#0"},
				"west": {"uv": [9, 13, 10, 16], "texture": "#0"},
				"up": {"uv": [9, 13, 10, 14], "rotation": 270, "texture": "#0"},
				"down": {"uv": [9, 15, 10, 16], "rotation": 90, "texture": "#0"}
			}
		},
		{
			"from": [4, -1, 2],
			"to": [5, 5, 3],
			"rotation": {"angle": 0, "axis": "y", "origin": [0, -1, 0]},
			"faces": {
				"north": {"uv": [2, 10, 3, 16], "texture": "#0"},
				"east": {"uv": [2, 10, 3, 16], "texture": "#0"},
				"south": {"uv": [2, 10, 3, 16], "texture": "#0"},
				"west": {"uv": [2, 10, 3, 16], "texture": "#0"},
				"up": {"uv": [2, 10, 3, 11], "rotation": 270, "texture": "#0"},
				"down": {"uv": [2, 15, 3, 16], "rotation": 90, "texture": "#0"}
			}
		},
		{
			"from": [4, -1, 7],
			"to": [5, 8, 8],
			"rotation": {"angle": 0, "axis": "y", "origin": [0, -1, 0]},
			"faces": {
				"north": {"uv": [7, 7, 8, 16], "texture": "#0"},
				"east": {"uv": [7, 7, 8, 16], "texture": "#0"},
				"south": {"uv": [7, 7, 8, 16], "texture": "#0"},
				"west": {"uv": [7, 7, 8, 16], "texture": "#0"},
				"up": {"uv": [7, 7, 8, 8], "rotation": 270, "texture": "#0"},
				"down": {"uv": [7, 15, 8, 16], "rotation": 90, "texture": "#0"}
			}
		},
		{
			"from": [4, -1, 4],
			"to": [5, 4, 5],
			"rotation": {"angle": 0, "axis": "y", "origin": [0, -1, 0]},
			"faces": {
				"north": {"uv": [4, 11, 5, 16], "texture": "#0"},
				"east": {"uv": [4, 11, 5, 16], "texture": "#0"},
				"south": {"uv": [4, 11, 5, 16], "texture": "#0"},
				"west": {"uv": [4, 11, 5, 16], "texture": "#0"},
				"up": {"uv": [4, 11, 5, 12], "rotation": 270, "texture": "#0"},
				"down": {"uv": [4, 15, 5, 16], "rotation": 90, "texture": "#0"}
			}
		},
		{
			"from": [4, -1, 11],
			"to": [5, 4, 12],
			"rotation": {"angle": 0, "axis": "y", "origin": [0, -1, 0]},
			"faces": {
				"north": {"uv": [11, 11, 12, 16], "texture": "#0"},
				"east": {"uv": [11, 11, 12, 16], "texture": "#0"},
				"south": {"uv": [11, 11, 12, 16], "texture": "#0"},
				"west": {"uv": [11, 11, 12, 16], "texture": "#0"},
				"up": {"uv": [11, 11, 12, 12], "rotation": 270, "texture": "#0"},
				"down": {"uv": [11, 15, 12, 16], "rotation": 90, "texture": "#0"}
			}
		},
		{
			"from": [4, -1, 14],
			"to": [5, 4, 15],
			"rotation": {"angle": 0, "axis": "y", "origin": [0, -1, 0]},
			"faces": {
				"north": {"uv": [14, 12, 15, 16], "texture": "#0"},
				"east": {"uv": [14, 12, 15, 16], "texture": "#0"},
				"south": {"uv": [14, 12, 15, 16], "texture": "#0"},
				"west": {"uv": [14, 12, 15, 16], "texture": "#0"},
				"up": {"uv": [14, 12, 15, 13], "rotation": 270, "texture": "#0"},
				"down": {"uv": [14, 15, 15, 16], "rotation": 90, "texture": "#0"}
			}
		},
		{
			"from": [4, 3, 0],
			"to": [5, 4, 1],
			"rotation": {"angle": 0, "axis": "y", "origin": [0, -1, 0]},
			"faces": {
				"north": {"uv": [0, 11, 1, 12], "texture": "#0"},
				"east": {"uv": [0, 11, 1, 12], "texture": "#0"},
				"south": {"uv": [0, 11, 1, 12], "texture": "#0"},
				"west": {"uv": [0, 11, 1, 12], "texture": "#0"},
				"up": {"uv": [0, 11, 1, 12], "rotation": 270, "texture": "#0"},
				"down": {"uv": [0, 11, 1, 12], "rotation": 90, "texture": "#0"}
			}
		},
		{
			"from": [4, -1, 1],
			"to": [5, 0, 2],
			"rotation": {"angle": 0, "axis": "y", "origin": [0, -1, 0]},
			"faces": {
				"north": {"uv": [1, 15, 2, 16], "texture": "#0"},
				"east": {"uv": [1, 15, 2, 16], "texture": "#0"},
				"south": {"uv": [1, 15, 2, 16], "texture": "#0"},
				"west": {"uv": [1, 15, 2, 16], "texture": "#0"},
				"up": {"uv": [1, 15, 2, 16], "rotation": 270, "texture": "#0"},
				"down": {"uv": [1, 15, 2, 16], "rotation": 90, "texture": "#0"}
			}
		},
		{
			"from": [4, -1, 6],
			"to": [5, 0, 7],
			"rotation": {"angle": 0, "axis": "y", "origin": [0, -1, 0]},
			"faces": {
				"north": {"uv": [6, 15, 7, 16], "texture": "#0"},
				"east": {"uv": [6, 15, 7, 16], "texture": "#0"},
				"south": {"uv": [6, 15, 7, 16], "texture": "#0"},
				"west": {"uv": [6, 15, 7, 16], "texture": "#0"},
				"up": {"uv": [6, 15, 7, 16], "rotation": 270, "texture": "#0"},
				"down": {"uv": [6, 15, 7, 16], "rotation": 90, "texture": "#0"}
			}
		},
		{
			"from": [4, 2, 12],
			"to": [5, 3, 13],
			"rotation": {"angle": 0, "axis": "y", "origin": [0, -1, 0]},
			"faces": {
				"north": {"uv": [12, 12, 13, 13], "texture": "#0"},
				"east": {"uv": [12, 12, 13, 13], "texture": "#0"},
				"south": {"uv": [12, 12, 13, 13], "texture": "#0"},
				"west": {"uv": [12, 12, 13, 13], "texture": "#0"},
				"up": {"uv": [12, 12, 13, 13], "rotation": 270, "texture": "#0"},
				"down": {"uv": [12, 12, 13, 13], "rotation": 90, "texture": "#0"}
			}
		},
		{
			"from": [4, -1, 12],
			"to": [5, 0, 13],
			"rotation": {"angle": 0, "axis": "y", "origin": [0, -1, 0]},
			"faces": {
				"north": {"uv": [12, 15, 13, 16], "texture": "#0"},
				"east": {"uv": [12, 15, 13, 16], "texture": "#0"},
				"south": {"uv": [12, 15, 13, 16], "texture": "#0"},
				"west": {"uv": [12, 15, 13, 16], "texture": "#0"},
				"up": {"uv": [12, 15, 13, 16], "rotation": 270, "texture": "#0"},
				"down": {"uv": [12, 15, 13, 16], "rotation": 90, "texture": "#0"}
			}
		},
		{
			"from": [4, 6, 9],
			"to": [5, 7, 10],
			"rotation": {"angle": 0, "axis": "y", "origin": [0, -1, 0]},
			"faces": {
				"north": {"uv": [9, 8, 10, 9], "texture": "#0"},
				"east": {"uv": [9, 8, 10, 9], "texture": "#0"},
				"south": {"uv": [9, 8, 10, 9], "texture": "#0"},
				"west": {"uv": [9, 8, 10, 9], "texture": "#0"},
				"up": {"uv": [9, 8, 10, 9], "rotation": 270, "texture": "#0"},
				"down": {"uv": [9, 8, 10, 9], "rotation": 90, "texture": "#0"}
			}
		},
		{
			"from": [4, 4, 5],
			"to": [5, 5, 6],
			"rotation": {"angle": 0, "axis": "y", "origin": [0, -1, 0]},
			"faces": {
				"north": {"uv": [5, 10, 6, 11], "texture": "#0"},
				"east": {"uv": [5, 10, 6, 11], "texture": "#0"},
				"south": {"uv": [5, 10, 6, 11], "texture": "#0"},
				"west": {"uv": [5, 10, 6, 11], "texture": "#0"},
				"up": {"uv": [5, 10, 6, 11], "rotation": 270, "texture": "#0"},
				"down": {"uv": [5, 10, 6, 11], "rotation": 90, "texture": "#0"}
			}
		},
		{
			"from": [0, -1, 11],
			"to": [1, 1, 12],
			"rotation": {"angle": 0, "axis": "y", "origin": [0, -1, 0]},
			"faces": {
				"north": {"uv": [0, 14, 1, 16], "texture": "#0"},
				"east": {"uv": [0, 14, 1, 16], "texture": "#0"},
				"south": {"uv": [0, 14, 1, 16], "texture": "#0"},
				"west": {"uv": [0, 14, 1, 16], "texture": "#0"},
				"up": {"uv": [0, 14, 1, 15], "rotation": 180, "texture": "#0"},
				"down": {"uv": [0, 15, 1, 16], "rotation": 180, "texture": "#0"}
			}
		},
		{
			"from": [13, -1, 11],
			"to": [14, 1, 12],
			"rotation": {"angle": 0, "axis": "y", "origin": [0, -1, 0]},
			"faces": {
				"north": {"uv": [13, 14, 14, 16], "texture": "#0"},
				"east": {"uv": [13, 14, 14, 16], "texture": "#0"},
				"south": {"uv": [13, 14, 14, 16], "texture": "#0"},
				"west": {"uv": [13, 14, 14, 16], "texture": "#0"},
				"up": {"uv": [13, 14, 14, 15], "rotation": 180, "texture": "#0"},
				"down": {"uv": [13, 15, 14, 16], "rotation": 180, "texture": "#0"}
			}
		},
		{
			"from": [5, -1, 11],
			"to": [6, 1, 12],
			"rotation": {"angle": 0, "axis": "y", "origin": [0, -1, 0]},
			"faces": {
				"north": {"uv": [5, 14, 6, 16], "texture": "#0"},
				"east": {"uv": [5, 14, 6, 16], "texture": "#0"},
				"south": {"uv": [5, 14, 6, 16], "texture": "#0"},
				"west": {"uv": [5, 14, 6, 16], "texture": "#0"},
				"up": {"uv": [5, 14, 6, 15], "rotation": 180, "texture": "#0"},
				"down": {"uv": [5, 15, 6, 16], "rotation": 180, "texture": "#0"}
			}
		},
		{
			"from": [10, 0, 11],
			"to": [11, 2, 12],
			"rotation": {"angle": 0, "axis": "y", "origin": [0, -1, 0]},
			"faces": {
				"north": {"uv": [10, 13, 11, 15], "texture": "#0"},
				"east": {"uv": [10, 13, 11, 15], "texture": "#0"},
				"south": {"uv": [10, 13, 11, 15], "texture": "#0"},
				"west": {"uv": [10, 13, 11, 15], "texture": "#0"},
				"up": {"uv": [10, 13, 11, 14], "rotation": 180, "texture": "#0"},
				"down": {"uv": [10, 14, 11, 15], "rotation": 180, "texture": "#0"}
			}
		},
		{
			"from": [8, 5, 11],
			"to": [9, 7, 12],
			"rotation": {"angle": 0, "axis": "y", "origin": [0, -1, 0]},
			"faces": {
				"north": {"uv": [8, 8, 9, 10], "texture": "#0"},
				"east": {"uv": [8, 8, 9, 10], "texture": "#0"},
				"south": {"uv": [8, 8, 9, 10], "texture": "#0"},
				"west": {"uv": [8, 8, 9, 10], "texture": "#0"},
				"up": {"uv": [8, 8, 9, 9], "rotation": 180, "texture": "#0"},
				"down": {"uv": [8, 9, 9, 10], "rotation": 180, "texture": "#0"}
			}
		},
		{
			"from": [1, 1, 11],
			"to": [2, 4, 12],
			"rotation": {"angle": 0, "axis": "y", "origin": [0, -1, 0]},
			"faces": {
				"north": {"uv": [1, 11, 2, 14], "texture": "#0"},
				"east": {"uv": [1, 11, 2, 14], "texture": "#0"},
				"south": {"uv": [1, 11, 2, 14], "texture": "#0"},
				"west": {"uv": [1, 11, 2, 14], "texture": "#0"},
				"up": {"uv": [1, 11, 2, 12], "rotation": 180, "texture": "#0"},
				"down": {"uv": [1, 13, 2, 14], "rotation": 180, "texture": "#0"}
			}
		},
		{
			"from": [3, 3, 11],
			"to": [4, 6, 12],
			"rotation": {"angle": 0, "axis": "y", "origin": [0, -1, 0]},
			"faces": {
				"north": {"uv": [3, 9, 4, 12], "texture": "#0"},
				"east": {"uv": [3, 9, 4, 12], "texture": "#0"},
				"south": {"uv": [3, 9, 4, 12], "texture": "#0"},
				"west": {"uv": [3, 9, 4, 12], "texture": "#0"},
				"up": {"uv": [3, 9, 4, 10], "rotation": 180, "texture": "#0"},
				"down": {"uv": [3, 11, 4, 12], "rotation": 180, "texture": "#0"}
			}
		},
		{
			"from": [6, 2, 11],
			"to": [7, 5, 12],
			"rotation": {"angle": 0, "axis": "y", "origin": [0, -1, 0]},
			"faces": {
				"north": {"uv": [6, 10, 7, 13], "texture": "#0"},
				"east": {"uv": [6, 10, 7, 13], "texture": "#0"},
				"south": {"uv": [6, 10, 7, 13], "texture": "#0"},
				"west": {"uv": [6, 10, 7, 13], "texture": "#0"},
				"up": {"uv": [6, 10, 7, 11], "rotation": 180, "texture": "#0"},
				"down": {"uv": [6, 12, 7, 13], "rotation": 180, "texture": "#0"}
			}
		},
		{
			"from": [9, -1, 11],
			"to": [10, 2, 12],
			"rotation": {"angle": 0, "axis": "y", "origin": [0, -1, 0]},
			"faces": {
				"north": {"uv": [9, 13, 10, 16], "texture": "#0"},
				"east": {"uv": [9, 13, 10, 16], "texture": "#0"},
				"south": {"uv": [9, 13, 10, 16], "texture": "#0"},
				"west": {"uv": [9, 13, 10, 16], "texture": "#0"},
				"up": {"uv": [9, 13, 10, 14], "rotation": 180, "texture": "#0"},
				"down": {"uv": [9, 15, 10, 16], "rotation": 180, "texture": "#0"}
			}
		},
		{
			"from": [2, -1, 11],
			"to": [3, 5, 12],
			"rotation": {"angle": 0, "axis": "y", "origin": [0, -1, 0]},
			"faces": {
				"north": {"uv": [2, 10, 3, 16], "texture": "#0"},
				"east": {"uv": [2, 10, 3, 16], "texture": "#0"},
				"south": {"uv": [2, 10, 3, 16], "texture": "#0"},
				"west": {"uv": [2, 10, 3, 16], "texture": "#0"},
				"up": {"uv": [2, 10, 3, 11], "rotation": 180, "texture": "#0"},
				"down": {"uv": [2, 15, 3, 16], "rotation": 180, "texture": "#0"}
			}
		},
		{
			"from": [7, -1, 11],
			"to": [8, 8, 12],
			"rotation": {"angle": 0, "axis": "y", "origin": [0, -1, 0]},
			"faces": {
				"north": {"uv": [7, 7, 8, 16], "texture": "#0"},
				"east": {"uv": [7, 7, 8, 16], "texture": "#0"},
				"south": {"uv": [7, 7, 8, 16], "texture": "#0"},
				"west": {"uv": [7, 7, 8, 16], "texture": "#0"},
				"up": {"uv": [7, 7, 8, 8], "rotation": 180, "texture": "#0"},
				"down": {"uv": [7, 15, 8, 16], "rotation": 180, "texture": "#0"}
			}
		},
		{
			"from": [4, -1, 11],
			"to": [5, 4, 12],
			"rotation": {"angle": 0, "axis": "y", "origin": [0, -1, 0]},
			"faces": {
				"north": {"uv": [4, 11, 5, 16], "texture": "#0"},
				"east": {"uv": [4, 11, 5, 16], "texture": "#0"},
				"south": {"uv": [4, 11, 5, 16], "texture": "#0"},
				"west": {"uv": [4, 11, 5, 16], "texture": "#0"},
				"up": {"uv": [4, 11, 5, 12], "rotation": 180, "texture": "#0"},
				"down": {"uv": [4, 15, 5, 16], "rotation": 180, "texture": "#0"}
			}
		},
		{
			"from": [11, -1, 11],
			"to": [12, 4, 12],
			"rotation": {"angle": 0, "axis": "y", "origin": [0, -1, 0]},
			"faces": {
				"north": {"uv": [11, 11, 12, 16], "texture": "#0"},
				"east": {"uv": [11, 11, 12, 16], "texture": "#0"},
				"south": {"uv": [11, 11, 12, 16], "texture": "#0"},
				"west": {"uv": [11, 11, 12, 16], "texture": "#0"},
				"up": {"uv": [11, 11, 12, 12], "rotation": 180, "texture": "#0"},
				"down": {"uv": [11, 15, 12, 16], "rotation": 180, "texture": "#0"}
			}
		},
		{
			"from": [14, -1, 11],
			"to": [15, 4, 12],
			"rotation": {"angle": 0, "axis": "y", "origin": [0, -1, 0]},
			"faces": {
				"north": {"uv": [14, 12, 15, 16], "texture": "#0"},
				"east": {"uv": [14, 12, 15, 16], "texture": "#0"},
				"south": {"uv": [14, 12, 15, 16], "texture": "#0"},
				"west": {"uv": [14, 12, 15, 16], "texture": "#0"},
				"up": {"uv": [14, 12, 15, 13], "rotation": 180, "texture": "#0"},
				"down": {"uv": [14, 15, 15, 16], "rotation": 180, "texture": "#0"}
			}
		},
		{
			"from": [0, 3, 11],
			"to": [1, 4, 12],
			"rotation": {"angle": 0, "axis": "y", "origin": [0, -1, 0]},
			"faces": {
				"north": {"uv": [0, 11, 1, 12], "texture": "#0"},
				"east": {"uv": [0, 11, 1, 12], "texture": "#0"},
				"south": {"uv": [0, 11, 1, 12], "texture": "#0"},
				"west": {"uv": [0, 11, 1, 12], "texture": "#0"},
				"up": {"uv": [0, 11, 1, 12], "rotation": 180, "texture": "#0"},
				"down": {"uv": [0, 11, 1, 12], "rotation": 180, "texture": "#0"}
			}
		},
		{
			"from": [1, -1, 11],
			"to": [2, 0, 12],
			"rotation": {"angle": 0, "axis": "y", "origin": [0, -1, 0]},
			"faces": {
				"north": {"uv": [1, 15, 2, 16], "texture": "#0"},
				"east": {"uv": [1, 15, 2, 16], "texture": "#0"},
				"south": {"uv": [1, 15, 2, 16], "texture": "#0"},
				"west": {"uv": [1, 15, 2, 16], "texture": "#0"},
				"up": {"uv": [1, 15, 2, 16], "rotation": 180, "texture": "#0"},
				"down": {"uv": [1, 15, 2, 16], "rotation": 180, "texture": "#0"}
			}
		},
		{
			"from": [6, -1, 11],
			"to": [7, 0, 12],
			"rotation": {"angle": 0, "axis": "y", "origin": [0, -1, 0]},
			"faces": {
				"north": {"uv": [6, 15, 7, 16], "texture": "#0"},
				"east": {"uv": [6, 15, 7, 16], "texture": "#0"},
				"south": {"uv": [6, 15, 7, 16], "texture": "#0"},
				"west": {"uv": [6, 15, 7, 16], "texture": "#0"},
				"up": {"uv": [6, 15, 7, 16], "rotation": 180, "texture": "#0"},
				"down": {"uv": [6, 15, 7, 16], "rotation": 180, "texture": "#0"}
			}
		},
		{
			"from": [12, 2, 11],
			"to": [13, 3, 12],
			"rotation": {"angle": 0, "axis": "y", "origin": [0, -1, 0]},
			"faces": {
				"north": {"uv": [12, 12, 13, 13], "texture": "#0"},
				"east": {"uv": [12, 12, 13, 13], "texture": "#0"},
				"south": {"uv": [12, 12, 13, 13], "texture": "#0"},
				"west": {"uv": [12, 12, 13, 13], "texture": "#0"},
				"up": {"uv": [12, 12, 13, 13], "rotation": 180, "texture": "#0"},
				"down": {"uv": [12, 12, 13, 13], "rotation": 180, "texture": "#0"}
			}
		},
		{
			"from": [12, -1, 11],
			"to": [13, 0, 12],
			"rotation": {"angle": 0, "axis": "y", "origin": [0, -1, 0]},
			"faces": {
				"north": {"uv": [12, 15, 13, 16], "texture": "#0"},
				"east": {"uv": [12, 15, 13, 16], "texture": "#0"},
				"south": {"uv": [12, 15, 13, 16], "texture": "#0"},
				"west": {"uv": [12, 15, 13, 16], "texture": "#0"},
				"up": {"uv": [12, 15, 13, 16], "rotation": 180, "texture": "#0"},
				"down": {"uv": [12, 15, 13, 16], "rotation": 180, "texture": "#0"}
			}
		},
		{
			"from": [9, 6, 11],
			"to": [10, 7, 12],
			"rotation": {"angle": 0, "axis": "y", "origin": [0, -1, 0]},
			"faces": {
				"north": {"uv": [9, 8, 10, 9], "texture": "#0"},
				"east": {"uv": [9, 8, 10, 9], "texture": "#0"},
				"south": {"uv": [9, 8, 10, 9], "texture": "#0"},
				"west": {"uv": [9, 8, 10, 9], "texture": "#0"},
				"up": {"uv": [9, 8, 10, 9], "rotation": 180, "texture": "#0"},
				"down": {"uv": [9, 8, 10, 9], "rotation": 180, "texture": "#0"}
			}
		},
		{
			"from": [5, 4, 11],
			"to": [6, 5, 12],
			"rotation": {"angle": 0, "axis": "y", "origin": [0, -1, 0]},
			"faces": {
				"north": {"uv": [5, 10, 6, 11], "texture": "#0"},
				"east": {"uv": [5, 10, 6, 11], "texture": "#0"},
				"south": {"uv": [5, 10, 6, 11], "texture": "#0"},
				"west": {"uv": [5, 10, 6, 11], "texture": "#0"},
				"up": {"uv": [5, 10, 6, 11], "rotation": 180, "texture": "#0"},
				"down": {"uv": [5, 10, 6, 11], "rotation": 180, "texture": "#0"}
			}
		},
		{
			"from": [11, -1, 15],
			"to": [12, 1, 16],
			"rotation": {"angle": 0, "axis": "y", "origin": [0, -1, 0]},
			"faces": {
				"north": {"uv": [0, 14, 1, 16], "texture": "#0"},
				"east": {"uv": [0, 14, 1, 16], "texture": "#0"},
				"south": {"uv": [0, 14, 1, 16], "texture": "#0"},
				"west": {"uv": [0, 14, 1, 16], "texture": "#0"},
				"up": {"uv": [0, 14, 1, 15], "rotation": 90, "texture": "#0"},
				"down": {"uv": [0, 15, 1, 16], "rotation": 270, "texture": "#0"}
			}
		},
		{
			"from": [11, -1, 2],
			"to": [12, 1, 3],
			"rotation": {"angle": 0, "axis": "y", "origin": [0, -1, 0]},
			"faces": {
				"north": {"uv": [13, 14, 14, 16], "texture": "#0"},
				"east": {"uv": [13, 14, 14, 16], "texture": "#0"},
				"south": {"uv": [13, 14, 14, 16], "texture": "#0"},
				"west": {"uv": [13, 14, 14, 16], "texture": "#0"},
				"up": {"uv": [13, 14, 14, 15], "rotation": 90, "texture": "#0"},
				"down": {"uv": [13, 15, 14, 16], "rotation": 270, "texture": "#0"}
			}
		},
		{
			"from": [11, -1, 10],
			"to": [12, 1, 11],
			"rotation": {"angle": 0, "axis": "y", "origin": [0, -1, 0]},
			"faces": {
				"north": {"uv": [5, 14, 6, 16], "texture": "#0"},
				"east": {"uv": [5, 14, 6, 16], "texture": "#0"},
				"south": {"uv": [5, 14, 6, 16], "texture": "#0"},
				"west": {"uv": [5, 14, 6, 16], "texture": "#0"},
				"up": {"uv": [5, 14, 6, 15], "rotation": 90, "texture": "#0"},
				"down": {"uv": [5, 15, 6, 16], "rotation": 270, "texture": "#0"}
			}
		},
		{
			"from": [11, 0, 5],
			"to": [12, 2, 6],
			"rotation": {"angle": 0, "axis": "y", "origin": [0, -1, 0]},
			"faces": {
				"north": {"uv": [10, 13, 11, 15], "texture": "#0"},
				"east": {"uv": [10, 13, 11, 15], "texture": "#0"},
				"south": {"uv": [10, 13, 11, 15], "texture": "#0"},
				"west": {"uv": [10, 13, 11, 15], "texture": "#0"},
				"up": {"uv": [10, 13, 11, 14], "rotation": 90, "texture": "#0"},
				"down": {"uv": [10, 14, 11, 15], "rotation": 270, "texture": "#0"}
			}
		},
		{
			"from": [11, 5, 7],
			"to": [12, 7, 8],
			"rotation": {"angle": 0, "axis": "y", "origin": [0, -1, 0]},
			"faces": {
				"north": {"uv": [8, 8, 9, 10], "texture": "#0"},
				"east": {"uv": [8, 8, 9, 10], "texture": "#0"},
				"south": {"uv": [8, 8, 9, 10], "texture": "#0"},
				"west": {"uv": [8, 8, 9, 10], "texture": "#0"},
				"up": {"uv": [8, 8, 9, 9], "rotation": 90, "texture": "#0"},
				"down": {"uv": [8, 9, 9, 10], "rotation": 270, "texture": "#0"}
			}
		},
		{
			"from": [11, 1, 14],
			"to": [12, 4, 15],
			"rotation": {"angle": 0, "axis": "y", "origin": [0, -1, 0]},
			"faces": {
				"north": {"uv": [1, 11, 2, 14], "texture": "#0"},
				"east": {"uv": [1, 11, 2, 14], "texture": "#0"},
				"south": {"uv": [1, 11, 2, 14], "texture": "#0"},
				"west": {"uv": [1, 11, 2, 14], "texture": "#0"},
				"up": {"uv": [1, 11, 2, 12], "rotation": 90, "texture": "#0"},
				"down": {"uv": [1, 13, 2, 14], "rotation": 270, "texture": "#0"}
			}
		},
		{
			"from": [11, 3, 12],
			"to": [12, 6, 13],
			"rotation": {"angle": 0, "axis": "y", "origin": [0, -1, 0]},
			"faces": {
				"north": {"uv": [3, 9, 4, 12], "texture": "#0"},
				"east": {"uv": [3, 9, 4, 12], "texture": "#0"},
				"south": {"uv": [3, 9, 4, 12], "texture": "#0"},
				"west": {"uv": [3, 9, 4, 12], "texture": "#0"},
				"up": {"uv": [3, 9, 4, 10], "rotation": 90, "texture": "#0"},
				"down": {"uv": [3, 11, 4, 12], "rotation": 270, "texture": "#0"}
			}
		},
		{
			"from": [11, 2, 9],
			"to": [12, 5, 10],
			"rotation": {"angle": 0, "axis": "y", "origin": [0, -1, 0]},
			"faces": {
				"north": {"uv": [6, 10, 7, 13], "texture": "#0"},
				"east": {"uv": [6, 10, 7, 13], "texture": "#0"},
				"south": {"uv": [6, 10, 7, 13], "texture": "#0"},
				"west": {"uv": [6, 10, 7, 13], "texture": "#0"},
				"up": {"uv": [6, 10, 7, 11], "rotation": 90, "texture": "#0"},
				"down": {"uv": [6, 12, 7, 13], "rotation": 270, "texture": "#0"}
			}
		},
		{
			"from": [11, -1, 6],
			"to": [12, 2, 7],
			"rotation": {"angle": 0, "axis": "y", "origin": [0, -1, 0]},
			"faces": {
				"north": {"uv": [9, 13, 10, 16], "texture": "#0"},
				"east": {"uv": [9, 13, 10, 16], "texture": "#0"},
				"south": {"uv": [9, 13, 10, 16], "texture": "#0"},
				"west": {"uv": [9, 13, 10, 16], "texture": "#0"},
				"up": {"uv": [9, 13, 10, 14], "rotation": 90, "texture": "#0"},
				"down": {"uv": [9, 15, 10, 16], "rotation": 270, "texture": "#0"}
			}
		},
		{
			"from": [11, -1, 13],
			"to": [12, 5, 14],
			"rotation": {"angle": 0, "axis": "y", "origin": [0, -1, 0]},
			"faces": {
				"north": {"uv": [2, 10, 3, 16], "texture": "#0"},
				"east": {"uv": [2, 10, 3, 16], "texture": "#0"},
				"south": {"uv": [2, 10, 3, 16], "texture": "#0"},
				"west": {"uv": [2, 10, 3, 16], "texture": "#0"},
				"up": {"uv": [2, 10, 3, 11], "rotation": 90, "texture": "#0"},
				"down": {"uv": [2, 15, 3, 16], "rotation": 270, "texture": "#0"}
			}
		},
		{
			"from": [11, -1, 8],
			"to": [12, 8, 9],
			"rotation": {"angle": 0, "axis": "y", "origin": [0, -1, 0]},
			"faces": {
				"north": {"uv": [7, 7, 8, 16], "texture": "#0"},
				"east": {"uv": [7, 7, 8, 16], "texture": "#0"},
				"south": {"uv": [7, 7, 8, 16], "texture": "#0"},
				"west": {"uv": [7, 7, 8, 16], "texture": "#0"},
				"up": {"uv": [7, 7, 8, 8], "rotation": 90, "texture": "#0"},
				"down": {"uv": [7, 15, 8, 16], "rotation": 270, "texture": "#0"}
			}
		},
		{
			"from": [11, -1, 11],
			"to": [12, 4, 12],
			"rotation": {"angle": 0, "axis": "y", "origin": [0, -1, 0]},
			"faces": {
				"north": {"uv": [4, 11, 5, 16], "texture": "#0"},
				"east": {"uv": [4, 11, 5, 16], "texture": "#0"},
				"south": {"uv": [4, 11, 5, 16], "texture": "#0"},
				"west": {"uv": [4, 11, 5, 16], "texture": "#0"},
				"up": {"uv": [4, 11, 5, 12], "rotation": 90, "texture": "#0"},
				"down": {"uv": [4, 15, 5, 16], "rotation": 270, "texture": "#0"}
			}
		},
		{
			"from": [11, -1, 4],
			"to": [12, 4, 5],
			"rotation": {"angle": 0, "axis": "y", "origin": [0, -1, 0]},
			"faces": {
				"north": {"uv": [11, 11, 12, 16], "texture": "#0"},
				"east": {"uv": [11, 11, 12, 16], "texture": "#0"},
				"south": {"uv": [11, 11, 12, 16], "texture": "#0"},
				"west": {"uv": [11, 11, 12, 16], "texture": "#0"},
				"up": {"uv": [11, 11, 12, 12], "rotation": 90, "texture": "#0"},
				"down": {"uv": [11, 15, 12, 16], "rotation": 270, "texture": "#0"}
			}
		},
		{
			"from": [11, -1, 1],
			"to": [12, 4, 2],
			"rotation": {"angle": 0, "axis": "y", "origin": [0, -1, 0]},
			"faces": {
				"north": {"uv": [14, 12, 15, 16], "texture": "#0"},
				"east": {"uv": [14, 12, 15, 16], "texture": "#0"},
				"south": {"uv": [14, 12, 15, 16], "texture": "#0"},
				"west": {"uv": [14, 12, 15, 16], "texture": "#0"},
				"up": {"uv": [14, 12, 15, 13], "rotation": 90, "texture": "#0"},
				"down": {"uv": [14, 15, 15, 16], "rotation": 270, "texture": "#0"}
			}
		},
		{
			"from": [11, 3, 15],
			"to": [12, 4, 16],
			"rotation": {"angle": 0, "axis": "y", "origin": [0, -1, 0]},
			"faces": {
				"north": {"uv": [0, 11, 1, 12], "texture": "#0"},
				"east": {"uv": [0, 11, 1, 12], "texture": "#0"},
				"south": {"uv": [0, 11, 1, 12], "texture": "#0"},
				"west": {"uv": [0, 11, 1, 12], "texture": "#0"},
				"up": {"uv": [0, 11, 1, 12], "rotation": 90, "texture": "#0"},
				"down": {"uv": [0, 11, 1, 12], "rotation": 270, "texture": "#0"}
			}
		},
		{
			"from": [11, -1, 14],
			"to": [12, 0, 15],
			"rotation": {"angle": 0, "axis": "y", "origin": [0, -1, 0]},
			"faces": {
				"north": {"uv": [1, 15, 2, 16], "texture": "#0"},
				"east": {"uv": [1, 15, 2, 16], "texture": "#0"},
				"south": {"uv": [1, 15, 2, 16], "texture": "#0"},
				"west": {"uv": [1, 15, 2, 16], "texture": "#0"},
				"up": {"uv": [1, 15, 2, 16], "rotation": 90, "texture": "#0"},
				"down": {"uv": [1, 15, 2, 16], "rotation": 270, "texture": "#0"}
			}
		},
		{
			"from": [11, -1, 9],
			"to": [12, 0, 10],
			"rotation": {"angle": 0, "axis": "y", "origin": [0, -1, 0]},
			"faces": {
				"north": {"uv": [6, 15, 7, 16], "texture": "#0"},
				"east": {"uv": [6, 15, 7, 16], "texture": "#0"},
				"south": {"uv": [6, 15, 7, 16], "texture": "#0"},
				"west": {"uv": [6, 15, 7, 16], "texture": "#0"},
				"up": {"uv": [6, 15, 7, 16], "rotation": 90, "texture": "#0"},
				"down": {"uv": [6, 15, 7, 16], "rotation": 270, "texture": "#0"}
			}
		},
		{
			"from": [11, 2, 3],
			"to": [12, 3, 4],
			"rotation": {"angle": 0, "axis": "y", "origin": [0, -1, 0]},
			"faces": {
				"north": {"uv": [12, 12, 13, 13], "texture": "#0"},
				"east": {"uv": [12, 12, 13, 13], "texture": "#0"},
				"south": {"uv": [12, 12, 13, 13], "texture": "#0"},
				"west": {"uv": [12, 12, 13, 13], "texture": "#0"},
				"up": {"uv": [12, 12, 13, 13], "rotation": 90, "texture": "#0"},
				"down": {"uv": [12, 12, 13, 13], "rotation": 270, "texture": "#0"}
			}
		},
		{
			"from": [11, -1, 3],
			"to": [12, 0, 4],
			"rotation": {"angle": 0, "axis": "y", "origin": [0, -1, 0]},
			"faces": {
				"north": {"uv": [12, 15, 13, 16], "texture": "#0"},
				"east": {"uv": [12, 15, 13, 16], "texture": "#0"},
				"south": {"uv": [12, 15, 13, 16], "texture": "#0"},
				"west": {"uv": [12, 15, 13, 16], "texture": "#0"},
				"up": {"uv": [12, 15, 13, 16], "rotation": 90, "texture": "#0"},
				"down": {"uv": [12, 15, 13, 16], "rotation": 270, "texture": "#0"}
			}
		},
		{
			"from": [11, 6, 6],
			"to": [12, 7, 7],
			"rotation": {"angle": 0, "axis": "y", "origin": [0, -1, 0]},
			"faces": {
				"north": {"uv": [9, 8, 10, 9], "texture": "#0"},
				"east": {"uv": [9, 8, 10, 9], "texture": "#0"},
				"south": {"uv": [9, 8, 10, 9], "texture": "#0"},
				"west": {"uv": [9, 8, 10, 9], "texture": "#0"},
				"up": {"uv": [9, 8, 10, 9], "rotation": 90, "texture": "#0"},
				"down": {"uv": [9, 8, 10, 9], "rotation": 270, "texture": "#0"}
			}
		},
		{
			"from": [11, 4, 10],
			"to": [12, 5, 11],
			"rotation": {"angle": 0, "axis": "y", "origin": [0, -1, 0]},
			"faces": {
				"north": {"uv": [5, 10, 6, 11], "texture": "#0"},
				"east": {"uv": [5, 10, 6, 11], "texture": "#0"},
				"south": {"uv": [5, 10, 6, 11], "texture": "#0"},
				"west": {"uv": [5, 10, 6, 11], "texture": "#0"},
				"up": {"uv": [5, 10, 6, 11], "rotation": 90, "texture": "#0"},
				"down": {"uv": [5, 10, 6, 11], "rotation": 270, "texture": "#0"}
			}
		}
	]
}