{
	"credit": "Made with Blockbench",
	"texture_size": [64, 64],
	"textures": {
		"0": "./repo.png",
		"particle": "./repo.png"
	},
	"elements": [
		{
			"from": [8.501, 15, 4.5],
			"to": [10.001, 16.5, 6],
			"rotation": {"angle": 0, "axis": "x", "origin": [8, 14, 11]},
			"faces": {
				"north": {"uv": [0, 0, 2.5, 2.5], "texture": "#0"},
				"east": {"uv": [0, 0, 0.375, 0.375], "texture": "#0"},
				"south": {"uv": [0, 0, 0.375, 0.375], "texture": "#0"},
				"west": {"uv": [0, 0, 0.375, 0.375], "texture": "#0"},
				"up": {"uv": [0, 0, 0.375, 0.375], "texture": "#0"},
				"down": {"uv": [0, 0, 0.375, 0.375], "texture": "#0"}
			}
		},
		{
			"from": [5.999, 15, 4.5],
			"to": [7.499, 16.5, 6],
			"rotation": {"angle": 0, "axis": "x", "origin": [8, 14, 11]},
			"faces": {
				"north": {"uv": [2.5, 0, 0, 2.5], "texture": "#0"},
				"east": {"uv": [0.375, 0, 0, 0.375], "texture": "#0"},
				"south": {"uv": [0.375, 0, 0, 0.375], "texture": "#0"},
				"west": {"uv": [0.375, 0, 0, 0.375], "texture": "#0"},
				"up": {"uv": [0.375, 0, 0, 0.375], "texture": "#0"},
				"down": {"uv": [0.375, 0, 0, 0.375], "texture": "#0"}
			}
		},
		{
			"from": [6, 17.6, 6],
			"to": [10, 18.6, 10],
			"rotation": {"angle": 0, "axis": "x", "origin": [8, 14, 11]},
			"faces": {
				"north": {"uv": [11, 0, 15.5, 5.25], "texture": "#0"},
				"east": {"uv": [11, 0, 16, 5.25], "texture": "#0"},
				"south": {"uv": [11, 0, 15.5, 5.25], "texture": "#0"},
				"west": {"uv": [11, 0, 16, 5.25], "texture": "#0"},
				"up": {"uv": [11, 0, 15.5, 5.5], "texture": "#0"},
				"down": {"uv": [11, 0, 15.5, 5.5], "texture": "#0"}
			}
		},
		{
			"from": [5.5, 16.1, 6],
			"to": [10.5, 17.6, 10],
			"rotation": {"angle": 0, "axis": "x", "origin": [8, 14, 11]},
			"faces": {
				"north": {"uv": [11, 0, 15.75, 5.375], "texture": "#0"},
				"east": {"uv": [11, 0, 16, 5.375], "texture": "#0"},
				"south": {"uv": [11, 0, 15.75, 5.375], "texture": "#0"},
				"west": {"uv": [11, 0, 16, 5.375], "texture": "#0"},
				"up": {"uv": [11, 0, 15.75, 5.5], "texture": "#0"},
				"down": {"uv": [11, 0, 15.75, 5.5], "texture": "#0"}
			}
		},
		{
			"from": [5, 14.1, 6],
			"to": [11, 16.1, 10],
			"rotation": {"angle": 0, "axis": "x", "origin": [8, 14, 11]},
			"faces": {
				"north": {"uv": [11, 0, 16, 5.5], "texture": "#0"},
				"east": {"uv": [11, 0, 16, 5.5], "texture": "#0"},
				"south": {"uv": [11, 0, 16, 5.5], "texture": "#0"},
				"west": {"uv": [11, 0, 16, 5.5], "texture": "#0"},
				"up": {"uv": [11, 0, 16, 5.5], "texture": "#0"},
				"down": {"uv": [11, 0, 16, 5.5], "texture": "#0"}
			}
		},
		{
			"from": [6, 14.1, 10],
			"to": [10, 16.1, 11],
			"rotation": {"angle": 0, "axis": "x", "origin": [8, 14, 11]},
			"faces": {
				"north": {"uv": [11, 0, 15.5, 5.5], "texture": "#0"},
				"east": {"uv": [11, 0, 15.25, 5.5], "texture": "#0"},
				"south": {"uv": [11, 0, 15.5, 5.5], "texture": "#0"},
				"west": {"uv": [11, 0, 15.25, 5.5], "texture": "#0"},
				"up": {"uv": [11, 0, 15.5, 4.75], "texture": "#0"},
				"down": {"uv": [11, 0, 15.5, 4.75], "texture": "#0"}
			}
		},
		{
			"from": [6, 16.1, 5.5],
			"to": [10, 17.6, 6],
			"rotation": {"angle": 0, "axis": "x", "origin": [8, 14, 11]},
			"faces": {
				"north": {"uv": [11, 0, 15.5, 5.375], "texture": "#0"},
				"east": {"uv": [11, 0, 15.125, 5.375], "texture": "#0"},
				"south": {"uv": [11, 0, 15.5, 5.375], "texture": "#0"},
				"west": {"uv": [11, 0, 15.125, 5.375], "texture": "#0"},
				"up": {"uv": [11, 0, 15.5, 4.625], "texture": "#0"},
				"down": {"uv": [11, 0, 15.5, 4.625], "texture": "#0"}
			}
		},
		{
			"from": [6, 16.1, 10],
			"to": [10, 17.6, 10.5],
			"rotation": {"angle": 0, "axis": "x", "origin": [8, 14, 11]},
			"faces": {
				"north": {"uv": [11, 0, 15.5, 5.375], "texture": "#0"},
				"east": {"uv": [11, 0, 15.125, 5.375], "texture": "#0"},
				"south": {"uv": [11, 0, 15.5, 5.375], "texture": "#0"},
				"west": {"uv": [11, 0, 15.125, 5.375], "texture": "#0"},
				"up": {"uv": [11, 0, 15.5, 4.625], "texture": "#0"},
				"down": {"uv": [11, 0, 15.5, 4.625], "texture": "#0"}
			}
		},
		{
			"from": [6, 14.1, 5],
			"to": [10, 16.1, 6],
			"rotation": {"angle": 0, "axis": "x", "origin": [8, 14, 11]},
			"faces": {
				"north": {"uv": [11, 0, 15.5, 5.5], "texture": "#0"},
				"east": {"uv": [11, 0, 15.25, 5.5], "texture": "#0"},
				"south": {"uv": [11, 0, 15.5, 5.5], "texture": "#0"},
				"west": {"uv": [11, 0, 15.25, 5.5], "texture": "#0"},
				"up": {"uv": [11, 0, 15.5, 4.75], "texture": "#0"},
				"down": {"uv": [11, 0, 15.5, 4.75], "texture": "#0"}
			}
		},
		{
			"from": [5.375, 9, 5.375],
			"to": [10.625, 14, 10.625],
			"rotation": {"angle": 0, "axis": "y", "origin": [6, 4, 7]},
			"faces": {
				"north": {"uv": [11, 0, 15.5, 5.5], "texture": "#0"},
				"east": {"uv": [11, 0, 15.25, 5.5], "texture": "#0"},
				"south": {"uv": [11, 0, 15.5, 5.5], "texture": "#0"},
				"west": {"uv": [11, 0, 15.25, 5.5], "texture": "#0"},
				"up": {"uv": [11, 0, 15.5, 4.75], "texture": "#0"},
				"down": {"uv": [11, 0, 15.5, 4.75], "texture": "#0"}
			}
		},
		{
			"from": [6, 9, 5],
			"to": [10, 14, 6],
			"rotation": {"angle": 0, "axis": "y", "origin": [7, 4, 7]},
			"faces": {
				"north": {"uv": [11, 0, 15.5, 5.5], "texture": "#0"},
				"east": {"uv": [11, 0, 15.25, 5.5], "texture": "#0"},
				"south": {"uv": [11, 0, 15.5, 5.5], "texture": "#0"},
				"west": {"uv": [11, 0, 15.25, 5.5], "texture": "#0"},
				"up": {"uv": [11, 0, 15.5, 4.75], "texture": "#0"},
				"down": {"uv": [11, 0, 15.5, 4.75], "texture": "#0"}
			}
		},
		{
			"from": [5, 9, 6],
			"to": [11, 14, 10],
			"rotation": {"angle": 0, "axis": "y", "origin": [7, 4, 7]},
			"faces": {
				"north": {"uv": [11, 0, 16, 5.5], "texture": "#0"},
				"east": {"uv": [11, 0, 16, 5.5], "texture": "#0"},
				"south": {"uv": [11, 0, 16, 5.5], "texture": "#0"},
				"west": {"uv": [11, 0, 16, 5.5], "texture": "#0"},
				"up": {"uv": [11, 0, 16, 5.5], "texture": "#0"},
				"down": {"uv": [11, 0, 16, 5.5], "texture": "#0"}
			}
		},
		{
			"from": [6, 9, 10],
			"to": [10, 14, 11],
			"rotation": {"angle": 0, "axis": "y", "origin": [7, 4, 12]},
			"faces": {
				"north": {"uv": [11, 0, 15.5, 5.5], "texture": "#0"},
				"east": {"uv": [11, 0, 15.25, 5.5], "texture": "#0"},
				"south": {"uv": [11, 0, 15.5, 5.5], "texture": "#0"},
				"west": {"uv": [11, 0, 15.25, 5.5], "texture": "#0"},
				"up": {"uv": [11, 0, 15.5, 4.75], "texture": "#0"},
				"down": {"uv": [11, 0, 15.5, 4.75], "texture": "#0"}
			}
		},
		{
			"from": [3.5, 11.75, 8],
			"to": [5, 13.25, 9],
			"rotation": {"angle": 22.5, "axis": "x", "origin": [4, 12, 8]},
			"faces": {
				"north": {"uv": [12.625, 0, 16, 3.375], "rotation": 180, "texture": "#0"},
				"east": {"uv": [13.625, 0, 16, 1.25], "rotation": 270, "texture": "#0"},
				"south": {"uv": [12.625, 0, 16, 3.875], "texture": "#0"},
				"west": {"uv": [13.61328, 0, 16, 1.45], "rotation": 90, "texture": "#0"},
				"up": {"uv": [13.375, 0, 16, 2.46429], "rotation": 180, "texture": "#0"},
				"down": {"uv": [13.625, 0, 16, 1.25], "texture": "#0"}
			}
		},
		{
			"from": [4, 12.25, 4],
			"to": [4.5, 12.75, 6],
			"rotation": {"angle": 22.5, "axis": "x", "origin": [4, 12, 8]},
			"faces": {
				"north": {"uv": [12.25, 0, 15.375, 3.125], "rotation": 180, "texture": "#0"},
				"east": {"uv": [11.25, 0, 12.04167, 2.5], "rotation": 270, "texture": "#0"},
				"south": {"uv": [12.25, 0, 15.375, 3.625], "texture": "#0"},
				"west": {"uv": [11.22656, 0, 12.02214, 2.9], "rotation": 90, "texture": "#0"},
				"up": {"uv": [11.25, 0, 12.45833, 3.42857], "rotation": 180, "texture": "#0"},
				"down": {"uv": [11.25, 0, 12.04167, 2.5], "texture": "#0"}
			}
		},
		{
			"from": [3.875, 12.125, 5],
			"to": [4.625, 12.875, 6],
			"rotation": {"angle": 22.5, "axis": "x", "origin": [4, 12, 8]},
			"faces": {
				"north": {"uv": [12.25, 0, 15.4375, 3.1875], "rotation": 180, "texture": "#0"},
				"east": {"uv": [11.25, 0, 12.4375, 1.25], "rotation": 270, "texture": "#0"},
				"south": {"uv": [12.25, 0, 15.4375, 3.6875], "texture": "#0"},
				"west": {"uv": [11.22656, 0, 12.41992, 1.45], "rotation": 90, "texture": "#0"},
				"up": {"uv": [11.25, 0, 12.8125, 2.46429], "rotation": 180, "texture": "#0"},
				"down": {"uv": [11.25, 0, 12.4375, 1.25], "texture": "#0"}
			}
		},
		{
			"from": [3.625, 11.875, 7],
			"to": [4.875, 13.125, 9.25],
			"rotation": {"angle": 22.5, "axis": "x", "origin": [4, 12, 8]},
			"faces": {
				"north": {"uv": [12.25, 0, 15.5625, 3.3125], "rotation": 180, "texture": "#0"},
				"east": {"uv": [11.25, 0, 13.22917, 2.8125], "rotation": 270, "texture": "#0"},
				"south": {"uv": [12.25, 0, 15.5625, 3.8125], "texture": "#0"},
				"west": {"uv": [11.22656, 0, 13.21549, 3.2625], "rotation": 90, "texture": "#0"},
				"up": {"uv": [11.25, 0, 13.52083, 3.66964], "rotation": 180, "texture": "#0"},
				"down": {"uv": [11.25, 0, 13.22917, 2.8125], "texture": "#0"}
			}
		},
		{
			"from": [3.75, 12, 6],
			"to": [4.75, 13, 9.5],
			"rotation": {"angle": 22.5, "axis": "x", "origin": [4, 12, 8]},
			"faces": {
				"north": {"uv": [12.25, 0, 15.5, 3.25], "rotation": 180, "texture": "#0"},
				"east": {"uv": [11.25, 0, 12.83333, 4.375], "rotation": 270, "texture": "#0"},
				"south": {"uv": [12.25, 0, 15.5, 3.75], "texture": "#0"},
				"west": {"uv": [11.22656, 0, 12.81771, 5.075], "rotation": 90, "texture": "#0"},
				"up": {"uv": [11.25, 0, 13.16667, 4.875], "rotation": 180, "texture": "#0"},
				"down": {"uv": [11.25, 0, 12.83333, 4.375], "texture": "#0"}
			}
		},
		{
			"from": [11, 11.75, 8],
			"to": [12.5, 13.25, 9],
			"rotation": {"angle": -22.5, "axis": "y", "origin": [12, 12, 8]},
			"faces": {
				"north": {"uv": [16, 0, 12.625, 3.375], "rotation": 180, "texture": "#0"},
				"east": {"uv": [16, 0, 13.61328, 1.45], "rotation": 270, "texture": "#0"},
				"south": {"uv": [16, 0, 12.625, 3.875], "texture": "#0"},
				"west": {"uv": [16, 0, 13.625, 1.25], "rotation": 90, "texture": "#0"},
				"up": {"uv": [16, 0, 13.375, 2.46429], "rotation": 180, "texture": "#0"},
				"down": {"uv": [16, 0, 13.625, 1.25], "texture": "#0"}
			}
		},
		{
			"from": [11.5, 12.25, 4],
			"to": [12, 12.75, 6],
			"rotation": {"angle": -22.5, "axis": "y", "origin": [12, 12, 8]},
			"faces": {
				"north": {"uv": [15.375, 0, 12.25, 3.125], "rotation": 180, "texture": "#0"},
				"east": {"uv": [12.02214, 0, 11.22656, 2.9], "rotation": 270, "texture": "#0"},
				"south": {"uv": [15.375, 0, 12.25, 3.625], "texture": "#0"},
				"west": {"uv": [12.04167, 0, 11.25, 2.5], "rotation": 90, "texture": "#0"},
				"up": {"uv": [12.45833, 0, 11.25, 3.42857], "rotation": 180, "texture": "#0"},
				"down": {"uv": [12.04167, 0, 11.25, 2.5], "texture": "#0"}
			}
		},
		{
			"from": [11.375, 12.125, 5],
			"to": [12.125, 12.875, 6],
			"rotation": {"angle": -22.5, "axis": "y", "origin": [12, 12, 8]},
			"faces": {
				"north": {"uv": [15.4375, 0, 12.25, 3.1875], "rotation": 180, "texture": "#0"},
				"east": {"uv": [12.41992, 0, 11.22656, 1.45], "rotation": 270, "texture": "#0"},
				"south": {"uv": [15.4375, 0, 12.25, 3.6875], "texture": "#0"},
				"west": {"uv": [12.4375, 0, 11.25, 1.25], "rotation": 90, "texture": "#0"},
				"up": {"uv": [12.8125, 0, 11.25, 2.46429], "rotation": 180, "texture": "#0"},
				"down": {"uv": [12.4375, 0, 11.25, 1.25], "texture": "#0"}
			}
		},
		{
			"from": [11.125, 11.875, 7],
			"to": [12.375, 13.125, 9.25],
			"rotation": {"angle": -22.5, "axis": "y", "origin": [12, 12, 8]},
			"faces": {
				"north": {"uv": [15.5625, 0, 12.25, 3.3125], "rotation": 180, "texture": "#0"},
				"east": {"uv": [13.21549, 0, 11.22656, 3.2625], "rotation": 270, "texture": "#0"},
				"south": {"uv": [15.5625, 0, 12.25, 3.8125], "texture": "#0"},
				"west": {"uv": [13.22917, 0, 11.25, 2.8125], "rotation": 90, "texture": "#0"},
				"up": {"uv": [13.52083, 0, 11.25, 3.66964], "rotation": 180, "texture": "#0"},
				"down": {"uv": [13.22917, 0, 11.25, 2.8125], "texture": "#0"}
			}
		},
		{
			"from": [11.25, 12, 6],
			"to": [12.25, 13, 9.5],
			"rotation": {"angle": -22.5, "axis": "y", "origin": [12, 12, 8]},
			"faces": {
				"north": {"uv": [15.5, 0, 12.25, 3.25], "rotation": 180, "texture": "#0"},
				"east": {"uv": [12.81771, 0, 11.22656, 5.075], "rotation": 270, "texture": "#0"},
				"south": {"uv": [15.5, 0, 12.25, 3.75], "texture": "#0"},
				"west": {"uv": [12.83333, 0, 11.25, 4.375], "rotation": 90, "texture": "#0"},
				"up": {"uv": [13.16667, 0, 11.25, 4.875], "rotation": 180, "texture": "#0"},
				"down": {"uv": [12.83333, 0, 11.25, 4.375], "texture": "#0"}
			}
		},
		{
			"from": [9, 6, 6.25],
			"to": [10, 8, 7.25],
			"rotation": {"angle": 0, "axis": "x", "origin": [9, 9, 7]},
			"faces": {
				"north": {"uv": [13.16667, 0, 11.25, 3.42857], "texture": "#0"},
				"east": {"uv": [12.81771, 0, 11.22656, 5.11429], "texture": "#0"},
				"south": {"uv": [12.83333, 0, 11.25, 2.5], "texture": "#0"},
				"west": {"uv": [12.83333, 0, 11.25, 2.5], "texture": "#0"},
				"up": {"uv": [15.5, 0, 12.25, 3.75], "texture": "#0"},
				"down": {"uv": [15.5, 0, 12.25, 3.25], "texture": "#0"}
			}
		},
		{
			"from": [8.875, 7, 6.125],
			"to": [10.125, 8, 7.375],
			"rotation": {"angle": 0, "axis": "x", "origin": [9, 9, 7]},
			"faces": {
				"north": {"uv": [13.52083, 0, 11.25, 2.46429], "texture": "#0"},
				"east": {"uv": [13.21549, 0, 11.22656, 3.05714], "texture": "#0"},
				"south": {"uv": [13.22917, 0, 11.25, 1.25], "texture": "#0"},
				"west": {"uv": [13.22917, 0, 11.25, 1.25], "texture": "#0"},
				"up": {"uv": [15.5625, 0, 12.25, 3.8125], "texture": "#0"},
				"down": {"uv": [15.5625, 0, 12.25, 3.3125], "texture": "#0"}
			}
		},
		{
			"from": [9.125, 5, 6.4],
			"to": [9.875, 6, 7.15],
			"rotation": {"angle": 0, "axis": "x", "origin": [9, 9, 7]},
			"faces": {
				"north": {"uv": [12.8125, 0, 11.25, 2.46429], "texture": "#0"},
				"east": {"uv": [12.41992, 0, 11.22656, 3.05714], "texture": "#0"},
				"south": {"uv": [12.4375, 0, 11.25, 1.25], "texture": "#0"},
				"west": {"uv": [12.4375, 0, 11.25, 1.25], "texture": "#0"},
				"up": {"uv": [15.4375, 0, 12.25, 3.6875], "texture": "#0"},
				"down": {"uv": [15.4375, 0, 12.25, 3.1875], "texture": "#0"}
			}
		},
		{
			"from": [9.25, 4, 6.525],
			"to": [9.75, 6, 7.025],
			"rotation": {"angle": 0, "axis": "x", "origin": [9, 9, 7]},
			"faces": {
				"north": {"uv": [12.45833, 0, 11.25, 3.42857], "texture": "#0"},
				"east": {"uv": [12.02214, 0, 11.22656, 5.11429], "texture": "#0"},
				"south": {"uv": [12.04167, 0, 11.25, 2.5], "texture": "#0"},
				"west": {"uv": [12.04167, 0, 11.25, 2.5], "texture": "#0"},
				"up": {"uv": [15.375, 0, 12.25, 3.625], "texture": "#0"},
				"down": {"uv": [15.375, 0, 12.25, 3.125], "texture": "#0"}
			}
		},
		{
			"from": [8.75, 8, 6],
			"to": [10.25, 9, 7.5],
			"rotation": {"angle": 0, "axis": "x", "origin": [9, 9, 7]},
			"faces": {
				"north": {"uv": [16, 0, 13.375, 2.46429], "texture": "#0"},
				"east": {"uv": [16, 0, 13.61328, 3.05714], "texture": "#0"},
				"south": {"uv": [16, 0, 13.625, 1.25], "texture": "#0"},
				"west": {"uv": [16, 0, 13.625, 1.25], "texture": "#0"},
				"up": {"uv": [16, 0, 12.625, 3.875], "texture": "#0"},
				"down": {"uv": [16, 0, 12.625, 3.375], "texture": "#0"}
			}
		},
		{
			"from": [4, 7.725, 7],
			"to": [6, 8.725, 8],
			"rotation": {"angle": 0, "axis": "y", "origin": [7, 8, 7]},
			"faces": {
				"north": {"uv": [11.25, 0, 12.83333, 2.5], "rotation": 270, "texture": "#0"},
				"east": {"uv": [12.25, 0, 15.5, 3.75], "texture": "#0"},
				"south": {"uv": [11.22656, 0, 12.81771, 5.11429], "rotation": 90, "texture": "#0"},
				"west": {"uv": [12.25, 0, 15.5, 3.25], "rotation": 180, "texture": "#0"},
				"up": {"uv": [11.25, 0, 13.16667, 3.42857], "rotation": 90, "texture": "#0"},
				"down": {"uv": [11.25, 0, 12.83333, 2.5], "rotation": 90, "texture": "#0"}
			}
		},
		{
			"from": [5, 7.625, 6.875],
			"to": [6, 8.875, 8.125],
			"rotation": {"angle": 0, "axis": "y", "origin": [7, 8, 7]},
			"faces": {
				"north": {"uv": [11.25, 0, 13.22917, 1.25], "rotation": 270, "texture": "#0"},
				"east": {"uv": [12.25, 0, 15.5625, 3.8125], "texture": "#0"},
				"south": {"uv": [11.22656, 0, 13.21549, 3.05714], "rotation": 90, "texture": "#0"},
				"west": {"uv": [12.25, 0, 15.5625, 3.3125], "rotation": 180, "texture": "#0"},
				"up": {"uv": [11.25, 0, 13.52083, 2.46429], "rotation": 90, "texture": "#0"},
				"down": {"uv": [11.25, 0, 13.22917, 1.25], "rotation": 90, "texture": "#0"}
			}
		},
		{
			"from": [3, 7.85, 7.125],
			"to": [4, 8.6, 7.875],
			"rotation": {"angle": 0, "axis": "y", "origin": [7, 8, 7]},
			"faces": {
				"north": {"uv": [11.25, 0, 12.4375, 1.25], "rotation": 270, "texture": "#0"},
				"east": {"uv": [12.25, 0, 15.4375, 3.6875], "texture": "#0"},
				"south": {"uv": [11.22656, 0, 12.41992, 3.05714], "rotation": 90, "texture": "#0"},
				"west": {"uv": [12.25, 0, 15.4375, 3.1875], "rotation": 180, "texture": "#0"},
				"up": {"uv": [11.25, 0, 12.8125, 2.46429], "rotation": 90, "texture": "#0"},
				"down": {"uv": [11.25, 0, 12.4375, 1.25], "rotation": 90, "texture": "#0"}
			}
		},
		{
			"from": [2, 7.975, 7.25],
			"to": [4, 8.475, 7.75],
			"rotation": {"angle": 0, "axis": "y", "origin": [7, 8, 7]},
			"faces": {
				"north": {"uv": [11.25, 0, 12.04167, 2.5], "rotation": 270, "texture": "#0"},
				"east": {"uv": [12.25, 0, 15.375, 3.625], "texture": "#0"},
				"south": {"uv": [11.22656, 0, 12.02214, 5.11429], "rotation": 90, "texture": "#0"},
				"west": {"uv": [12.25, 0, 15.375, 3.125], "rotation": 180, "texture": "#0"},
				"up": {"uv": [11.25, 0, 12.45833, 3.42857], "rotation": 90, "texture": "#0"},
				"down": {"uv": [11.25, 0, 12.04167, 2.5], "rotation": 90, "texture": "#0"}
			}
		},
		{
			"from": [6, 7.5, 6.75],
			"to": [7, 9, 8.25],
			"rotation": {"angle": 0, "axis": "y", "origin": [7, 8, 7]},
			"faces": {
				"north": {"uv": [13.625, 0, 16, 1.25], "rotation": 270, "texture": "#0"},
				"east": {"uv": [12.625, 0, 16, 3.875], "texture": "#0"},
				"south": {"uv": [13.61328, 0, 16, 3.05714], "rotation": 90, "texture": "#0"},
				"west": {"uv": [12.625, 0, 16, 3.375], "rotation": 180, "texture": "#0"},
				"up": {"uv": [13.375, 0, 16, 2.46429], "rotation": 90, "texture": "#0"},
				"down": {"uv": [13.625, 0, 16, 1.25], "rotation": 90, "texture": "#0"}
			}
		}
	],
	"display": {
		"thirdperson_righthand": {
			"rotation": [68, 0, 0],
			"scale": [0.5, 0.5, 0.5]
		},
		"thirdperson_lefthand": {
			"rotation": [72.25, 0, 0],
			"translation": [2, 0, 11.75],
			"scale": [0.8, 0.8, 0.8]
		},
		"ground": {
			"rotation": [90, 0, 0],
			"translation": [0, -1.25, 0]
		},
		"gui": {
			"rotation": [0, 145, 0],
			"translation": [0, -4.5, 0]
		},
		"head": {
			"translation": [0, 10.75, 0]
		},
		"fixed": {
			"rotation": [-90, 0, 0],
			"translation": [0, 0, -6],
			"scale": [1.5, 1.5, 1.5]
		}
	},
	"groups": [
		{
			"name": "group",
			"origin": [7, 14, 7],
			"color": 0,
			"children": [0, 1, 2, 3, 4, 5, 6, 7, 8]
		},
		{
			"name": "group",
			"origin": [8, 8, 8],
			"color": 0,
			"children": [9, 10, 11, 12]
		},
		{
			"name": "group",
			"origin": [3, 3, 8],
			"color": 0,
			"children": [13, 14, 15, 16, 17]
		},
		{
			"name": "group",
			"origin": [13, 3, 8],
			"color": 0,
			"children": [18, 19, 20, 21, 22]
		},
		{
			"name": "group",
			"origin": [8, 3, 7],
			"color": 0,
			"children": [23, 24, 25, 26, 27]
		},
		{
			"name": "group",
			"origin": [8, 3, 7],
			"color": 0,
			"children": [28, 29, 30, 31, 32]
		}
	]
}